任务ID,优先级,任务状态,问题类型,供应商SKU,Wayfair Listing,产品名,SKU价值分层,促销准入,触发原因,建议动作,执行前检查,复盘指标,证据来源,证据链接,排序分
TASK-LFC-2W-PRICING-001,P0,待执行,定价,LFC-2W,DMOM1018,宽卡2抽白色,B,暂不促销,不建议提价：6月无成交，仅历史订单支撑；真实订单毛利率一般；历史存在0回款/异常订单；供货价竞争百分位偏高,不要先提Base（供货价竞争分位 0.71 偏高）；本SKU首要瓶颈是供货价（竞争分位 0.71）：优先谈拿货价或降包装/头程成本；先拆供应商可控项：拿货、包装、头程/发货成本，再查平台扣项是否异常；把0回款/TT订单从常规利润复盘中单独标记，避免误判定价,打开产品定价体检表，展开该 SKU 的 Total Cost 明细，确认 Base、前台价、平台空间和你的成本。,下次复盘看：平台空间率 22.9%→≥16%、Base/前台价 70%→≤72%、真实订单毛利率 21.8%→≥25%、供货价分位 0.71→≤0.70。,产品定价体检表,./Wayfair_产品定价体检表_20260605.html,95.0
TASK-MFC-D3-B-PRICING-001,P0,待执行,定价,MFC-D3-B,DMOM1022,3抽鹅颈活动柜黑色,B,禁止促销/先修复,不建议提价：6月成交样本不足；真实订单毛利率一般；历史存在0回款/异常订单；大促2B利润率低于12%；Base/前台价高于72%,不要先提Base（Base/前台价 75% 超 72% 红线）；先拆供应商可控项：拿货、包装、头程/发货成本，再查平台扣项是否异常；先拆供应商可控项：拿货、包装、头程/发货成本，再查平台扣项是否异常；禁止深折扣促销，当前促销利润不够；把0回款/TT订单从常规利润复盘中单独标记，避免误判定价,打开产品定价体检表，展开该 SKU 的 Total Cost 明细，确认 Base、前台价、平台空间和你的成本。,下次复盘看：平台空间率 18.3%→≥16%、Base/前台价 75%→≤72%、真实订单毛利率 22.0%→≥25%。,产品定价体检表,./Wayfair_产品定价体检表_20260605.html,95.0
TASK-MFC-D3-W-PRICING-001,P0,待执行,定价,MFC-D3-W,DMOM1022,3抽鹅颈活动柜白色,B,禁止促销/先修复,不建议提价：6月无成交，仅历史订单支撑；真实订单毛利率一般；历史存在0回款/异常订单；大促2B利润率低于12%；Base/前台价高于72%,不要先提Base（Base/前台价 74% 超 72% 红线）；先拆供应商可控项：拿货、包装、头程/发货成本，再查平台扣项是否异常；先拆供应商可控项：拿货、包装、头程/发货成本，再查平台扣项是否异常；禁止深折扣促销，当前促销利润不够；把0回款/TT订单从常规利润复盘中单独标记，避免误判定价,打开产品定价体检表，展开该 SKU 的 Total Cost 明细，确认 Base、前台价、平台空间和你的成本。,下次复盘看：平台空间率 19.3%→≥16%、Base/前台价 74%→≤72%、真实订单毛利率 19.3%→≥25%。,产品定价体检表,./Wayfair_产品定价体检表_20260605.html,95.0
TASK-VF-ZH-4B-PRICING-001,P0,待执行,定价,VF-ZH-4B,DMOM1029,4抽窄卡组合柜-黑,C,禁止促销/先修复,不建议提价：6月无成交，仅历史订单支撑；真实订单毛利率一般；大促2B利润率低于12%；Base/前台价高于72%,不要先提Base（Base/前台价 72% 超 72% 红线）；先拆供应商可控项：拿货、包装、头程/发货成本，再查平台扣项是否异常；先拆供应商可控项：拿货、包装、头程/发货成本，再查平台扣项是否异常；禁止深折扣促销，当前促销利润不够,打开产品定价体检表，展开该 SKU 的 Total Cost 明细，确认 Base、前台价、平台空间和你的成本。,下次复盘看：平台空间率 21.7%→≥16%、Base/前台价 72%→≤72%、真实订单毛利率 23.5%→≥25%。,产品定价体检表,./Wayfair_产品定价体检表_20260605.html,95.0
TASK-5T-1830-1200-PROMO-001,P0,待执行,促销,5T-1830-1200,DMOM1000,,B,禁止促销/先修复,TAG不足80%,不要进深折扣促销；先处理利润、客诉、库存或 Listing 承接问题。,先看 SKU 分层与促销准入清单，再看定价体检和库存映射。,下次复盘看：促销期订单、促销后毛利、是否出现客诉或退货异常。,SKU 分层与促销准入清单,./Wayfair_6月SKU分层与促销准入清单_20260604.html,92.0
TASK-5T-1980-1200-PROMO-001,P0,待执行,促销,5T-1980-1200,DMOM1000,,A,禁止促销/先修复,TAG不足80%,不要进深折扣促销；先处理利润、客诉、库存或 Listing 承接问题。,先看 SKU 分层与促销准入清单，再看定价体检和库存映射。,下次复盘看：促销期订单、促销后毛利、是否出现客诉或退货异常。,SKU 分层与促销准入清单,./Wayfair_6月SKU分层与促销准入清单_20260604.html,92.0
TASK-5T-dong-183-120-PROMO-001,P0,待执行,促销,5T-dong-183-120,DMOM1015,,C,禁止促销/先修复,卖家历史净毛利率低于15%；TAG不足80%；可售率RED,不要进深折扣促销；先处理利润、客诉、库存或 Listing 承接问题。,先看 SKU 分层与促销准入清单，再看定价体检和库存映射。,下次复盘看：促销期订单、促销后毛利、是否出现客诉或退货异常。,SKU 分层与促销准入清单,./Wayfair_6月SKU分层与促销准入清单_20260604.html,92.0
TASK-6T-2095-122-PROMO-001,P0,待执行,促销,6T-2095-122,DMOM1000,,B,禁止促销/先修复,TAG不足80%；历史深折扣促销未提升,不要进深折扣促销；先处理利润、客诉、库存或 Listing 承接问题。,先看 SKU 分层与促销准入清单，再看定价体检和库存映射。,下次复盘看：促销期订单、促销后毛利、是否出现客诉或退货异常。,SKU 分层与促销准入清单,./Wayfair_6月SKU分层与促销准入清单_20260604.html,92.0
TASK-LFC-2W-680-PROMO-001,P0,待执行,促销,LFC-2W-680,DMOM1021,,A,禁止促销/先修复,可售率RED,不要进深折扣促销；先处理利润、客诉、库存或 Listing 承接问题。,先看 SKU 分层与促销准入清单，再看定价体检和库存映射。,下次复盘看：促销期订单、促销后毛利、是否出现客诉或退货异常。,SKU 分层与促销准入清单,./Wayfair_6月SKU分层与促销准入清单_20260604.html,92.0
TASK-LFC-4B-PROMO-001,P0,待执行,促销,LFC-4B,DMOM1027,,B,禁止促销/先修复,评分低于4.0,不要进深折扣促销；先处理利润、客诉、库存或 Listing 承接问题。,先看 SKU 分层与促销准入清单，再看定价体检和库存映射。,下次复盘看：促销期订单、促销后毛利、是否出现客诉或退货异常。,SKU 分层与促销准入清单,./Wayfair_6月SKU分层与促销准入清单_20260604.html,92.0
TASK-MFC-D2-B-PROMO-001,P0,待执行,促销,MFC-D2-B,DMOM1020,,B,禁止促销/先修复,TAG不足80%；可售率RED,不要进深折扣促销；先处理利润、客诉、库存或 Listing 承接问题。,先看 SKU 分层与促销准入清单，再看定价体检和库存映射。,下次复盘看：促销期订单、促销后毛利、是否出现客诉或退货异常。,SKU 分层与促销准入清单,./Wayfair_6月SKU分层与促销准入清单_20260604.html,92.0
TASK-MFC-D2-W-PROMO-001,P0,待执行,促销,MFC-D2-W,DMOM1020,,B,禁止促销/先修复,TAG不足80%,不要进深折扣促销；先处理利润、客诉、库存或 Listing 承接问题。,先看 SKU 分层与促销准入清单，再看定价体检和库存映射。,下次复盘看：促销期订单、促销后毛利、是否出现客诉或退货异常。,SKU 分层与促销准入清单,./Wayfair_6月SKU分层与促销准入清单_20260604.html,92.0
TASK-MFC-D3-B-PROMO-001,P0,待执行,促销,MFC-D3-B,DMOM1022,,B,禁止促销/先修复,TAG不足80%,不要进深折扣促销；先处理利润、客诉、库存或 Listing 承接问题。,先看 SKU 分层与促销准入清单，再看定价体检和库存映射。,下次复盘看：促销期订单、促销后毛利、是否出现客诉或退货异常。,SKU 分层与促销准入清单,./Wayfair_6月SKU分层与促销准入清单_20260604.html,92.0
TASK-MFC-D3-W-PROMO-001,P0,待执行,促销,MFC-D3-W,DMOM1022,,B,禁止促销/先修复,TAG不足80%,不要进深折扣促销；先处理利润、客诉、库存或 Listing 承接问题。,先看 SKU 分层与促销准入清单，再看定价体检和库存映射。,下次复盘看：促销期订单、促销后毛利、是否出现客诉或退货异常。,SKU 分层与促销准入清单,./Wayfair_6月SKU分层与促销准入清单_20260604.html,92.0
TASK-VF-ZH-4B-PROMO-001,P0,待执行,促销,VF-ZH-4B,DMOM1029,,C,禁止促销/先修复,评分低于4.0,不要进深折扣促销；先处理利润、客诉、库存或 Listing 承接问题。,先看 SKU 分层与促销准入清单，再看定价体检和库存映射。,下次复盘看：促销期订单、促销后毛利、是否出现客诉或退货异常。,SKU 分层与促销准入清单,./Wayfair_6月SKU分层与促销准入清单_20260604.html,92.0
TASK-VF-ZH-4W-PROMO-001,P0,待执行,促销,VF-ZH-4W,DMOM1029,,C,禁止促销/先修复,评分低于4.0,不要进深折扣促销；先处理利润、客诉、库存或 Listing 承接问题。,先看 SKU 分层与促销准入清单，再看定价体检和库存映射。,下次复盘看：促销期订单、促销后毛利、是否出现客诉或退货异常。,SKU 分层与促销准入清单,./Wayfair_6月SKU分层与促销准入清单_20260604.html,92.0
TASK-VFC-3B-PROMO-001,P0,待执行,促销,VFC-3B,DMOM1019,,C,禁止促销/先修复,TAG不足80%；历史深折扣促销未提升,不要进深折扣促销；先处理利润、客诉、库存或 Listing 承接问题。,先看 SKU 分层与促销准入清单，再看定价体检和库存映射。,下次复盘看：促销期订单、促销后毛利、是否出现客诉或退货异常。,SKU 分层与促销准入清单,./Wayfair_6月SKU分层与促销准入清单_20260604.html,92.0
TASK-VFC-3W-PROMO-001,P0,待执行,促销,VFC-3W,DMOM1019,,B,禁止促销/先修复,TAG不足80%,不要进深折扣促销；先处理利润、客诉、库存或 Listing 承接问题。,先看 SKU 分层与促销准入清单，再看定价体检和库存映射。,下次复盘看：促销期订单、促销后毛利、是否出现客诉或退货异常。,SKU 分层与促销准入清单,./Wayfair_6月SKU分层与促销准入清单_20260604.html,92.0
TASK-VFC-4B-PROMO-001,P0,待执行,促销,VFC-4B,DMOM1023,,C,禁止促销/先修复,卖家历史净毛利率低于15%；历史深折扣促销未提升,不要进深折扣促销；先处理利润、客诉、库存或 Listing 承接问题。,先看 SKU 分层与促销准入清单，再看定价体检和库存映射。,下次复盘看：促销期订单、促销后毛利、是否出现客诉或退货异常。,SKU 分层与促销准入清单,./Wayfair_6月SKU分层与促销准入清单_20260604.html,92.0
TASK-5T-dong-183-120-PRICING-001,P0,待执行,定价,5T-dong-183-120,DMOM1015,1830-1200-600-洞洞板,C,禁止促销/先修复,先修成本：6月无成交，仅历史订单支撑；真实订单毛利率低于15%；历史存在0回款/异常订单；大促2B利润率低于12%；发货成本竞争百分位偏高；客诉退货竞争百分位偏高,先复核供应商可控成本与平台不可控扣项，不进大促（毛利率 11.5%、平台空间率 22.0%）；优先复核包裹尺寸、发货方式、仓库位置；回看Customer Feedback/退货原因，修说明、包装或质量；禁止深折扣促销，当前促销利润不够；把0回款/TT订单从常规利润复盘中单独标记，避免误判定价,打开产品定价体检表，展开该 SKU 的 Total Cost 明细，确认 Base、前台价、平台空间和你的成本。,下次复盘看：平台空间率 22.0%→≥16%、Base/前台价 67%→≤72%、真实订单毛利率 11.5%→≥25%、发货成本分位 0.79→≤0.70。,产品定价体检表,./Wayfair_产品定价体检表_20260605.html,88.0
TASK-VFC-4B-PRICING-001,P0,待执行,定价,VFC-4B,DMOM1023,窄卡4抽黑色,C,禁止促销/先修复,先修成本：6月无成交，仅历史订单支撑；真实订单毛利率一般；历史存在0回款/异常订单；YB客诉扣款有记录；大促2B利润率低于12%,先复核供应商可控成本与平台不可控扣项，不进大促（毛利率 18.3%、平台空间率 22.3%）；禁止深折扣促销，当前促销利润不够；把0回款/TT订单从常规利润复盘中单独标记，避免误判定价；先复盘客诉扣款原因，再决定是否促销或放量,打开产品定价体检表，展开该 SKU 的 Total Cost 明细，确认 Base、前台价、平台空间和你的成本。,下次复盘看：平台空间率 22.3%→≥16%、Base/前台价 70%→≤72%、真实订单毛利率 18.3%→≥25%。,产品定价体检表,./Wayfair_产品定价体检表_20260605.html,88.0
TASK-2T-Kayak-PROMO-001,P1,待执行,促销,2T-Kayak,DMOM1001,,C,禁止促销/先修复,评分低于4.0；可售率RED；综合经营优先级为 P1，按店铺价值降级处理,不要进深折扣促销；先处理利润、客诉、库存或 Listing 承接问题。,先看 SKU 分层与促销准入清单，再看定价体检和库存映射。,下次复盘看：促销期订单、促销后毛利、是否出现客诉或退货异常。,SKU 分层与促销准入清单,./Wayfair_6月SKU分层与促销准入清单_20260604.html,78.0
TASK-3T-B-PROMO-001,P1,待执行,促销,3T-B,DMOM1017,,C,禁止促销/先修复,TAG不足80%；历史深折扣促销未提升；综合经营优先级为 P1，按店铺价值降级处理,不要进深折扣促销；先处理利润、客诉、库存或 Listing 承接问题。,先看 SKU 分层与促销准入清单，再看定价体检和库存映射。,下次复盘看：促销期订单、促销后毛利、是否出现客诉或退货异常。,SKU 分层与促销准入清单,./Wayfair_6月SKU分层与促销准入清单_20260604.html,78.0
TASK-3T-B-PRICING-001,P1,待执行,定价,3T-B,DMOM1017,3层置物架-黑,C,禁止促销/先修复,先修成本：6月成交样本不足；大促2B利润率低于12%；平台空间偏低；Base/前台价高于72%；综合经营优先级为 P1，按店铺价值降级处理,先复核供应商可控成本与平台不可控扣项，不进大促（毛利率 25.7%、平台空间率 13.8%）；禁止深折扣促销，当前促销利润不够,打开产品定价体检表，展开该 SKU 的 Total Cost 明细，确认 Base、前台价、平台空间和你的成本。,下次复盘看：平台空间率 13.8%→≥16%、Base/前台价 76%→≤72%、真实订单毛利率 25.7%→≥25%。,产品定价体检表,./Wayfair_产品定价体检表_20260605.html,78.0
TASK-3T-Kayak-PROMO-001,P1,待执行,促销,3T-Kayak,DMOM1004,,C,禁止促销/先修复,可售率RED；综合经营优先级为 P1，按店铺价值降级处理,不要进深折扣促销；先处理利润、客诉、库存或 Listing 承接问题。,先看 SKU 分层与促销准入清单，再看定价体检和库存映射。,下次复盘看：促销期订单、促销后毛利、是否出现客诉或退货异常。,SKU 分层与促销准入清单,./Wayfair_6月SKU分层与促销准入清单_20260604.html,78.0
TASK-3T-W-PROMO-001,P1,待执行,促销,3T-W,DMOM1017,,C,禁止促销/先修复,卖家历史净毛利率低于15%；TAG不足80%；历史深折扣促销未提升；综合经营优先级为 P1，按店铺价值降级处理,不要进深折扣促销；先处理利润、客诉、库存或 Listing 承接问题。,先看 SKU 分层与促销准入清单，再看定价体检和库存映射。,下次复盘看：促销期订单、促销后毛利、是否出现客诉或退货异常。,SKU 分层与促销准入清单,./Wayfair_6月SKU分层与促销准入清单_20260604.html,78.0
TASK-3T-W-PRICING-001,P1,待执行,定价,3T-W,DMOM1017,3层置物架-白,C,禁止促销/先修复,先修成本：YB客诉扣款有记录；大促2B利润率低于12%；平台空间偏低；Base/前台价高于72%；综合经营优先级为 P1，按店铺价值降级处理,先复核供应商可控成本与平台不可控扣项，不进大促（毛利率 25.7%、平台空间率 13.6%）；禁止深折扣促销，当前促销利润不够；先复盘客诉扣款原因，再决定是否促销或放量,打开产品定价体检表，展开该 SKU 的 Total Cost 明细，确认 Base、前台价、平台空间和你的成本。,下次复盘看：平台空间率 13.6%→≥16%、Base/前台价 75%→≤72%、真实订单毛利率 25.7%→≥25%。,产品定价体检表,./Wayfair_产品定价体检表_20260605.html,78.0
TASK-5T-1600-800-PROMO-001,P1,待执行,促销,5T-1600-800,DMOM1000,,C,禁止促销/先修复,TAG不足80%；综合经营优先级为 P1，按店铺价值降级处理,不要进深折扣促销；先处理利润、客诉、库存或 Listing 承接问题。,先看 SKU 分层与促销准入清单，再看定价体检和库存映射。,下次复盘看：促销期订单、促销后毛利、是否出现客诉或退货异常。,SKU 分层与促销准入清单,./Wayfair_6月SKU分层与促销准入清单_20260604.html,78.0
TASK-5T-1830-900-PROMO-001,P1,待执行,促销,5T-1830-900,DMOM1000,,C,禁止促销/先修复,TAG不足80%；综合经营优先级为 P1，按店铺价值降级处理,不要进深折扣促销；先处理利润、客诉、库存或 Listing 承接问题。,先看 SKU 分层与促销准入清单，再看定价体检和库存映射。,下次复盘看：促销期订单、促销后毛利、是否出现客诉或退货异常。,SKU 分层与促销准入清单,./Wayfair_6月SKU分层与促销准入清单_20260604.html,78.0
TASK-5T-Niudun-PROMO-001,P1,待执行,促销,5T-Niudun,DMOM1005,,C,禁止促销/先修复,可售率RED；综合经营优先级为 P1，按店铺价值降级处理,不要进深折扣促销；先处理利润、客诉、库存或 Listing 承接问题。,先看 SKU 分层与促销准入清单，再看定价体检和库存映射。,下次复盘看：促销期订单、促销后毛利、是否出现客诉或退货异常。,SKU 分层与促销准入清单,./Wayfair_6月SKU分层与促销准入清单_20260604.html,78.0
TASK-5T-Niudun-PRICING-001,P1,待执行,定价,5T-Niudun,DMOM1005,,C,禁止促销/先修复,不建议提价：6月无成交，仅历史订单支撑；真实订单毛利率一般；Base/前台价高于72%；发货成本竞争百分位偏高；综合经营优先级为 P1，按店铺价值降级处理,不要先提Base（Base/前台价 98% 超 72% 红线）；本SKU首要瓶颈是发货成本（竞争分位 0.76）：优先复核包裹尺寸、发货方式、仓库位置；先拆供应商可控项：拿货、包装、头程/发货成本，再查平台扣项是否异常；优先复核包裹尺寸、发货方式、仓库位置,打开产品定价体检表，展开该 SKU 的 Total Cost 明细，确认 Base、前台价、平台空间和你的成本。,下次复盘看：平台空间率 23.3%→≥16%、Base/前台价 98%→≤72%、真实订单毛利率 18.2%→≥25%、发货成本分位 0.76→≤0.70。,产品定价体检表,./Wayfair_产品定价体检表_20260605.html,78.0
TASK-5T-dong-198-120-PROMO-001,P1,待执行,促销,5T-dong-198-120,DMOM1015,,C,禁止促销/先修复,卖家历史净毛利率低于15%；TAG不足80%；可售率RED；综合经营优先级为 P1，按店铺价值降级处理,不要进深折扣促销；先处理利润、客诉、库存或 Listing 承接问题。,先看 SKU 分层与促销准入清单，再看定价体检和库存映射。,下次复盘看：促销期订单、促销后毛利、是否出现客诉或退货异常。,SKU 分层与促销准入清单,./Wayfair_6月SKU分层与促销准入清单_20260604.html,78.0
TASK-5T-dong-198-120-PRICING-001,P1,待执行,定价,5T-dong-198-120,DMOM1015,1980-1200-457-洞洞板,C,禁止促销/先修复,先修成本：6月无成交，仅历史订单支撑；真实订单毛利率低于15%；历史存在0回款/异常订单；客诉退货竞争百分位偏高；综合经营优先级为 P1，按店铺价值降级处理,先复核供应商可控成本与平台不可控扣项，不进大促（毛利率 -4.5%、平台空间率 22.0%）；回看Customer Feedback/退货原因，修说明、包装或质量；把0回款/TT订单从常规利润复盘中单独标记，避免误判定价,打开产品定价体检表，展开该 SKU 的 Total Cost 明细，确认 Base、前台价、平台空间和你的成本。,下次复盘看：平台空间率 22.0%→≥16%、Base/前台价 67%→≤72%、真实订单毛利率 -4.5%→≥25%。,产品定价体检表,./Wayfair_产品定价体检表_20260605.html,78.0
TASK-5T-wangge-PROMO-001,P1,待执行,促销,5T-wangge,DMOM1016,,C,禁止促销/先修复,卖家历史净毛利率低于15%；TAG不足80%；综合经营优先级为 P1，按店铺价值降级处理,不要进深折扣促销；先处理利润、客诉、库存或 Listing 承接问题。,先看 SKU 分层与促销准入清单，再看定价体检和库存映射。,下次复盘看：促销期订单、促销后毛利、是否出现客诉或退货异常。,SKU 分层与促销准入清单,./Wayfair_6月SKU分层与促销准入清单_20260604.html,78.0
TASK-5T-wangge-PRICING-001,P1,待执行,定价,5T-wangge,DMOM1016,网格货架,C,禁止促销/先修复,先修成本：6月无成交，仅历史订单支撑；真实订单毛利率低于15%；历史存在0回款/异常订单；客诉退货竞争百分位偏高；综合经营优先级为 P1，按店铺价值降级处理,先复核供应商可控成本与平台不可控扣项，不进大促（毛利率 0.0%、平台空间率 22.0%）；回看Customer Feedback/退货原因，修说明、包装或质量；把0回款/TT订单从常规利润复盘中单独标记，避免误判定价,打开产品定价体检表，展开该 SKU 的 Total Cost 明细，确认 Base、前台价、平台空间和你的成本。,下次复盘看：平台空间率 22.0%→≥16%、Base/前台价 70%→≤72%、真实订单毛利率 0.0%→≥25%。,产品定价体检表,./Wayfair_产品定价体检表_20260605.html,78.0
TASK-LFC-4W-PROMO-001,P1,待执行,促销,LFC-4W,DMOM1027,,C,禁止促销/先修复,评分低于4.0；历史深折扣促销未提升；综合经营优先级为 P1，按店铺价值降级处理,不要进深折扣促销；先处理利润、客诉、库存或 Listing 承接问题。,先看 SKU 分层与促销准入清单，再看定价体检和库存映射。,下次复盘看：促销期订单、促销后毛利、是否出现客诉或退货异常。,SKU 分层与促销准入清单,./Wayfair_6月SKU分层与促销准入清单_20260604.html,78.0
TASK-LFC-4W-PRICING-001,P1,待执行,定价,LFC-4W,DMOM1027,宽卡4抽白色,C,禁止促销/先修复,不建议提价：6月无成交，仅历史订单支撑；真实订单毛利率一般；历史存在0回款/异常订单；供货价竞争百分位偏高；综合经营优先级为 P1，按店铺价值降级处理,不要先提Base（供货价竞争分位 0.76 偏高）；本SKU首要瓶颈是供货价（竞争分位 0.76）：优先谈拿货价或降包装/头程成本；先拆供应商可控项：拿货、包装、头程/发货成本，再查平台扣项是否异常；把0回款/TT订单从常规利润复盘中单独标记，避免误判定价,打开产品定价体检表，展开该 SKU 的 Total Cost 明细，确认 Base、前台价、平台空间和你的成本。,下次复盘看：平台空间率 22.3%→≥16%、Base/前台价 71%→≤72%、真实订单毛利率 20.7%→≥25%、供货价分位 0.76→≤0.70。,产品定价体检表,./Wayfair_产品定价体检表_20260605.html,78.0
TASK-LFC-5B-PROMO-001,P1,待执行,促销,LFC-5B,DMOM1024,,C,禁止促销/先修复,可售率RED；综合经营优先级为 P1，按店铺价值降级处理,不要进深折扣促销；先处理利润、客诉、库存或 Listing 承接问题。,先看 SKU 分层与促销准入清单，再看定价体检和库存映射。,下次复盘看：促销期订单、促销后毛利、是否出现客诉或退货异常。,SKU 分层与促销准入清单,./Wayfair_6月SKU分层与促销准入清单_20260604.html,78.0
TASK-LFC-5B-PRICING-001,P1,待执行,定价,LFC-5B,DMOM1024,宽卡5抽黑色,C,禁止促销/先修复,不建议提价：成交样本不足；真实订单毛利率一般；大促2B利润率低于12%；供货价竞争百分位偏高；发货成本竞争百分位偏高；综合经营优先级为 P1，按店铺价值降级处理,不要先提Base（供货价竞争分位 0.73 偏高）；本SKU首要瓶颈是发货成本（竞争分位 0.73）：优先复核包裹尺寸、发货方式、仓库位置；先拆供应商可控项：拿货、包装、头程/发货成本，再查平台扣项是否异常；优先复核包裹尺寸、发货方式、仓库位置；禁止深折扣促销，当前促销利润不够,打开产品定价体检表，展开该 SKU 的 Total Cost 明细，确认 Base、前台价、平台空间和你的成本。,下次复盘看：平台空间率 21.5%→≥16%、Base/前台价 70%→≤72%、真实订单毛利率 24.0%→≥25%、发货成本分位 0.73→≤0.70、供货价分位 0.73→≤0.70。,产品定价体检表,./Wayfair_产品定价体检表_20260605.html,78.0
TASK-LFC-5W-PROMO-001,P1,待执行,促销,LFC-5W,DMOM1024,,C,禁止促销/先修复,可售率RED；综合经营优先级为 P1，按店铺价值降级处理,不要进深折扣促销；先处理利润、客诉、库存或 Listing 承接问题。,先看 SKU 分层与促销准入清单，再看定价体检和库存映射。,下次复盘看：促销期订单、促销后毛利、是否出现客诉或退货异常。,SKU 分层与促销准入清单,./Wayfair_6月SKU分层与促销准入清单_20260604.html,78.0
TASK-LFC-5W-PRICING-001,P1,待执行,定价,LFC-5W,DMOM1024,宽卡5抽白色,C,禁止促销/先修复,不建议提价：成交样本不足；真实订单毛利率一般；历史存在0回款/异常订单；大促2B利润率低于12%；供货价竞争百分位偏高；综合经营优先级为 P1，按店铺价值降级处理,不要先提Base（供货价竞争分位 0.73 偏高）；本SKU首要瓶颈是供货价（竞争分位 0.73）：优先谈拿货价或降包装/头程成本；先拆供应商可控项：拿货、包装、头程/发货成本，再查平台扣项是否异常；禁止深折扣促销，当前促销利润不够；把0回款/TT订单从常规利润复盘中单独标记，避免误判定价,打开产品定价体检表，展开该 SKU 的 Total Cost 明细，确认 Base、前台价、平台空间和你的成本。,下次复盘看：平台空间率 20.9%→≥16%、Base/前台价 72%→≤72%、真实订单毛利率 24.0%→≥25%、供货价分位 0.73→≤0.70。,产品定价体检表,./Wayfair_产品定价体检表_20260605.html,78.0
TASK-VFC-2W-PROMO-001,P1,待执行,促销,VFC-2W,DMOM1026,,C,禁止促销/先修复,卖家历史净毛利率低于15%；综合经营优先级为 P1，按店铺价值降级处理,不要进深折扣促销；先处理利润、客诉、库存或 Listing 承接问题。,先看 SKU 分层与促销准入清单，再看定价体检和库存映射。,下次复盘看：促销期订单、促销后毛利、是否出现客诉或退货异常。,SKU 分层与促销准入清单,./Wayfair_6月SKU分层与促销准入清单_20260604.html,78.0
TASK-VFC-2W-PRICING-001,P1,待执行,定价,VFC-2W,DMOM1026,窄卡2抽白色,C,禁止促销/先修复,先修成本：6月无成交，仅历史订单支撑；真实订单毛利率低于15%；历史存在0回款/异常订单；大促2B利润率低于12%；综合经营优先级为 P1，按店铺价值降级处理,先复核供应商可控成本与平台不可控扣项，不进大促（毛利率 4.6%、平台空间率 22.8%）；禁止深折扣促销，当前促销利润不够；把0回款/TT订单从常规利润复盘中单独标记，避免误判定价,打开产品定价体检表，展开该 SKU 的 Total Cost 明细，确认 Base、前台价、平台空间和你的成本。,下次复盘看：平台空间率 22.8%→≥16%、Base/前台价 67%→≤72%、真实订单毛利率 4.6%→≥25%。,产品定价体检表,./Wayfair_产品定价体检表_20260605.html,78.0
TASK-VFC-4W-PROMO-001,P1,待执行,促销,VFC-4W,DMOM1023,,C,禁止促销/先修复,卖家历史净毛利率低于15%；历史深折扣促销未提升；综合经营优先级为 P1，按店铺价值降级处理,不要进深折扣促销；先处理利润、客诉、库存或 Listing 承接问题。,先看 SKU 分层与促销准入清单，再看定价体检和库存映射。,下次复盘看：促销期订单、促销后毛利、是否出现客诉或退货异常。,SKU 分层与促销准入清单,./Wayfair_6月SKU分层与促销准入清单_20260604.html,78.0
TASK-VFC-4W-PRICING-001,P1,待执行,定价,VFC-4W,DMOM1023,窄卡4抽白色,C,禁止促销/先修复,先修成本：6月无成交，仅历史订单支撑；真实订单毛利率低于15%；历史存在0回款/异常订单；大促2B利润率低于12%；综合经营优先级为 P1，按店铺价值降级处理,先复核供应商可控成本与平台不可控扣项，不进大促（毛利率 -1.7%、平台空间率 22.3%）；禁止深折扣促销，当前促销利润不够；把0回款/TT订单从常规利润复盘中单独标记，避免误判定价,打开产品定价体检表，展开该 SKU 的 Total Cost 明细，确认 Base、前台价、平台空间和你的成本。,下次复盘看：平台空间率 22.3%→≥16%、Base/前台价 70%→≤72%、真实订单毛利率 -1.7%→≥25%。,产品定价体检表,./Wayfair_产品定价体检表_20260605.html,78.0
TASK-LFC-2W-PROMO-001,P1,待执行,促销,LFC-2W,DMOM1018,,B,暂不促销,利润/平台空间/承接未完全通过,暂不报名促销；先确认库存、利润和 Listing 承接。,先看 SKU 分层与促销准入清单，再看定价体检和库存映射。,下次复盘看：促销期订单、促销后毛利、是否出现客诉或退货异常。,SKU 分层与促销准入清单,./Wayfair_6月SKU分层与促销准入清单_20260604.html,70.0
TASK-VFC-5B-PROMO-001,P1,待执行,促销,VFC-5B,DMOM1028,,C,暂不促销,利润/平台空间/承接未完全通过,暂不报名促销；先确认库存、利润和 Listing 承接。,先看 SKU 分层与促销准入清单，再看定价体检和库存映射。,下次复盘看：促销期订单、促销后毛利、是否出现客诉或退货异常。,SKU 分层与促销准入清单,./Wayfair_6月SKU分层与促销准入清单_20260604.html,70.0
TASK-LFC-2B-680-LISTING-001,P1,待执行,Listing,LFC-2B-680,DMOM1021,,A,可参加5%-10%轻促,Review 数 11 低于 20；客户反馈出现 Damage / Missing / Defect 类问题,先修 Listing 承接：补必填 TAG、补图片/说明、复盘差评和客诉原因。,打开 SKU 分层与促销准入清单，查看 TAG、图片、客户反馈和促销准入。,下次复盘看：Unique Visits、CVR、Review Count、Feedback Damage 数。,Detailed Listing Health / Customer Feedback,./Wayfair_6月SKU分层与促销准入清单_20260604.html,69.0
TASK-2T-Kayak-LISTING-001,P1,待执行,Listing,2T-Kayak,DMOM1001,,C,禁止促销/先修复,Review 数 2 低于 20,先修 Listing 承接：补必填 TAG、补图片/说明、复盘差评和客诉原因。,打开 SKU 分层与促销准入清单，查看 TAG、图片、客户反馈和促销准入。,下次复盘看：Unique Visits、CVR、Review Count、Feedback Damage 数。,Detailed Listing Health / Customer Feedback,./Wayfair_6月SKU分层与促销准入清单_20260604.html,68.0
TASK-3T-B-LISTING-001,P1,待执行,Listing,3T-B,DMOM1017,,C,禁止促销/先修复,Required Tags 覆盖率 72.2% 低于 80%；Review 数 1 低于 20,先修 Listing 承接：补必填 TAG、补图片/说明、复盘差评和客诉原因。,打开 SKU 分层与促销准入清单，查看 TAG、图片、客户反馈和促销准入。,下次复盘看：Unique Visits、CVR、Review Count、Feedback Damage 数。,Detailed Listing Health / Customer Feedback,./Wayfair_6月SKU分层与促销准入清单_20260604.html,68.0
TASK-3T-W-LISTING-001,P1,待执行,Listing,3T-W,DMOM1017,,C,禁止促销/先修复,Required Tags 覆盖率 72.2% 低于 80%；Review 数 1 低于 20,先修 Listing 承接：补必填 TAG、补图片/说明、复盘差评和客诉原因。,打开 SKU 分层与促销准入清单，查看 TAG、图片、客户反馈和促销准入。,下次复盘看：Unique Visits、CVR、Review Count、Feedback Damage 数。,Detailed Listing Health / Customer Feedback,./Wayfair_6月SKU分层与促销准入清单_20260604.html,68.0
TASK-4T-Kayak-LISTING-001,P1,待执行,Listing,4T-Kayak,DMOM1003,,A,可参加5%-10%轻促,Review 数 2 低于 20,先修 Listing 承接：补必填 TAG、补图片/说明、复盘差评和客诉原因。,打开 SKU 分层与促销准入清单，查看 TAG、图片、客户反馈和促销准入。,下次复盘看：Unique Visits、CVR、Review Count、Feedback Damage 数。,Detailed Listing Health / Customer Feedback,./Wayfair_6月SKU分层与促销准入清单_20260604.html,68.0
TASK-5T-1600-800-LISTING-001,P1,待执行,Listing,5T-1600-800,DMOM1000,,C,禁止促销/先修复,Required Tags 覆盖率 75.0% 低于 80%；Review 数 8 低于 20,先修 Listing 承接：补必填 TAG、补图片/说明、复盘差评和客诉原因。,打开 SKU 分层与促销准入清单，查看 TAG、图片、客户反馈和促销准入。,下次复盘看：Unique Visits、CVR、Review Count、Feedback Damage 数。,Detailed Listing Health / Customer Feedback,./Wayfair_6月SKU分层与促销准入清单_20260604.html,68.0
TASK-5T-1830-1200-LISTING-001,P1,待执行,Listing,5T-1830-1200,DMOM1000,,B,禁止促销/先修复,Required Tags 覆盖率 75.0% 低于 80%；Review 数 8 低于 20,先修 Listing 承接：补必填 TAG、补图片/说明、复盘差评和客诉原因。,打开 SKU 分层与促销准入清单，查看 TAG、图片、客户反馈和促销准入。,下次复盘看：Unique Visits、CVR、Review Count、Feedback Damage 数。,Detailed Listing Health / Customer Feedback,./Wayfair_6月SKU分层与促销准入清单_20260604.html,68.0
TASK-5T-1830-900-LISTING-001,P1,待执行,Listing,5T-1830-900,DMOM1000,,C,禁止促销/先修复,Required Tags 覆盖率 75.0% 低于 80%；Review 数 8 低于 20,先修 Listing 承接：补必填 TAG、补图片/说明、复盘差评和客诉原因。,打开 SKU 分层与促销准入清单，查看 TAG、图片、客户反馈和促销准入。,下次复盘看：Unique Visits、CVR、Review Count、Feedback Damage 数。,Detailed Listing Health / Customer Feedback,./Wayfair_6月SKU分层与促销准入清单_20260604.html,68.0
TASK-5T-1980-1200-LISTING-001,P1,待执行,Listing,5T-1980-1200,DMOM1000,,A,禁止促销/先修复,Required Tags 覆盖率 75.0% 低于 80%；Review 数 8 低于 20,先修 Listing 承接：补必填 TAG、补图片/说明、复盘差评和客诉原因。,打开 SKU 分层与促销准入清单，查看 TAG、图片、客户反馈和促销准入。,下次复盘看：Unique Visits、CVR、Review Count、Feedback Damage 数。,Detailed Listing Health / Customer Feedback,./Wayfair_6月SKU分层与促销准入清单_20260604.html,68.0
TASK-5T-dong-183-120-LISTING-001,P1,待执行,Listing,5T-dong-183-120,DMOM1015,,C,禁止促销/先修复,Required Tags 覆盖率 75.0% 低于 80%；Review 数 6 低于 20,先修 Listing 承接：补必填 TAG、补图片/说明、复盘差评和客诉原因。,打开 SKU 分层与促销准入清单，查看 TAG、图片、客户反馈和促销准入。,下次复盘看：Unique Visits、CVR、Review Count、Feedback Damage 数。,Detailed Listing Health / Customer Feedback,./Wayfair_6月SKU分层与促销准入清单_20260604.html,68.0
TASK-5T-dong-198-120-LISTING-001,P1,待执行,Listing,5T-dong-198-120,DMOM1015,,C,禁止促销/先修复,Required Tags 覆盖率 75.0% 低于 80%；Review 数 6 低于 20,先修 Listing 承接：补必填 TAG、补图片/说明、复盘差评和客诉原因。,打开 SKU 分层与促销准入清单，查看 TAG、图片、客户反馈和促销准入。,下次复盘看：Unique Visits、CVR、Review Count、Feedback Damage 数。,Detailed Listing Health / Customer Feedback,./Wayfair_6月SKU分层与促销准入清单_20260604.html,68.0
TASK-5T-wangge-LISTING-001,P1,待执行,Listing,5T-wangge,DMOM1016,,C,禁止促销/先修复,Required Tags 覆盖率 75.0% 低于 80%；Review 数 3 低于 20,先修 Listing 承接：补必填 TAG、补图片/说明、复盘差评和客诉原因。,打开 SKU 分层与促销准入清单，查看 TAG、图片、客户反馈和促销准入。,下次复盘看：Unique Visits、CVR、Review Count、Feedback Damage 数。,Detailed Listing Health / Customer Feedback,./Wayfair_6月SKU分层与促销准入清单_20260604.html,68.0
TASK-6T-2095-122-LISTING-001,P1,待执行,Listing,6T-2095-122,DMOM1000,,B,禁止促销/先修复,Required Tags 覆盖率 75.0% 低于 80%；Review 数 8 低于 20,先修 Listing 承接：补必填 TAG、补图片/说明、复盘差评和客诉原因。,打开 SKU 分层与促销准入清单，查看 TAG、图片、客户反馈和促销准入。,下次复盘看：Unique Visits、CVR、Review Count、Feedback Damage 数。,Detailed Listing Health / Customer Feedback,./Wayfair_6月SKU分层与促销准入清单_20260604.html,68.0
TASK-LFC-2B-LISTING-001,P1,待执行,Listing,LFC-2B,DMOM1018,,A,谨慎参加5%轻促,Review 数 5 低于 20,先修 Listing 承接：补必填 TAG、补图片/说明、复盘差评和客诉原因。,打开 SKU 分层与促销准入清单，查看 TAG、图片、客户反馈和促销准入。,下次复盘看：Unique Visits、CVR、Review Count、Feedback Damage 数。,Detailed Listing Health / Customer Feedback,./Wayfair_6月SKU分层与促销准入清单_20260604.html,68.0
TASK-LFC-2W-LISTING-001,P1,待执行,Listing,LFC-2W,DMOM1018,,B,暂不促销,Review 数 5 低于 20,先修 Listing 承接：补必填 TAG、补图片/说明、复盘差评和客诉原因。,打开 SKU 分层与促销准入清单，查看 TAG、图片、客户反馈和促销准入。,下次复盘看：Unique Visits、CVR、Review Count、Feedback Damage 数。,Detailed Listing Health / Customer Feedback,./Wayfair_6月SKU分层与促销准入清单_20260604.html,68.0
TASK-LFC-2W-680-LISTING-001,P1,待执行,Listing,LFC-2W-680,DMOM1021,,A,禁止促销/先修复,Review 数 11 低于 20,先修 Listing 承接：补必填 TAG、补图片/说明、复盘差评和客诉原因。,打开 SKU 分层与促销准入清单，查看 TAG、图片、客户反馈和促销准入。,下次复盘看：Unique Visits、CVR、Review Count、Feedback Damage 数。,Detailed Listing Health / Customer Feedback,./Wayfair_6月SKU分层与促销准入清单_20260604.html,68.0
TASK-LFC-3B-LISTING-001,P1,待执行,Listing,LFC-3B,DMOM1025,,B,谨慎参加5%轻促,Review 数 8 低于 20,先修 Listing 承接：补必填 TAG、补图片/说明、复盘差评和客诉原因。,打开 SKU 分层与促销准入清单，查看 TAG、图片、客户反馈和促销准入。,下次复盘看：Unique Visits、CVR、Review Count、Feedback Damage 数。,Detailed Listing Health / Customer Feedback,./Wayfair_6月SKU分层与促销准入清单_20260604.html,68.0
TASK-LFC-3W-LISTING-001,P1,待执行,Listing,LFC-3W,DMOM1025,,A,谨慎参加5%轻促,Review 数 8 低于 20,先修 Listing 承接：补必填 TAG、补图片/说明、复盘差评和客诉原因。,打开 SKU 分层与促销准入清单，查看 TAG、图片、客户反馈和促销准入。,下次复盘看：Unique Visits、CVR、Review Count、Feedback Damage 数。,Detailed Listing Health / Customer Feedback,./Wayfair_6月SKU分层与促销准入清单_20260604.html,68.0
TASK-LFC-4B-LISTING-001,P1,待执行,Listing,LFC-4B,DMOM1027,,B,禁止促销/先修复,Review 数 4 低于 20,先修 Listing 承接：补必填 TAG、补图片/说明、复盘差评和客诉原因。,打开 SKU 分层与促销准入清单，查看 TAG、图片、客户反馈和促销准入。,下次复盘看：Unique Visits、CVR、Review Count、Feedback Damage 数。,Detailed Listing Health / Customer Feedback,./Wayfair_6月SKU分层与促销准入清单_20260604.html,68.0
TASK-LFC-4W-LISTING-001,P1,待执行,Listing,LFC-4W,DMOM1027,,C,禁止促销/先修复,Review 数 4 低于 20,先修 Listing 承接：补必填 TAG、补图片/说明、复盘差评和客诉原因。,打开 SKU 分层与促销准入清单，查看 TAG、图片、客户反馈和促销准入。,下次复盘看：Unique Visits、CVR、Review Count、Feedback Damage 数。,Detailed Listing Health / Customer Feedback,./Wayfair_6月SKU分层与促销准入清单_20260604.html,68.0
TASK-MFC-D2-B-LISTING-001,P1,待执行,Listing,MFC-D2-B,DMOM1020,,B,禁止促销/先修复,Required Tags 覆盖率 78.6% 低于 80%；Review 数 14 低于 20,先修 Listing 承接：补必填 TAG、补图片/说明、复盘差评和客诉原因。,打开 SKU 分层与促销准入清单，查看 TAG、图片、客户反馈和促销准入。,下次复盘看：Unique Visits、CVR、Review Count、Feedback Damage 数。,Detailed Listing Health / Customer Feedback,./Wayfair_6月SKU分层与促销准入清单_20260604.html,68.0
TASK-MFC-D2-W-LISTING-001,P1,待执行,Listing,MFC-D2-W,DMOM1020,,B,禁止促销/先修复,Required Tags 覆盖率 78.6% 低于 80%；Review 数 14 低于 20,先修 Listing 承接：补必填 TAG、补图片/说明、复盘差评和客诉原因。,打开 SKU 分层与促销准入清单，查看 TAG、图片、客户反馈和促销准入。,下次复盘看：Unique Visits、CVR、Review Count、Feedback Damage 数。,Detailed Listing Health / Customer Feedback,./Wayfair_6月SKU分层与促销准入清单_20260604.html,68.0
TASK-MFC-D3-B-LISTING-001,P1,待执行,Listing,MFC-D3-B,DMOM1022,,B,禁止促销/先修复,Required Tags 覆盖率 78.6% 低于 80%；Review 数 12 低于 20,先修 Listing 承接：补必填 TAG、补图片/说明、复盘差评和客诉原因。,打开 SKU 分层与促销准入清单，查看 TAG、图片、客户反馈和促销准入。,下次复盘看：Unique Visits、CVR、Review Count、Feedback Damage 数。,Detailed Listing Health / Customer Feedback,./Wayfair_6月SKU分层与促销准入清单_20260604.html,68.0
TASK-MFC-D3-W-LISTING-001,P1,待执行,Listing,MFC-D3-W,DMOM1022,,B,禁止促销/先修复,Required Tags 覆盖率 78.6% 低于 80%；Review 数 12 低于 20,先修 Listing 承接：补必填 TAG、补图片/说明、复盘差评和客诉原因。,打开 SKU 分层与促销准入清单，查看 TAG、图片、客户反馈和促销准入。,下次复盘看：Unique Visits、CVR、Review Count、Feedback Damage 数。,Detailed Listing Health / Customer Feedback,./Wayfair_6月SKU分层与促销准入清单_20260604.html,68.0
TASK-VF-ZH-4B-LISTING-001,P1,待执行,Listing,VF-ZH-4B,DMOM1029,,C,禁止促销/先修复,Review 数 6 低于 20,先修 Listing 承接：补必填 TAG、补图片/说明、复盘差评和客诉原因。,打开 SKU 分层与促销准入清单，查看 TAG、图片、客户反馈和促销准入。,下次复盘看：Unique Visits、CVR、Review Count、Feedback Damage 数。,Detailed Listing Health / Customer Feedback,./Wayfair_6月SKU分层与促销准入清单_20260604.html,68.0
TASK-VF-ZH-4W-LISTING-001,P1,待执行,Listing,VF-ZH-4W,DMOM1029,,C,禁止促销/先修复,Review 数 6 低于 20,先修 Listing 承接：补必填 TAG、补图片/说明、复盘差评和客诉原因。,打开 SKU 分层与促销准入清单，查看 TAG、图片、客户反馈和促销准入。,下次复盘看：Unique Visits、CVR、Review Count、Feedback Damage 数。,Detailed Listing Health / Customer Feedback,./Wayfair_6月SKU分层与促销准入清单_20260604.html,68.0
TASK-VFC-2W-LISTING-001,P1,待执行,Listing,VFC-2W,DMOM1026,,C,禁止促销/先修复,Review 数 3 低于 20,先修 Listing 承接：补必填 TAG、补图片/说明、复盘差评和客诉原因。,打开 SKU 分层与促销准入清单，查看 TAG、图片、客户反馈和促销准入。,下次复盘看：Unique Visits、CVR、Review Count、Feedback Damage 数。,Detailed Listing Health / Customer Feedback,./Wayfair_6月SKU分层与促销准入清单_20260604.html,68.0
TASK-VFC-3B-LISTING-001,P1,待执行,Listing,VFC-3B,DMOM1019,,C,禁止促销/先修复,Required Tags 覆盖率 78.6% 低于 80%；Review 数 4 低于 20,先修 Listing 承接：补必填 TAG、补图片/说明、复盘差评和客诉原因。,打开 SKU 分层与促销准入清单，查看 TAG、图片、客户反馈和促销准入。,下次复盘看：Unique Visits、CVR、Review Count、Feedback Damage 数。,Detailed Listing Health / Customer Feedback,./Wayfair_6月SKU分层与促销准入清单_20260604.html,68.0
TASK-VFC-3W-LISTING-001,P1,待执行,Listing,VFC-3W,DMOM1019,,B,禁止促销/先修复,Required Tags 覆盖率 78.6% 低于 80%；Review 数 4 低于 20,先修 Listing 承接：补必填 TAG、补图片/说明、复盘差评和客诉原因。,打开 SKU 分层与促销准入清单，查看 TAG、图片、客户反馈和促销准入。,下次复盘看：Unique Visits、CVR、Review Count、Feedback Damage 数。,Detailed Listing Health / Customer Feedback,./Wayfair_6月SKU分层与促销准入清单_20260604.html,68.0
TASK-VFC-4B-LISTING-001,P1,待执行,Listing,VFC-4B,DMOM1023,,C,禁止促销/先修复,Review 数 6 低于 20,先修 Listing 承接：补必填 TAG、补图片/说明、复盘差评和客诉原因。,打开 SKU 分层与促销准入清单，查看 TAG、图片、客户反馈和促销准入。,下次复盘看：Unique Visits、CVR、Review Count、Feedback Damage 数。,Detailed Listing Health / Customer Feedback,./Wayfair_6月SKU分层与促销准入清单_20260604.html,68.0
TASK-VFC-4W-LISTING-001,P1,待执行,Listing,VFC-4W,DMOM1023,,C,禁止促销/先修复,Review 数 6 低于 20,先修 Listing 承接：补必填 TAG、补图片/说明、复盘差评和客诉原因。,打开 SKU 分层与促销准入清单，查看 TAG、图片、客户反馈和促销准入。,下次复盘看：Unique Visits、CVR、Review Count、Feedback Damage 数。,Detailed Listing Health / Customer Feedback,./Wayfair_6月SKU分层与促销准入清单_20260604.html,68.0
TASK-LFC-2B-PROMO-001,P2,待执行,促销,LFC-2B,DMOM1018,,A,谨慎参加5%轻促,必须同时看库存和广告ACOS,只允许轻促观察；促销前再次确认库存和真实毛利。,先看 SKU 分层与促销准入清单，再看定价体检和库存映射。,下次复盘看：促销期订单、促销后毛利、是否出现客诉或退货异常。,SKU 分层与促销准入清单,./Wayfair_6月SKU分层与促销准入清单_20260604.html,45.0
TASK-LFC-3B-PROMO-001,P2,待执行,促销,LFC-3B,DMOM1025,,B,谨慎参加5%轻促,必须同时看库存和广告ACOS,只允许轻促观察；促销前再次确认库存和真实毛利。,先看 SKU 分层与促销准入清单，再看定价体检和库存映射。,下次复盘看：促销期订单、促销后毛利、是否出现客诉或退货异常。,SKU 分层与促销准入清单,./Wayfair_6月SKU分层与促销准入清单_20260604.html,45.0
TASK-LFC-3W-PROMO-001,P2,待执行,促销,LFC-3W,DMOM1025,,A,谨慎参加5%轻促,必须同时看库存和广告ACOS,只允许轻促观察；促销前再次确认库存和真实毛利。,先看 SKU 分层与促销准入清单，再看定价体检和库存映射。,下次复盘看：促销期订单、促销后毛利、是否出现客诉或退货异常。,SKU 分层与促销准入清单,./Wayfair_6月SKU分层与促销准入清单_20260604.html,45.0
TASK-6D-locker-PRICING-001,P2,待执行,定价,6D-locker,DMOM1045,6门书包柜,N,新品不进大促,待确认价格：缺少美国前台价，不能做提价/促销判断；综合经营优先级为 P2，按店铺价值降级处理,先确认是否仍可售或仅部分店铺可售,打开产品定价体检表，展开该 SKU 的 Total Cost 明细，确认 Base、前台价、平台空间和你的成本。,下次复盘看：平台空间率 0.0%→≥16%、成交 0 单→先攒满3单再看毛利。,产品定价体检表,./Wayfair_产品定价体检表_20260605.html,42.0
TASK-8T-Kayak-PRICING-001,P2,待执行,定价,8T-Kayak,DMOM1002,,N,新品不进大促,不建议提价：成交样本不足；Base/前台价高于72%；供货价竞争百分位偏高；综合经营优先级为 P2，按店铺价值降级处理,不要先提Base（Base/前台价 77% 超 72% 红线、供货价竞争分位 0.82 偏高）；本SKU首要瓶颈是供货价（竞争分位 0.82）：优先谈拿货价或降包装/头程成本；先拆供应商可控项：拿货、包装、头程/发货成本，再查平台扣项是否异常,打开产品定价体检表，展开该 SKU 的 Total Cost 明细，确认 Base、前台价、平台空间和你的成本。,下次复盘看：平台空间率 20.4%→≥16%、Base/前台价 77%→≤72%、成交 0 单→先攒满3单再看毛利、供货价分位 0.82→≤0.70。,产品定价体检表,./Wayfair_产品定价体检表_20260605.html,42.0
TASK-9D-locker-LISTING-001,P2,待执行,Listing,9D-locker,DMOM1046,,N,新品不进大促,Required Tags 覆盖率 50.0% 低于 80%；综合经营优先级为 P2，按店铺价值降级处理,先修 Listing 承接：补必填 TAG、补图片/说明、复盘差评和客诉原因。,打开 SKU 分层与促销准入清单，查看 TAG、图片、客户反馈和促销准入。,下次复盘看：Unique Visits、CVR、Review Count、Feedback Damage 数。,Detailed Listing Health / Customer Feedback,./Wayfair_6月SKU分层与促销准入清单_20260604.html,42.0
TASK-9D-locker-PRICING-001,P2,待执行,定价,9D-locker,DMOM1046,9门书包柜,N,新品不进大促,待确认价格：缺少美国前台价，不能做提价/促销判断；综合经营优先级为 P2，按店铺价值降级处理,先确认是否仍可售或仅部分店铺可售,打开产品定价体检表，展开该 SKU 的 Total Cost 明细，确认 Base、前台价、平台空间和你的成本。,下次复盘看：平台空间率 0.0%→≥16%、成交 0 单→先攒满3单再看毛利。,产品定价体检表,./Wayfair_产品定价体检表_20260605.html,42.0
TASK-CT-01-LISTING-001,P2,待执行,Listing,CT-01,DMOM1040,,N,新品不进大促,Required Tags 覆盖率 77.8% 低于 80%；综合经营优先级为 P2，按店铺价值降级处理,先修 Listing 承接：补必填 TAG、补图片/说明、复盘差评和客诉原因。,打开 SKU 分层与促销准入清单，查看 TAG、图片、客户反馈和促销准入。,下次复盘看：Unique Visits、CVR、Review Count、Feedback Damage 数。,Detailed Listing Health / Customer Feedback,./Wayfair_6月SKU分层与促销准入清单_20260604.html,42.0
TASK-CT-3ps-PRICING-001,P2,待执行,定价,CT-3ps,DMOM1041,3件套-黑色玻璃钢制花边咖啡桌,N,新品不进大促,不建议提价：成交样本不足；供货价竞争百分位偏高；发货成本竞争百分位偏高；综合经营优先级为 P2，按店铺价值降级处理,不要先提Base（供货价竞争分位 1.00 偏高）；本SKU首要瓶颈是发货成本（竞争分位 1.00）：优先复核包裹尺寸、发货方式、仓库位置；先拆供应商可控项：拿货、包装、头程/发货成本，再查平台扣项是否异常；优先复核包裹尺寸、发货方式、仓库位置,打开产品定价体检表，展开该 SKU 的 Total Cost 明细，确认 Base、前台价、平台空间和你的成本。,下次复盘看：平台空间率 32.9%→≥16%、Base/前台价 57%→≤72%、成交 0 单→先攒满3单再看毛利、发货成本分位 1.00→≤0.70、供货价分位 1.00→≤0.70。,产品定价体检表,./Wayfair_产品定价体检表_20260605.html,42.0
TASK-CW12S0768-PROMO-001,P2,待执行,促销,CW12S0768,,,C,禁止促销/先修复,卖家历史净毛利率低于15%；综合经营优先级为 P2，按店铺价值降级处理,不要进深折扣促销；先处理利润、客诉、库存或 Listing 承接问题。,先看 SKU 分层与促销准入清单，再看定价体检和库存映射。,下次复盘看：促销期订单、促销后毛利、是否出现客诉或退货异常。,SKU 分层与促销准入清单,./Wayfair_6月SKU分层与促销准入清单_20260604.html,42.0
TASK-MFC-D2B-PRICING-001,P2,待执行,定价,MFC-D2B,DMOM1056,2抽鹅颈活动柜黑色,N,新品不进大促,待确认价格：缺少美国前台价，不能做提价/促销判断；综合经营优先级为 P2，按店铺价值降级处理,先确认是否仍可售或仅部分店铺可售,打开产品定价体检表，展开该 SKU 的 Total Cost 明细，确认 Base、前台价、平台空间和你的成本。,下次复盘看：平台空间率 0.0%→≥16%、成交 0 单→先攒满3单再看毛利。,产品定价体检表,./Wayfair_产品定价体检表_20260605.html,42.0
TASK-MFC-D2W-PRICING-001,P2,待执行,定价,MFC-D2W,DMOM1056,2抽鹅颈活动柜白色,N,新品不进大促,待确认价格：缺少美国前台价，不能做提价/促销判断；综合经营优先级为 P2，按店铺价值降级处理,先确认是否仍可售或仅部分店铺可售,打开产品定价体检表，展开该 SKU 的 Total Cost 明细，确认 Base、前台价、平台空间和你的成本。,下次复盘看：平台空间率 27.1%→≥16%、成交 0 单→先攒满3单再看毛利。,产品定价体检表,./Wayfair_产品定价体检表_20260605.html,42.0
TASK-MFC-D3B-PRICING-001,P2,待执行,定价,MFC-D3B,DMOM1055,,N,新品不进大促,待确认价格：缺少美国前台价，不能做提价/促销判断；综合经营优先级为 P2，按店铺价值降级处理,先确认是否仍可售或仅部分店铺可售,打开产品定价体检表，展开该 SKU 的 Total Cost 明细，确认 Base、前台价、平台空间和你的成本。,下次复盘看：平台空间率 27.2%→≥16%、成交 0 单→先攒满3单再看毛利。,产品定价体检表,./Wayfair_产品定价体检表_20260605.html,42.0
TASK-MFC-D3W-PRICING-001,P2,待执行,定价,MFC-D3W,DMOM1055,,N,新品不进大促,待确认价格：缺少美国前台价，不能做提价/促销判断；综合经营优先级为 P2，按店铺价值降级处理,先确认是否仍可售或仅部分店铺可售,打开产品定价体检表，展开该 SKU 的 Total Cost 明细，确认 Base、前台价、平台空间和你的成本。,下次复盘看：平台空间率 0.0%→≥16%、成交 0 单→先攒满3单再看毛利。,产品定价体检表,./Wayfair_产品定价体检表_20260605.html,42.0
TASK-MK-WB001B-PRICING-001,P2,待执行,定价,MK-WB001B,DMOM1006,,N,新品不进大促,待补成本：缺少你的拿货成本；综合经营优先级为 P2，按店铺价值降级处理,先补产品上架成本，再决定 Base Cost,打开产品定价体检表，展开该 SKU 的 Total Cost 明细，确认 Base、前台价、平台空间和你的成本。,下次复盘看：平台空间率 21.3%→≥16%、Base/前台价 72%→≤72%、成交 0 单→先攒满3单再看毛利、供货价分位 0.85→≤0.70。,产品定价体检表,./Wayfair_产品定价体检表_20260605.html,42.0
TASK-PT01-WH-LISTING-001,P2,待执行,Listing,PT01-WH,DMOM1038,,N,新品不进大促,Required Tags 覆盖率 79.2% 低于 80%；综合经营优先级为 P2，按店铺价值降级处理,先修 Listing 承接：补必填 TAG、补图片/说明、复盘差评和客诉原因。,打开 SKU 分层与促销准入清单，查看 TAG、图片、客户反馈和促销准入。,下次复盘看：Unique Visits、CVR、Review Count、Feedback Damage 数。,Detailed Listing Health / Customer Feedback,./Wayfair_6月SKU分层与促销准入清单_20260604.html,42.0
TASK-PT03-WH-LISTING-001,P2,待执行,Listing,PT03-WH,DMOM1042,,N,新品不进大促,Required Tags 覆盖率 79.2% 低于 80%；综合经营优先级为 P2，按店铺价值降级处理,先修 Listing 承接：补必填 TAG、补图片/说明、复盘差评和客诉原因。,打开 SKU 分层与促销准入清单，查看 TAG、图片、客户反馈和促销准入。,下次复盘看：Unique Visits、CVR、Review Count、Feedback Damage 数。,Detailed Listing Health / Customer Feedback,./Wayfair_6月SKU分层与促销准入清单_20260604.html,42.0
TASK-PT04-WH-LISTING-001,P2,待执行,Listing,PT04-WH,DMOM1043,,N,新品不进大促,Required Tags 覆盖率 79.2% 低于 80%；综合经营优先级为 P2，按店铺价值降级处理,先修 Listing 承接：补必填 TAG、补图片/说明、复盘差评和客诉原因。,打开 SKU 分层与促销准入清单，查看 TAG、图片、客户反馈和促销准入。,下次复盘看：Unique Visits、CVR、Review Count、Feedback Damage 数。,Detailed Listing Health / Customer Feedback,./Wayfair_6月SKU分层与促销准入清单_20260604.html,42.0
TASK-T2398P151998-LISTING-001,P2,待执行,Listing,T2398P151998,W6D-G-locker,6门更衣柜灰色,N,新品不进大促,Required Tags 覆盖率 53.3% 低于 80%；综合经营优先级为 P2，按店铺价值降级处理,先修 Listing 承接：补必填 TAG、补图片/说明、复盘差评和客诉原因。,打开 SKU 分层与促销准入清单，查看 TAG、图片、客户反馈和促销准入。,下次复盘看：Unique Visits、CVR、Review Count、Feedback Damage 数。,Detailed Listing Health / Customer Feedback,./Wayfair_6月SKU分层与促销准入清单_20260604.html,42.0
TASK-T2398P152000-LISTING-001,P2,待执行,Listing,T2398P152000,MFC-D3-W,3抽鹅颈活动柜白色,C,库存对照行不单独决策,Required Tags 覆盖率 78.6% 低于 80%；综合经营优先级为 P2，按店铺价值降级处理,先修 Listing 承接：补必填 TAG、补图片/说明、复盘差评和客诉原因。,打开 SKU 分层与促销准入清单，查看 TAG、图片、客户反馈和促销准入。,下次复盘看：Unique Visits、CVR、Review Count、Feedback Damage 数。,Detailed Listing Health / Customer Feedback,./Wayfair_6月SKU分层与促销准入清单_20260604.html,42.0
TASK-T2398P152001-LISTING-001,P2,待执行,Listing,T2398P152001,MFC-D3-B,3抽鹅颈活动柜黑色,C,库存对照行不单独决策,Required Tags 覆盖率 78.6% 低于 80%；综合经营优先级为 P2，按店铺价值降级处理,先修 Listing 承接：补必填 TAG、补图片/说明、复盘差评和客诉原因。,打开 SKU 分层与促销准入清单，查看 TAG、图片、客户反馈和促销准入。,下次复盘看：Unique Visits、CVR、Review Count、Feedback Damage 数。,Detailed Listing Health / Customer Feedback,./Wayfair_6月SKU分层与促销准入清单_20260604.html,42.0
TASK-T2398P154418-LISTING-001,P2,待执行,Listing,T2398P154418,VFC-3B,窄卡3抽黑色,C,库存对照行不单独决策,Required Tags 覆盖率 78.6% 低于 80%；综合经营优先级为 P2，按店铺价值降级处理,先修 Listing 承接：补必填 TAG、补图片/说明、复盘差评和客诉原因。,打开 SKU 分层与促销准入清单，查看 TAG、图片、客户反馈和促销准入。,下次复盘看：Unique Visits、CVR、Review Count、Feedback Damage 数。,Detailed Listing Health / Customer Feedback,./Wayfair_6月SKU分层与促销准入清单_20260604.html,42.0
TASK-T2398P154419-LISTING-001,P2,待执行,Listing,T2398P154419,VFC-3W,窄卡3抽白色,N,库存对照行不单独决策,Required Tags 覆盖率 78.6% 低于 80%；综合经营优先级为 P2，按店铺价值降级处理,先修 Listing 承接：补必填 TAG、补图片/说明、复盘差评和客诉原因。,打开 SKU 分层与促销准入清单，查看 TAG、图片、客户反馈和促销准入。,下次复盘看：Unique Visits、CVR、Review Count、Feedback Damage 数。,Detailed Listing Health / Customer Feedback,./Wayfair_6月SKU分层与促销准入清单_20260604.html,42.0
TASK-T2398P154450-INVENTORY-001,P2,待执行,库存,T2398P154450,LFC-4B,宽卡4抽黑色,,,可用库存仅 0；综合经营优先级为 P2，按店铺价值降级处理,促销、加预算、补货前先人工确认库存映射和可售数量。,打开库存映射对照工具，确认仓库 SKU、Wayfair SKU、可用量和在途量。,下次复盘看：是否仍出现缺货 SKU 投广告或进入促销。,库存映射对照工具,./Wayfair_库存映射对照工具_20260604.html,42.0
TASK-T2398P160408-LISTING-001,P2,待执行,Listing,T2398P160408,5T-1600-800,,N,库存对照行不单独决策,Required Tags 覆盖率 75.0% 低于 80%；综合经营优先级为 P2，按店铺价值降级处理,先修 Listing 承接：补必填 TAG、补图片/说明、复盘差评和客诉原因。,打开 SKU 分层与促销准入清单，查看 TAG、图片、客户反馈和促销准入。,下次复盘看：Unique Visits、CVR、Review Count、Feedback Damage 数。,Detailed Listing Health / Customer Feedback,./Wayfair_6月SKU分层与促销准入清单_20260604.html,42.0
TASK-T2398P160409-LISTING-001,P2,待执行,Listing,T2398P160409,5T-1830-900,,C,库存对照行不单独决策,Required Tags 覆盖率 75.0% 低于 80%；综合经营优先级为 P2，按店铺价值降级处理,先修 Listing 承接：补必填 TAG、补图片/说明、复盘差评和客诉原因。,打开 SKU 分层与促销准入清单，查看 TAG、图片、客户反馈和促销准入。,下次复盘看：Unique Visits、CVR、Review Count、Feedback Damage 数。,Detailed Listing Health / Customer Feedback,./Wayfair_6月SKU分层与促销准入清单_20260604.html,42.0
TASK-T2398P160410-LISTING-001,P2,待执行,Listing,T2398P160410,5T-1980-1200,,C,库存对照行不单独决策,Required Tags 覆盖率 75.0% 低于 80%；综合经营优先级为 P2，按店铺价值降级处理,先修 Listing 承接：补必填 TAG、补图片/说明、复盘差评和客诉原因。,打开 SKU 分层与促销准入清单，查看 TAG、图片、客户反馈和促销准入。,下次复盘看：Unique Visits、CVR、Review Count、Feedback Damage 数。,Detailed Listing Health / Customer Feedback,./Wayfair_6月SKU分层与促销准入清单_20260604.html,42.0
TASK-T2398P160411-LISTING-001,P2,待执行,Listing,T2398P160411,5T-1830-1200,,C,库存对照行不单独决策,Required Tags 覆盖率 75.0% 低于 80%；综合经营优先级为 P2，按店铺价值降级处理,先修 Listing 承接：补必填 TAG、补图片/说明、复盘差评和客诉原因。,打开 SKU 分层与促销准入清单，查看 TAG、图片、客户反馈和促销准入。,下次复盘看：Unique Visits、CVR、Review Count、Feedback Damage 数。,Detailed Listing Health / Customer Feedback,./Wayfair_6月SKU分层与促销准入清单_20260604.html,42.0
TASK-T2398P171197-LISTING-001,P2,待执行,Listing,T2398P171197,MFC-D2-B,2抽鹅颈活动柜黑色,C,库存对照行不单独决策,Required Tags 覆盖率 78.6% 低于 80%；综合经营优先级为 P2，按店铺价值降级处理,先修 Listing 承接：补必填 TAG、补图片/说明、复盘差评和客诉原因。,打开 SKU 分层与促销准入清单，查看 TAG、图片、客户反馈和促销准入。,下次复盘看：Unique Visits、CVR、Review Count、Feedback Damage 数。,Detailed Listing Health / Customer Feedback,./Wayfair_6月SKU分层与促销准入清单_20260604.html,42.0
TASK-T2398P171203-LISTING-001,P2,待执行,Listing,T2398P171203,MFC-D2-W,2抽鹅颈活动柜白色,C,库存对照行不单独决策,Required Tags 覆盖率 78.6% 低于 80%；综合经营优先级为 P2，按店铺价值降级处理,先修 Listing 承接：补必填 TAG、补图片/说明、复盘差评和客诉原因。,打开 SKU 分层与促销准入清单，查看 TAG、图片、客户反馈和促销准入。,下次复盘看：Unique Visits、CVR、Review Count、Feedback Damage 数。,Detailed Listing Health / Customer Feedback,./Wayfair_6月SKU分层与促销准入清单_20260604.html,42.0
TASK-T2398P205947-LISTING-001,P2,待执行,Listing,T2398P205947,9D-locker,9门书包柜,N,新品不进大促,Required Tags 覆盖率 50.0% 低于 80%；综合经营优先级为 P2，按店铺价值降级处理,先修 Listing 承接：补必填 TAG、补图片/说明、复盘差评和客诉原因。,打开 SKU 分层与促销准入清单，查看 TAG、图片、客户反馈和促销准入。,下次复盘看：Unique Visits、CVR、Review Count、Feedback Damage 数。,Detailed Listing Health / Customer Feedback,./Wayfair_6月SKU分层与促销准入清单_20260604.html,42.0
TASK-T2398P211225-LISTING-001,P2,待执行,Listing,T2398P211225,3T-B,3层置物架-黑,N,库存对照行不单独决策,Required Tags 覆盖率 72.2% 低于 80%；综合经营优先级为 P2，按店铺价值降级处理,先修 Listing 承接：补必填 TAG、补图片/说明、复盘差评和客诉原因。,打开 SKU 分层与促销准入清单，查看 TAG、图片、客户反馈和促销准入。,下次复盘看：Unique Visits、CVR、Review Count、Feedback Damage 数。,Detailed Listing Health / Customer Feedback,./Wayfair_6月SKU分层与促销准入清单_20260604.html,42.0
TASK-T2398P211228-LISTING-001,P2,待执行,Listing,T2398P211228,3T-W,3层置物架-白,C,库存对照行不单独决策,Required Tags 覆盖率 72.2% 低于 80%；综合经营优先级为 P2，按店铺价值降级处理,先修 Listing 承接：补必填 TAG、补图片/说明、复盘差评和客诉原因。,打开 SKU 分层与促销准入清单，查看 TAG、图片、客户反馈和促销准入。,下次复盘看：Unique Visits、CVR、Review Count、Feedback Damage 数。,Detailed Listing Health / Customer Feedback,./Wayfair_6月SKU分层与促销准入清单_20260604.html,42.0
TASK-T2398P222836-INVENTORY-001,P2,待执行,库存,T2398P222836,TOOL-A07,套色压型-左四抽右单门工具推车,,,可用库存仅 1；综合经营优先级为 P2，按店铺价值降级处理,促销、加预算、补货前先人工确认库存映射和可售数量。,打开库存映射对照工具，确认仓库 SKU、Wayfair SKU、可用量和在途量。,下次复盘看：是否仍出现缺货 SKU 投广告或进入促销。,库存映射对照工具,./Wayfair_库存映射对照工具_20260604.html,42.0
TASK-T2398P251437-LISTING-001,P2,待执行,Listing,T2398P251437,W9D-G-locker,9门更衣柜灰色,N,新品不进大促,Required Tags 覆盖率 53.3% 低于 80%；综合经营优先级为 P2，按店铺价值降级处理,先修 Listing 承接：补必填 TAG、补图片/说明、复盘差评和客诉原因。,打开 SKU 分层与促销准入清单，查看 TAG、图片、客户反馈和促销准入。,下次复盘看：Unique Visits、CVR、Review Count、Feedback Damage 数。,Detailed Listing Health / Customer Feedback,./Wayfair_6月SKU分层与促销准入清单_20260604.html,42.0
TASK-T2398P252494-LISTING-001,P2,待执行,Listing,T2398P252494,6T-2095-122,,C,库存对照行不单独决策,Required Tags 覆盖率 75.0% 低于 80%；综合经营优先级为 P2，按店铺价值降级处理,先修 Listing 承接：补必填 TAG、补图片/说明、复盘差评和客诉原因。,打开 SKU 分层与促销准入清单，查看 TAG、图片、客户反馈和促销准入。,下次复盘看：Unique Visits、CVR、Review Count、Feedback Damage 数。,Detailed Listing Health / Customer Feedback,./Wayfair_6月SKU分层与促销准入清单_20260604.html,42.0
TASK-T2398P272106-LISTING-001,P2,待执行,Listing,T2398P272106,LFC-2B-680,680宽二抽-黑,C,库存对照行不单独决策,客户反馈出现 Damage / Missing / Defect 类问题；综合经营优先级为 P2，按店铺价值降级处理,先修 Listing 承接：补必填 TAG、补图片/说明、复盘差评和客诉原因。,打开 SKU 分层与促销准入清单，查看 TAG、图片、客户反馈和促销准入。,下次复盘看：Unique Visits、CVR、Review Count、Feedback Damage 数。,Detailed Listing Health / Customer Feedback,./Wayfair_6月SKU分层与促销准入清单_20260604.html,42.0
TASK-T2398P306288-LISTING-001,P2,待执行,Listing,T2398P306288,5T-wangge,网格货架,N,库存对照行不单独决策,Required Tags 覆盖率 75.0% 低于 80%；综合经营优先级为 P2，按店铺价值降级处理,先修 Listing 承接：补必填 TAG、补图片/说明、复盘差评和客诉原因。,打开 SKU 分层与促销准入清单，查看 TAG、图片、客户反馈和促销准入。,下次复盘看：Unique Visits、CVR、Review Count、Feedback Damage 数。,Detailed Listing Health / Customer Feedback,./Wayfair_6月SKU分层与促销准入清单_20260604.html,42.0
TASK-T2398P313255-LISTING-001,P2,待执行,Listing,T2398P313255,5T-dong-198-120,1980-1200-457-洞洞板,N,库存对照行不单独决策,Required Tags 覆盖率 75.0% 低于 80%；综合经营优先级为 P2，按店铺价值降级处理,先修 Listing 承接：补必填 TAG、补图片/说明、复盘差评和客诉原因。,打开 SKU 分层与促销准入清单，查看 TAG、图片、客户反馈和促销准入。,下次复盘看：Unique Visits、CVR、Review Count、Feedback Damage 数。,Detailed Listing Health / Customer Feedback,./Wayfair_6月SKU分层与促销准入清单_20260604.html,42.0
TASK-T2398P313256-LISTING-001,P2,待执行,Listing,T2398P313256,5T-dong-183-120,1830-1200-600-洞洞板,N,库存对照行不单独决策,Required Tags 覆盖率 75.0% 低于 80%；综合经营优先级为 P2，按店铺价值降级处理,先修 Listing 承接：补必填 TAG、补图片/说明、复盘差评和客诉原因。,打开 SKU 分层与促销准入清单，查看 TAG、图片、客户反馈和促销准入。,下次复盘看：Unique Visits、CVR、Review Count、Feedback Damage 数。,Detailed Listing Health / Customer Feedback,./Wayfair_6月SKU分层与促销准入清单_20260604.html,42.0
TASK-T2398P350187-LISTING-001,P2,待执行,Listing,T2398P350187,PT01-WH,白色压型对开门餐厨柜,N,新品不进大促,Required Tags 覆盖率 79.2% 低于 80%；综合经营优先级为 P2，按店铺价值降级处理,先修 Listing 承接：补必填 TAG、补图片/说明、复盘差评和客诉原因。,打开 SKU 分层与促销准入清单，查看 TAG、图片、客户反馈和促销准入。,下次复盘看：Unique Visits、CVR、Review Count、Feedback Damage 数。,Detailed Listing Health / Customer Feedback,./Wayfair_6月SKU分层与促销准入清单_20260604.html,42.0
TASK-T2398P350188-INVENTORY-001,P2,待执行,库存,T2398P350188,PT02-WH,白色压型上玻下铁中空对开门储物柜餐厨柜,,,库存映射置信度为 低；综合经营优先级为 P2，按店铺价值降级处理,促销、加预算、补货前先人工确认库存映射和可售数量。,打开库存映射对照工具，确认仓库 SKU、Wayfair SKU、可用量和在途量。,下次复盘看：是否仍出现缺货 SKU 投广告或进入促销。,库存映射对照工具,./Wayfair_库存映射对照工具_20260604.html,42.0
TASK-T2398P350188-INVENTORY-001-02,P2,待执行,库存,T2398P350188,PT02-WH,白色压型上玻下铁中空对开门储物柜餐厨柜,,,库存映射置信度为 低；综合经营优先级为 P2，按店铺价值降级处理,促销、加预算、补货前先人工确认库存映射和可售数量。,打开库存映射对照工具，确认仓库 SKU、Wayfair SKU、可用量和在途量。,下次复盘看：是否仍出现缺货 SKU 投广告或进入促销。,库存映射对照工具,./Wayfair_库存映射对照工具_20260604.html,42.0
TASK-T2398P350188-INVENTORY-001-03,P2,待执行,库存,T2398P350188,PT02-WH,白色压型上玻下铁中空对开门储物柜餐厨柜,,,库存映射置信度为 低；综合经营优先级为 P2，按店铺价值降级处理,促销、加预算、补货前先人工确认库存映射和可售数量。,打开库存映射对照工具，确认仓库 SKU、Wayfair SKU、可用量和在途量。,下次复盘看：是否仍出现缺货 SKU 投广告或进入促销。,库存映射对照工具,./Wayfair_库存映射对照工具_20260604.html,42.0
TASK-T2398P350188-INVENTORY-001-04,P2,待执行,库存,T2398P350188,PT02-WH,白色压型上玻下铁中空对开门储物柜餐厨柜,,,库存映射置信度为 低；综合经营优先级为 P2，按店铺价值降级处理,促销、加预算、补货前先人工确认库存映射和可售数量。,打开库存映射对照工具，确认仓库 SKU、Wayfair SKU、可用量和在途量。,下次复盘看：是否仍出现缺货 SKU 投广告或进入促销。,库存映射对照工具,./Wayfair_库存映射对照工具_20260604.html,42.0
TASK-T2398P350188-INVENTORY-001-05,P2,待执行,库存,T2398P350188,PT02-WH,白色压型上玻下铁中空对开门储物柜餐厨柜,,,库存映射置信度为 低；综合经营优先级为 P2，按店铺价值降级处理,促销、加预算、补货前先人工确认库存映射和可售数量。,打开库存映射对照工具，确认仓库 SKU、Wayfair SKU、可用量和在途量。,下次复盘看：是否仍出现缺货 SKU 投广告或进入促销。,库存映射对照工具,./Wayfair_库存映射对照工具_20260604.html,42.0
TASK-T2398P350188-INVENTORY-001-06,P2,待执行,库存,T2398P350188,PT02-WH,白色压型上玻下铁中空对开门储物柜餐厨柜,,,库存映射置信度为 低；综合经营优先级为 P2，按店铺价值降级处理,促销、加预算、补货前先人工确认库存映射和可售数量。,打开库存映射对照工具，确认仓库 SKU、Wayfair SKU、可用量和在途量。,下次复盘看：是否仍出现缺货 SKU 投广告或进入促销。,库存映射对照工具,./Wayfair_库存映射对照工具_20260604.html,42.0
TASK-T2398P350189-LISTING-001,P2,待执行,Listing,T2398P350189,PT03-WH,白色压型通对玻储物柜餐厨柜,N,新品不进大促,Required Tags 覆盖率 79.2% 低于 80%；综合经营优先级为 P2，按店铺价值降级处理,先修 Listing 承接：补必填 TAG、补图片/说明、复盘差评和客诉原因。,打开 SKU 分层与促销准入清单，查看 TAG、图片、客户反馈和促销准入。,下次复盘看：Unique Visits、CVR、Review Count、Feedback Damage 数。,Detailed Listing Health / Customer Feedback,./Wayfair_6月SKU分层与促销准入清单_20260604.html,42.0
TASK-T2398P350190-LISTING-001,P2,待执行,Listing,T2398P350190,PT04-WH,白色金属上对开下2抽压型储物柜,N,新品不进大促,Required Tags 覆盖率 79.2% 低于 80%；综合经营优先级为 P2，按店铺价值降级处理,先修 Listing 承接：补必填 TAG、补图片/说明、复盘差评和客诉原因。,打开 SKU 分层与促销准入清单，查看 TAG、图片、客户反馈和促销准入。,下次复盘看：Unique Visits、CVR、Review Count、Feedback Damage 数。,Detailed Listing Health / Customer Feedback,./Wayfair_6月SKU分层与促销准入清单_20260604.html,42.0
TASK-T2398P354183-LISTING-001,P2,待执行,Listing,T2398P354183,CT-01,"火烧云钢木结合
半升降咖啡桌",N,新品不进大促,Required Tags 覆盖率 77.8% 低于 80%；综合经营优先级为 P2，按店铺价值降级处理,先修 Listing 承接：补必填 TAG、补图片/说明、复盘差评和客诉原因。,打开 SKU 分层与促销准入清单，查看 TAG、图片、客户反馈和促销准入。,下次复盘看：Unique Visits、CVR、Review Count、Feedback Damage 数。,Detailed Listing Health / Customer Feedback,./Wayfair_6月SKU分层与促销准入清单_20260604.html,42.0
TASK-T2398P403867-INVENTORY-001,P2,待执行,库存,T2398P403867,Bed-78-1,"黑色金属带床垫带床头板带储物袋折叠床L190*W78*H33cm
75*31*17",,,库存映射置信度为 低；综合经营优先级为 P2，按店铺价值降级处理,促销、加预算、补货前先人工确认库存映射和可售数量。,打开库存映射对照工具，确认仓库 SKU、Wayfair SKU、可用量和在途量。,下次复盘看：是否仍出现缺货 SKU 投广告或进入促销。,库存映射对照工具,./Wayfair_库存映射对照工具_20260604.html,42.0
TASK-T2398P403867-INVENTORY-001-02,P2,待执行,库存,T2398P403867,Bed-78-1,"黑色金属带床垫带床头板带储物袋折叠床L190*W78*H33cm
75*31*17",,,库存映射置信度为 低；综合经营优先级为 P2，按店铺价值降级处理,促销、加预算、补货前先人工确认库存映射和可售数量。,打开库存映射对照工具，确认仓库 SKU、Wayfair SKU、可用量和在途量。,下次复盘看：是否仍出现缺货 SKU 投广告或进入促销。,库存映射对照工具,./Wayfair_库存映射对照工具_20260604.html,42.0
TASK-T2398P403869-INVENTORY-001,P2,待执行,库存,T2398P403869,Bed-116-1,"黑色金属带床头板折叠床L190*W116*H33cm
75*46*17",,,库存映射置信度为 低；综合经营优先级为 P2，按店铺价值降级处理,促销、加预算、补货前先人工确认库存映射和可售数量。,打开库存映射对照工具，确认仓库 SKU、Wayfair SKU、可用量和在途量。,下次复盘看：是否仍出现缺货 SKU 投广告或进入促销。,库存映射对照工具,./Wayfair_库存映射对照工具_20260604.html,42.0
TASK-T2398P403869-INVENTORY-001-02,P2,待执行,库存,T2398P403869,Bed-116-1,"黑色金属带床头板折叠床L190*W116*H33cm
75*46*17",,,库存映射置信度为 低；综合经营优先级为 P2，按店铺价值降级处理,促销、加预算、补货前先人工确认库存映射和可售数量。,打开库存映射对照工具，确认仓库 SKU、Wayfair SKU、可用量和在途量。,下次复盘看：是否仍出现缺货 SKU 投广告或进入促销。,库存映射对照工具,./Wayfair_库存映射对照工具_20260604.html,42.0
TASK-T2398P403871-INVENTORY-001,P2,待执行,库存,T2398P403871,Bed-96-1,"黑色金属带床头板折叠床L190*W96*H33cm
75*38*17",,,库存映射置信度为 低；综合经营优先级为 P2，按店铺价值降级处理,促销、加预算、补货前先人工确认库存映射和可售数量。,打开库存映射对照工具，确认仓库 SKU、Wayfair SKU、可用量和在途量。,下次复盘看：是否仍出现缺货 SKU 投广告或进入促销。,库存映射对照工具,./Wayfair_库存映射对照工具_20260604.html,42.0
TASK-T2398P413023-INVENTORY-001,P2,待执行,库存,T2398P413023,TOOL-B08,黑色金属3层层板对开门工具柜,,,可用库存仅 0；综合经营优先级为 P2，按店铺价值降级处理,促销、加预算、补货前先人工确认库存映射和可售数量。,打开库存映射对照工具，确认仓库 SKU、Wayfair SKU、可用量和在途量。,下次复盘看：是否仍出现缺货 SKU 投广告或进入促销。,库存映射对照工具,./Wayfair_库存映射对照工具_20260604.html,42.0
TASK-T2398P413028-INVENTORY-001,P2,待执行,库存,T2398P413028,Pantry-09,白色金属上下对开中空下一抽K字储物柜,,,可用库存仅 0；综合经营优先级为 P2，按店铺价值降级处理,促销、加预算、补货前先人工确认库存映射和可售数量。,打开库存映射对照工具，确认仓库 SKU、Wayfair SKU、可用量和在途量。,下次复盘看：是否仍出现缺货 SKU 投广告或进入促销。,库存映射对照工具,./Wayfair_库存映射对照工具_20260604.html,42.0
TASK-T2398P463322-INVENTORY-001,P2,待执行,库存,T2398P463322,,黑色深457带洞洞板五层置物架,,,可用库存仅 1；综合经营优先级为 P2，按店铺价值降级处理,促销、加预算、补货前先人工确认库存映射和可售数量。,打开库存映射对照工具，确认仓库 SKU、Wayfair SKU、可用量和在途量。,下次复盘看：是否仍出现缺货 SKU 投广告或进入促销。,库存映射对照工具,./Wayfair_库存映射对照工具_20260604.html,42.0
TASK-T2398P465983-INVENTORY-001,P2,待执行,库存,T2398P465983,PT01-BK,黑色压型对开门中储物柜,,,库存映射置信度为 低；综合经营优先级为 P2，按店铺价值降级处理,促销、加预算、补货前先人工确认库存映射和可售数量。,打开库存映射对照工具，确认仓库 SKU、Wayfair SKU、可用量和在途量。,下次复盘看：是否仍出现缺货 SKU 投广告或进入促销。,库存映射对照工具,./Wayfair_库存映射对照工具_20260604.html,42.0
TASK-T2398P465983-INVENTORY-001-02,P2,待执行,库存,T2398P465983,PT01-BK,黑色压型对开门中储物柜,,,库存映射置信度为 低；综合经营优先级为 P2，按店铺价值降级处理,促销、加预算、补货前先人工确认库存映射和可售数量。,打开库存映射对照工具，确认仓库 SKU、Wayfair SKU、可用量和在途量。,下次复盘看：是否仍出现缺货 SKU 投广告或进入促销。,库存映射对照工具,./Wayfair_库存映射对照工具_20260604.html,42.0
TASK-T2398P465983-INVENTORY-001-03,P2,待执行,库存,T2398P465983,PT01-BK,黑色压型对开门中储物柜,,,库存映射置信度为 低；综合经营优先级为 P2，按店铺价值降级处理,促销、加预算、补货前先人工确认库存映射和可售数量。,打开库存映射对照工具，确认仓库 SKU、Wayfair SKU、可用量和在途量。,下次复盘看：是否仍出现缺货 SKU 投广告或进入促销。,库存映射对照工具,./Wayfair_库存映射对照工具_20260604.html,42.0
TASK-T2398P465997-INVENTORY-001,P2,待执行,库存,T2398P465997,,黑色金属对开门4层板带轮工具柜,,,可用库存仅 0；综合经营优先级为 P2，按店铺价值降级处理,促销、加预算、补货前先人工确认库存映射和可售数量。,打开库存映射对照工具，确认仓库 SKU、Wayfair SKU、可用量和在途量。,下次复盘看：是否仍出现缺货 SKU 投广告或进入促销。,库存映射对照工具,./Wayfair_库存映射对照工具_20260604.html,42.0
TASK-TOOL-A01-PRICING-001,P2,待执行,定价,TOOL-A01,DMOM1072,套色压型-单节工具柜,N,新品不进大促,不建议提价：成交样本不足；平台空间偏低；综合经营优先级为 P2，按店铺价值降级处理,不要先提Base（平台空间率 15.0% 低于 16%）；先拆供应商可控项：拿货、包装、头程/发货成本，再查平台扣项是否异常；先拆供应商可控项：拿货、包装、头程/发货成本，再查平台扣项是否异常,打开产品定价体检表，展开该 SKU 的 Total Cost 明细，确认 Base、前台价、平台空间和你的成本。,下次复盘看：平台空间率 15.0%→≥16%、Base/前台价 70%→≤72%、成交 0 单→先攒满3单再看毛利。,产品定价体检表,./Wayfair_产品定价体检表_20260605.html,42.0
TASK-TOOL-A02-PRICING-001,P2,待执行,定价,TOOL-A02,DMOM1070,套色压型-半对开门工具,N,新品不进大促,不建议提价：成交样本不足；平台空间偏低；综合经营优先级为 P2，按店铺价值降级处理,不要先提Base（平台空间率 14.9% 低于 16%）；先拆供应商可控项：拿货、包装、头程/发货成本，再查平台扣项是否异常；先拆供应商可控项：拿货、包装、头程/发货成本，再查平台扣项是否异常,打开产品定价体检表，展开该 SKU 的 Total Cost 明细，确认 Base、前台价、平台空间和你的成本。,下次复盘看：平台空间率 14.9%→≥16%、Base/前台价 71%→≤72%、成交 0 单→先攒满3单再看毛利。,产品定价体检表,./Wayfair_产品定价体检表_20260605.html,42.0
TASK-TOOL-A03-PRICING-001,P2,待执行,定价,TOOL-A03,DMOM1062,套色压型-对开门工具柜,N,新品不进大促,不建议提价：成交样本不足；平台空间偏低；综合经营优先级为 P2，按店铺价值降级处理,不要先提Base（平台空间率 14.9% 低于 16%）；先拆供应商可控项：拿货、包装、头程/发货成本，再查平台扣项是否异常；先拆供应商可控项：拿货、包装、头程/发货成本，再查平台扣项是否异常,打开产品定价体检表，展开该 SKU 的 Total Cost 明细，确认 Base、前台价、平台空间和你的成本。,下次复盘看：平台空间率 14.9%→≥16%、Base/前台价 71%→≤72%、成交 0 单→先攒满3单再看毛利。,产品定价体检表,./Wayfair_产品定价体检表_20260605.html,42.0
TASK-TOOL-A04-PRICING-001,P2,待执行,定价,TOOL-A04,DMOM1069,套色压型-对开门工具推车,N,新品不进大促,不建议提价：成交样本不足；平台空间偏低；综合经营优先级为 P2，按店铺价值降级处理,不要先提Base（平台空间率 14.9% 低于 16%）；先拆供应商可控项：拿货、包装、头程/发货成本，再查平台扣项是否异常；先拆供应商可控项：拿货、包装、头程/发货成本，再查平台扣项是否异常,打开产品定价体检表，展开该 SKU 的 Total Cost 明细，确认 Base、前台价、平台空间和你的成本。,下次复盘看：平台空间率 14.9%→≥16%、Base/前台价 71%→≤72%、成交 0 单→先攒满3单再看毛利。,产品定价体检表,./Wayfair_产品定价体检表_20260605.html,42.0
TASK-TOOL-A05-PRICING-001,P2,待执行,定价,TOOL-A05,DMOM1067,套色压型-上一抽下对开工具推车,N,新品不进大促,不建议提价：成交样本不足；平台空间偏低；综合经营优先级为 P2，按店铺价值降级处理,不要先提Base（平台空间率 15.1% 低于 16%）；先拆供应商可控项：拿货、包装、头程/发货成本，再查平台扣项是否异常；先拆供应商可控项：拿货、包装、头程/发货成本，再查平台扣项是否异常,打开产品定价体检表，展开该 SKU 的 Total Cost 明细，确认 Base、前台价、平台空间和你的成本。,下次复盘看：平台空间率 15.1%→≥16%、Base/前台价 72%→≤72%、成交 0 单→先攒满3单再看毛利。,产品定价体检表,./Wayfair_产品定价体检表_20260605.html,42.0
TASK-TOOL-A06-PRICING-001,P2,待执行,定价,TOOL-A06,DMOM1068,套色压型-三抽工具推车-,N,新品不进大促,不建议提价：成交样本不足；平台空间偏低；供货价竞争百分位偏高；综合经营优先级为 P2，按店铺价值降级处理,不要先提Base（供货价竞争分位 0.78 偏高、平台空间率 15.0% 低于 16%）；本SKU首要瓶颈是供货价（竞争分位 0.78）：优先谈拿货价或降包装/头程成本；先拆供应商可控项：拿货、包装、头程/发货成本，再查平台扣项是否异常,打开产品定价体检表，展开该 SKU 的 Total Cost 明细，确认 Base、前台价、平台空间和你的成本。,下次复盘看：平台空间率 15.0%→≥16%、Base/前台价 71%→≤72%、成交 0 单→先攒满3单再看毛利、供货价分位 0.78→≤0.70。,产品定价体检表,./Wayfair_产品定价体检表_20260605.html,42.0
TASK-TOOL-A07-PRICING-001,P2,待执行,定价,TOOL-A07,DMOM1074,套色压型-左四抽右单门工具推车,N,新品不进大促,不建议提价：成交样本不足；平台空间偏低；供货价竞争百分位偏高；综合经营优先级为 P2，按店铺价值降级处理,不要先提Base（供货价竞争分位 0.88 偏高、平台空间率 14.1% 低于 16%）；本SKU首要瓶颈是供货价（竞争分位 0.88）：优先谈拿货价或降包装/头程成本；先拆供应商可控项：拿货、包装、头程/发货成本，再查平台扣项是否异常,打开产品定价体检表，展开该 SKU 的 Total Cost 明细，确认 Base、前台价、平台空间和你的成本。,下次复盘看：平台空间率 14.1%→≥16%、Base/前台价 71%→≤72%、成交 0 单→先攒满3单再看毛利、供货价分位 0.88→≤0.70。,产品定价体检表,./Wayfair_产品定价体检表_20260605.html,42.0
TASK-TOOL-A08-PRICING-001,P2,待执行,定价,TOOL-A08,DMOM1077,套色压型-对开门工具柜(3隔板,N,新品不进大促,不建议提价：成交样本不足；平台空间偏低；综合经营优先级为 P2，按店铺价值降级处理,不要先提Base（平台空间率 14.2% 低于 16%）；先拆供应商可控项：拿货、包装、头程/发货成本，再查平台扣项是否异常；先拆供应商可控项：拿货、包装、头程/发货成本，再查平台扣项是否异常,打开产品定价体检表，展开该 SKU 的 Total Cost 明细，确认 Base、前台价、平台空间和你的成本。,下次复盘看：平台空间率 14.2%→≥16%、Base/前台价 71%→≤72%、成交 0 单→先攒满3单再看毛利。,产品定价体检表,./Wayfair_产品定价体检表_20260605.html,42.0
TASK-TOOL-B01-PRICING-001,P2,待执行,定价,TOOL-B01,DMOM1072,黑色常规-单节工具柜,N,新品不进大促,不建议提价：成交样本不足；平台空间偏低；客诉退货竞争百分位偏高；综合经营优先级为 P2，按店铺价值降级处理,不要先提Base（平台空间率 15.1% 低于 16%）；先拆供应商可控项：拿货、包装、头程/发货成本，再查平台扣项是否异常；先拆供应商可控项：拿货、包装、头程/发货成本，再查平台扣项是否异常；回看Customer Feedback/退货原因，修说明、包装或质量,打开产品定价体检表，展开该 SKU 的 Total Cost 明细，确认 Base、前台价、平台空间和你的成本。,下次复盘看：平台空间率 15.1%→≥16%、Base/前台价 70%→≤72%、成交 0 单→先攒满3单再看毛利。,产品定价体检表,./Wayfair_产品定价体检表_20260605.html,42.0
TASK-TOOL-B02-PRICING-001,P2,待执行,定价,TOOL-B02,DMOM1070,半对开门工具柜-黑色,N,新品不进大促,不建议提价：成交样本不足；平台空间偏低；综合经营优先级为 P2，按店铺价值降级处理,不要先提Base（平台空间率 14.8% 低于 16%）；先拆供应商可控项：拿货、包装、头程/发货成本，再查平台扣项是否异常；先拆供应商可控项：拿货、包装、头程/发货成本，再查平台扣项是否异常,打开产品定价体检表，展开该 SKU 的 Total Cost 明细，确认 Base、前台价、平台空间和你的成本。,下次复盘看：平台空间率 14.8%→≥16%、Base/前台价 71%→≤72%、成交 0 单→先攒满3单再看毛利。,产品定价体检表,./Wayfair_产品定价体检表_20260605.html,42.0
TASK-TOOL-B03-PRICING-001,P2,待执行,定价,TOOL-B03,DMOM1062,黑色常规-对开门工具柜,N,新品不进大促,不建议提价：成交样本不足；平台空间偏低；Base/前台价高于72%；综合经营优先级为 P2，按店铺价值降级处理,不要先提Base（Base/前台价 72% 超 72% 红线、平台空间率 14.8% 低于 16%）；先拆供应商可控项：拿货、包装、头程/发货成本，再查平台扣项是否异常；先拆供应商可控项：拿货、包装、头程/发货成本，再查平台扣项是否异常,打开产品定价体检表，展开该 SKU 的 Total Cost 明细，确认 Base、前台价、平台空间和你的成本。,下次复盘看：平台空间率 14.8%→≥16%、Base/前台价 72%→≤72%、成交 0 单→先攒满3单再看毛利。,产品定价体检表,./Wayfair_产品定价体检表_20260605.html,42.0
TASK-TOOL-B04-PRICING-001,P2,待执行,定价,TOOL-B04,DMOM1069,黑色常规-对开门工具推车,N,新品不进大促,不建议提价：成交样本不足；平台空间偏低；Base/前台价高于72%；综合经营优先级为 P2，按店铺价值降级处理,不要先提Base（Base/前台价 72% 超 72% 红线、平台空间率 14.2% 低于 16%）；先拆供应商可控项：拿货、包装、头程/发货成本，再查平台扣项是否异常；先拆供应商可控项：拿货、包装、头程/发货成本，再查平台扣项是否异常,打开产品定价体检表，展开该 SKU 的 Total Cost 明细，确认 Base、前台价、平台空间和你的成本。,下次复盘看：平台空间率 14.2%→≥16%、Base/前台价 72%→≤72%、成交 0 单→先攒满3单再看毛利。,产品定价体检表,./Wayfair_产品定价体检表_20260605.html,42.0
TASK-TOOL-B05-PRICING-001,P2,待执行,定价,TOOL-B05,DMOM1067,黑色常规-上一抽下对开工具推车,N,新品不进大促,不建议提价：成交样本不足；平台空间偏低；Base/前台价高于72%；供货价竞争百分位偏高；综合经营优先级为 P2，按店铺价值降级处理,不要先提Base（Base/前台价 72% 超 72% 红线、供货价竞争分位 0.78 偏高、平台空间率 14.5% 低于 16%）；本SKU首要瓶颈是供货价（竞争分位 0.78）：优先谈拿货价或降包装/头程成本；先拆供应商可控项：拿货、包装、头程/发货成本，再查平台扣项是否异常,打开产品定价体检表，展开该 SKU 的 Total Cost 明细，确认 Base、前台价、平台空间和你的成本。,下次复盘看：平台空间率 14.5%→≥16%、Base/前台价 72%→≤72%、成交 0 单→先攒满3单再看毛利、供货价分位 0.78→≤0.70。,产品定价体检表,./Wayfair_产品定价体检表_20260605.html,42.0
TASK-TOOL-B06-PRICING-001,P2,待执行,定价,TOOL-B06,DMOM1068,黑色常规-三抽工具推车,N,新品不进大促,不建议提价：成交样本不足；平台空间偏低；供货价竞争百分位偏高；综合经营优先级为 P2，按店铺价值降级处理,不要先提Base（供货价竞争分位 0.80 偏高、平台空间率 14.3% 低于 16%）；本SKU首要瓶颈是供货价（竞争分位 0.80）：优先谈拿货价或降包装/头程成本；先拆供应商可控项：拿货、包装、头程/发货成本，再查平台扣项是否异常,打开产品定价体检表，展开该 SKU 的 Total Cost 明细，确认 Base、前台价、平台空间和你的成本。,下次复盘看：平台空间率 14.3%→≥16%、Base/前台价 71%→≤72%、成交 0 单→先攒满3单再看毛利、供货价分位 0.80→≤0.70。,产品定价体检表,./Wayfair_产品定价体检表_20260605.html,42.0
TASK-TOOL-B07-PRICING-001,P2,待执行,定价,TOOL-B07,DMOM1074,黑色常规-左四抽右单门工具推车,N,新品不进大促,不建议提价：成交样本不足；平台空间偏低；供货价竞争百分位偏高；综合经营优先级为 P2，按店铺价值降级处理,不要先提Base（供货价竞争分位 0.88 偏高、平台空间率 14.1% 低于 16%）；本SKU首要瓶颈是供货价（竞争分位 0.88）：优先谈拿货价或降包装/头程成本；先拆供应商可控项：拿货、包装、头程/发货成本，再查平台扣项是否异常,打开产品定价体检表，展开该 SKU 的 Total Cost 明细，确认 Base、前台价、平台空间和你的成本。,下次复盘看：平台空间率 14.1%→≥16%、Base/前台价 71%→≤72%、成交 0 单→先攒满3单再看毛利、供货价分位 0.88→≤0.70。,产品定价体检表,./Wayfair_产品定价体检表_20260605.html,42.0
TASK-TOOL-B08-PRICING-001,P2,待执行,定价,TOOL-B08,DMOM1077,黑色金属3层层板对开门工具柜,N,新品不进大促,不建议提价：成交样本不足；平台空间偏低；综合经营优先级为 P2，按店铺价值降级处理,不要先提Base（平台空间率 14.3% 低于 16%）；先拆供应商可控项：拿货、包装、头程/发货成本，再查平台扣项是否异常；先拆供应商可控项：拿货、包装、头程/发货成本，再查平台扣项是否异常,打开产品定价体检表，展开该 SKU 的 Total Cost 明细，确认 Base、前台价、平台空间和你的成本。,下次复盘看：平台空间率 14.3%→≥16%、Base/前台价 71%→≤72%、成交 0 单→先攒满3单再看毛利。,产品定价体检表,./Wayfair_产品定价体检表_20260605.html,42.0
TASK-VFC-2B-LISTING-001,P2,待执行,Listing,VFC-2B,DMOM1026,,N,新品不进大促,Review 数 3 低于 20；综合经营优先级为 P2，按店铺价值降级处理,先修 Listing 承接：补必填 TAG、补图片/说明、复盘差评和客诉原因。,打开 SKU 分层与促销准入清单，查看 TAG、图片、客户反馈和促销准入。,下次复盘看：Unique Visits、CVR、Review Count、Feedback Damage 数。,Detailed Listing Health / Customer Feedback,./Wayfair_6月SKU分层与促销准入清单_20260604.html,42.0
TASK-VFC-4B-wheel-PRICING-001,P2,待执行,定价,VFC-4B-wheel,DMOM1030,窄四黑带轮子套装,N,新品不进大促,待确认价格：缺少美国前台价，不能做提价/促销判断；综合经营优先级为 P2，按店铺价值降级处理,先确认是否仍可售或仅部分店铺可售,打开产品定价体检表，展开该 SKU 的 Total Cost 明细，确认 Base、前台价、平台空间和你的成本。,下次复盘看：平台空间率 0.0%→≥16%、成交 0 单→先攒满3单再看毛利。,产品定价体检表,./Wayfair_产品定价体检表_20260605.html,42.0
TASK-VFC-4W-wheel-PRICING-001,P2,待执行,定价,VFC-4W-wheel,DMOM1030,窄四白带轮子套装,N,新品不进大促,待确认价格：缺少美国前台价，不能做提价/促销判断；综合经营优先级为 P2，按店铺价值降级处理,先确认是否仍可售或仅部分店铺可售,打开产品定价体检表，展开该 SKU 的 Total Cost 明细，确认 Base、前台价、平台空间和你的成本。,下次复盘看：平台空间率 0.0%→≥16%、成交 0 单→先攒满3单再看毛利。,产品定价体检表,./Wayfair_产品定价体检表_20260605.html,42.0
TASK-VFC-5B-wheel-PRICING-001,P2,待执行,定价,VFC-5B-wheel,DMOM1030,窄五黑带轮子套装,N,新品不进大促,待确认价格：缺少美国前台价，不能做提价/促销判断；综合经营优先级为 P2，按店铺价值降级处理,先确认是否仍可售或仅部分店铺可售,打开产品定价体检表，展开该 SKU 的 Total Cost 明细，确认 Base、前台价、平台空间和你的成本。,下次复盘看：平台空间率 0.0%→≥16%、成交 0 单→先攒满3单再看毛利。,产品定价体检表,./Wayfair_产品定价体检表_20260605.html,42.0
TASK-VFC-5W-wheel-PRICING-001,P2,待执行,定价,VFC-5W-wheel,DMOM1030,窄五白带轮子套装,N,新品不进大促,待确认价格：缺少美国前台价，不能做提价/促销判断；综合经营优先级为 P2，按店铺价值降级处理,先确认是否仍可售或仅部分店铺可售,打开产品定价体检表，展开该 SKU 的 Total Cost 明细，确认 Base、前台价、平台空间和你的成本。,下次复盘看：平台空间率 0.0%→≥16%、成交 0 单→先攒满3单再看毛利。,产品定价体检表,./Wayfair_产品定价体检表_20260605.html,42.0
TASK-W6D-G-locker-LISTING-001,P2,待执行,Listing,W6D-G-locker,DMOM1049,,N,新品不进大促,Required Tags 覆盖率 53.3% 低于 80%；综合经营优先级为 P2，按店铺价值降级处理,先修 Listing 承接：补必填 TAG、补图片/说明、复盘差评和客诉原因。,打开 SKU 分层与促销准入清单，查看 TAG、图片、客户反馈和促销准入。,下次复盘看：Unique Visits、CVR、Review Count、Feedback Damage 数。,Detailed Listing Health / Customer Feedback,./Wayfair_6月SKU分层与促销准入清单_20260604.html,42.0
TASK-W6D-G-locker-PRICING-001,P2,待执行,定价,W6D-G-locker,DMOM1049,6门更衣柜灰色,N,新品不进大促,不建议提价：成交样本不足；供货价竞争百分位偏高；综合经营优先级为 P2，按店铺价值降级处理,不要先提Base（供货价竞争分位 0.75 偏高）；本SKU首要瓶颈是供货价（竞争分位 0.75）：优先谈拿货价或降包装/头程成本；先拆供应商可控项：拿货、包装、头程/发货成本，再查平台扣项是否异常,打开产品定价体检表，展开该 SKU 的 Total Cost 明细，确认 Base、前台价、平台空间和你的成本。,下次复盘看：平台空间率 21.1%→≥16%、Base/前台价 69%→≤72%、成交 0 单→先攒满3单再看毛利、供货价分位 0.75→≤0.70。,产品定价体检表,./Wayfair_产品定价体检表_20260605.html,42.0
TASK-W9D-G-locker-LISTING-001,P2,待执行,Listing,W9D-G-locker,DMOM1048,,N,新品不进大促,Required Tags 覆盖率 53.3% 低于 80%；综合经营优先级为 P2，按店铺价值降级处理,先修 Listing 承接：补必填 TAG、补图片/说明、复盘差评和客诉原因。,打开 SKU 分层与促销准入清单，查看 TAG、图片、客户反馈和促销准入。,下次复盘看：Unique Visits、CVR、Review Count、Feedback Damage 数。,Detailed Listing Health / Customer Feedback,./Wayfair_6月SKU分层与促销准入清单_20260604.html,42.0
TASK-W9D-G-locker-PRICING-001,P2,待执行,定价,W9D-G-locker,DMOM1048,9门更衣柜灰色,N,新品不进大促,不建议提价：成交样本不足；供货价竞争百分位偏高；综合经营优先级为 P2，按店铺价值降级处理,不要先提Base（供货价竞争分位 0.81 偏高）；本SKU首要瓶颈是供货价（竞争分位 0.81）：优先谈拿货价或降包装/头程成本；先拆供应商可控项：拿货、包装、头程/发货成本，再查平台扣项是否异常,打开产品定价体检表，展开该 SKU 的 Total Cost 明细，确认 Base、前台价、平台空间和你的成本。,下次复盘看：平台空间率 20.9%→≥16%、Base/前台价 68%→≤72%、成交 0 单→先攒满3单再看毛利、供货价分位 0.81→≤0.70。,产品定价体检表,./Wayfair_产品定价体检表_20260605.html,42.0
TASK-YB-CW12X0718-LISTING-001,P2,待执行,Listing,YB- CW12X0718,DMOM1011,,N,新品不进大促,Required Tags 覆盖率 73.3% 低于 80%；综合经营优先级为 P2，按店铺价值降级处理,先修 Listing 承接：补必填 TAG、补图片/说明、复盘差评和客诉原因。,打开 SKU 分层与促销准入清单，查看 TAG、图片、客户反馈和促销准入。,下次复盘看：Unique Visits、CVR、Review Count、Feedback Damage 数。,Detailed Listing Health / Customer Feedback,./Wayfair_6月SKU分层与促销准入清单_20260604.html,42.0
TASK-YB-CW12X0718-PRICING-001,P2,待执行,定价,YB- CW12X0718,DMOM1011,,N,新品不进大促,待补成本：缺少你的拿货成本；综合经营优先级为 P2，按店铺价值降级处理,先补产品上架成本，再决定 Base Cost,打开产品定价体检表，展开该 SKU 的 Total Cost 明细，确认 Base、前台价、平台空间和你的成本。,下次复盘看：平台空间率 17.0%→≥16%、Base/前台价 75%→≤72%、成交 0 单→先攒满3单再看毛利。,产品定价体检表,./Wayfair_产品定价体检表_20260605.html,42.0
TASK-YB-CW12A0720-LISTING-001,P2,待执行,Listing,YB-CW12A0720,DMOM1007,,N,新品不进大促,Required Tags 覆盖率 73.3% 低于 80%；综合经营优先级为 P2，按店铺价值降级处理,先修 Listing 承接：补必填 TAG、补图片/说明、复盘差评和客诉原因。,打开 SKU 分层与促销准入清单，查看 TAG、图片、客户反馈和促销准入。,下次复盘看：Unique Visits、CVR、Review Count、Feedback Damage 数。,Detailed Listing Health / Customer Feedback,./Wayfair_6月SKU分层与促销准入清单_20260604.html,42.0
TASK-YB-CW12A0720-PRICING-001,P2,待执行,定价,YB-CW12A0720,DMOM1007,,N,新品不进大促,待补成本：缺少你的拿货成本；综合经营优先级为 P2，按店铺价值降级处理,先补产品上架成本，再决定 Base Cost,打开产品定价体检表，展开该 SKU 的 Total Cost 明细，确认 Base、前台价、平台空间和你的成本。,下次复盘看：平台空间率 15.6%→≥16%、Base/前台价 76%→≤72%、成交 0 单→先攒满3单再看毛利、发货成本分位 1.00→≤0.70。,产品定价体检表,./Wayfair_产品定价体检表_20260605.html,42.0
TASK-YB-CW12H0689-LISTING-001,P2,待执行,Listing,YB-CW12H0689,DMOM1013,,N,新品不进大促,Required Tags 覆盖率 73.3% 低于 80%；综合经营优先级为 P2，按店铺价值降级处理,先修 Listing 承接：补必填 TAG、补图片/说明、复盘差评和客诉原因。,打开 SKU 分层与促销准入清单，查看 TAG、图片、客户反馈和促销准入。,下次复盘看：Unique Visits、CVR、Review Count、Feedback Damage 数。,Detailed Listing Health / Customer Feedback,./Wayfair_6月SKU分层与促销准入清单_20260604.html,42.0
TASK-YB-CW12H0689-PRICING-001,P2,待执行,定价,YB-CW12H0689,DMOM1013,,N,新品不进大促,待补成本：缺少你的拿货成本；综合经营优先级为 P2，按店铺价值降级处理,先补产品上架成本，再决定 Base Cost,打开产品定价体检表，展开该 SKU 的 Total Cost 明细，确认 Base、前台价、平台空间和你的成本。,下次复盘看：平台空间率 16.4%→≥16%、Base/前台价 76%→≤72%、成交 0 单→先攒满3单再看毛利、发货成本分位 0.83→≤0.70。,产品定价体检表,./Wayfair_产品定价体检表_20260605.html,42.0
TASK-YB-CW12S0714-LISTING-001,P2,待执行,Listing,YB-CW12S0714,IFOM4699,,N,新品不进大促,Required Tags 覆盖率 73.3% 低于 80%；Review 数 1 低于 20；综合经营优先级为 P2，按店铺价值降级处理,先修 Listing 承接：补必填 TAG、补图片/说明、复盘差评和客诉原因。,打开 SKU 分层与促销准入清单，查看 TAG、图片、客户反馈和促销准入。,下次复盘看：Unique Visits、CVR、Review Count、Feedback Damage 数。,Detailed Listing Health / Customer Feedback,./Wayfair_6月SKU分层与促销准入清单_20260604.html,42.0
TASK-YB-CW12S0714-PRICING-001,P2,待执行,定价,YB-CW12S0714,IFOM4699,,N,新品不进大促,待补成本：缺少你的拿货成本；综合经营优先级为 P2，按店铺价值降级处理,先补产品上架成本，再决定 Base Cost,打开产品定价体检表，展开该 SKU 的 Total Cost 明细，确认 Base、前台价、平台空间和你的成本。,下次复盘看：平台空间率 13.3%→≥16%、Base/前台价 118%→≤72%、成交 0 单→先攒满3单再看毛利、发货成本分位 0.91→≤0.70。,产品定价体检表,./Wayfair_产品定价体检表_20260605.html,42.0
TASK-YB-CW12S0768-LISTING-001,P2,待执行,Listing,YB-CW12S0768,DMOM1008,,N,新品不进大促,Required Tags 覆盖率 78.3% 低于 80%；综合经营优先级为 P2，按店铺价值降级处理,先修 Listing 承接：补必填 TAG、补图片/说明、复盘差评和客诉原因。,打开 SKU 分层与促销准入清单，查看 TAG、图片、客户反馈和促销准入。,下次复盘看：Unique Visits、CVR、Review Count、Feedback Damage 数。,Detailed Listing Health / Customer Feedback,./Wayfair_6月SKU分层与促销准入清单_20260604.html,42.0
TASK-YB-CW12S0768-PRICING-001,P2,待执行,定价,YB-CW12S0768,DMOM1008,,N,新品不进大促,待补成本：缺少你的拿货成本；综合经营优先级为 P2，按店铺价值降级处理,先补产品上架成本，再决定 Base Cost,打开产品定价体检表，展开该 SKU 的 Total Cost 明细，确认 Base、前台价、平台空间和你的成本。,下次复盘看：平台空间率 24.8%→≥16%、Base/前台价 54%→≤72%、成交 0 单→先攒满3单再看毛利、发货成本分位 0.86→≤0.70。,产品定价体检表,./Wayfair_产品定价体检表_20260605.html,42.0
TASK-YB-CW12Y0719-LISTING-001,P2,待执行,Listing,YB-CW12Y0719,DMOM1012,,N,新品不进大促,Required Tags 覆盖率 73.3% 低于 80%；综合经营优先级为 P2，按店铺价值降级处理,先修 Listing 承接：补必填 TAG、补图片/说明、复盘差评和客诉原因。,打开 SKU 分层与促销准入清单，查看 TAG、图片、客户反馈和促销准入。,下次复盘看：Unique Visits、CVR、Review Count、Feedback Damage 数。,Detailed Listing Health / Customer Feedback,./Wayfair_6月SKU分层与促销准入清单_20260604.html,42.0
TASK-YB-CW12Y0719-PRICING-001,P2,待执行,定价,YB-CW12Y0719,DMOM1012,,N,新品不进大促,待补成本：缺少你的拿货成本；综合经营优先级为 P2，按店铺价值降级处理,先补产品上架成本，再决定 Base Cost,打开产品定价体检表，展开该 SKU 的 Total Cost 明细，确认 Base、前台价、平台空间和你的成本。,下次复盘看：平台空间率 13.2%→≥16%、Base/前台价 77%→≤72%、成交 0 单→先攒满3单再看毛利、发货成本分位 1.00→≤0.70。,产品定价体检表,./Wayfair_产品定价体检表_20260605.html,42.0
TASK-YB-MSE3400003-LISTING-001,P2,待执行,Listing,YB-MSE3400003,DMOM1009,,N,新品不进大促,Required Tags 覆盖率 63.0% 低于 80%；综合经营优先级为 P2，按店铺价值降级处理,先修 Listing 承接：补必填 TAG、补图片/说明、复盘差评和客诉原因。,打开 SKU 分层与促销准入清单，查看 TAG、图片、客户反馈和促销准入。,下次复盘看：Unique Visits、CVR、Review Count、Feedback Damage 数。,Detailed Listing Health / Customer Feedback,./Wayfair_6月SKU分层与促销准入清单_20260604.html,42.0
TASK-YB-MSE3400003-PRICING-001,P2,待执行,定价,YB-MSE3400003,DMOM1009,,N,新品不进大促,待补成本：缺少你的拿货成本；综合经营优先级为 P2，按店铺价值降级处理,先补产品上架成本，再决定 Base Cost,打开产品定价体检表，展开该 SKU 的 Total Cost 明细，确认 Base、前台价、平台空间和你的成本。,下次复盘看：平台空间率 23.2%→≥16%、Base/前台价 67%→≤72%、成交 0 单→先攒满3单再看毛利、发货成本分位 1.00→≤0.70。,产品定价体检表,./Wayfair_产品定价体检表_20260605.html,42.0
