"Grade","Score","Part","Listing","Name","Category","Status","Qty","Orders","Sales","Gross","Deduction","NetGross","HistMargin","Rating","Reviews","CR","Images","Units","Visits","AdSpend","AdSales","AdOrders","ROAS","PlatformMargin","PlatformPct","Reason","Action"
"A","76","LFC-2W-680","DMOM1021",,,"Live","60","60","6225.6","2000.064","0","2000.064","0.321264456437934","4.55","11","0.015","6","21","957","0","0","0","0","0","0","历史净毛利强；历史销量高；历史净毛利率高；高访问低转化；评分优秀；评论数有基础","重点经营款：补评论/图片短板，控制广告ACOS，优先修Listing；图片不足8张：优先补图"
"A","76","LFC-2B-680","DMOM1021",,,"Live","57","56","5920.8","1906.152","0","1906.152","0.321941629509526","4.55","11","0.017","6","27","1089","0","0","0","0","0","0","历史净毛利强；历史销量高；历史净毛利率高；高访问低转化；评分优秀；评论数有基础","重点经营款：补评论/图片短板，控制广告ACOS，优先修Listing；图片不足8张：优先补图"
"A","72","4T-Kayak","DMOM1003",,,"Live","42","42","5206.6","1917.964","0","1917.964","0.368371682095802","5","2","0.049","9","17","306","0","0","0","0","0","0","历史净毛利强；历史销量高；历史净毛利率高；高访问低转化；评分优秀；评论样本偏少","重点经营款：补评论/图片短板，控制广告ACOS，优先修Listing"
"A","72","5T-1980-1200","DMOM1000",,,"Live","30","30","2988","1068.72","0","1068.72","0.357670682730924","4.5","8","0.011","9","8","353","0","0","0","0","0","0","历史净毛利强；历史销量高；历史净毛利率高；高访问低转化；评分优秀；评论样本偏少","重点经营款：补评论/图片短板，控制广告ACOS，优先修Listing"
"A","67","VFC-3B","DMOM1019",,,"Live","44","44","4549.2","1181.628","0","1181.628","0.259744130836191","4.75","4","0.02","11","13","450","0","0","0","0","0","0","历史净毛利强；历史销量高；历史净毛利率健康；高访问低转化；评分优秀；评论样本偏少","重点经营款：补评论/图片短板，控制广告ACOS，优先修Listing"
"A","67","5T-1830-1200","DMOM1000",,,"Live","18","18","2093","743.42","0","743.42","0.355193502150024","4.5","8","0.033","9","4","61","0","0","0","0","0","0","历史净毛利较好；历史销量稳定；历史净毛利率高；评分优秀；评论样本偏少","重点经营款：补评论/图片短板，控制广告ACOS，优先修Listing"
"A","67","6T-2095-122","DMOM1000",,,"Live","12","12","1470","541.8","0","541.8","0.368571428571428","4.5","8","0.024","12","3","85","0","0","0","0","0","0","历史净毛利较好；历史销量稳定；历史净毛利率高；评分优秀；评论样本偏少","重点经营款：补评论/图片短板，控制广告ACOS，优先修Listing"
"A","64","LFC-3W","DMOM1025",,,"Live","50","51","6545.65","1638.816","0","1638.816","0.250367190424175","4.25","8","0.01","6","12","812","0","0","0","0","0","0","历史净毛利强；历史销量高；历史净毛利率健康；高访问低转化；评分健康；评论样本偏少","重点经营款：补评论/图片短板，控制广告ACOS，优先修Listing；图片不足8张：优先补图"
"A","62","MFC-D2-B","DMOM1020",,,"Live","70","70","6649.5","1350.53","93.5","1257.03","0.189041281299346","4.64","14","0.018","9","19","825","0","0","0","0","0","0","历史净毛利强；历史销量高；历史净毛利率偏低；高访问低转化；评分优秀；评论数有基础；存在客诉/扣款","重点经营款：补评论/图片短板，控制广告ACOS，优先修Listing"
"A","62","MFC-D3-W","DMOM1022",,,"Live","69","44","6164.55","1188.546","0","1188.546","0.192803367642407","4.42","12","0.012","11","53","973","0","0","0","0","0","0","历史净毛利强；历史销量高；历史净毛利率偏低；高访问低转化；评分健康；评论数有基础","重点经营款：补评论/图片短板，控制广告ACOS，优先修Listing"
"A","61","LFC-2B","DMOM1018",,,"Live","36","36","4155.3","1256.512","119.36","1137.152","0.273663032753351","4.4","5","0.033","15","24","389","0","0","0","0","0","0","历史净毛利强；历史销量高；历史净毛利率健康；高访问低转化；评分健康；评论样本偏少；存在客诉/扣款","重点经营款：补评论/图片短板，控制广告ACOS，优先修Listing"
"B","55","MFC-D3-B","DMOM1022",,,"Live","58","58","5060.2","812.588","0","812.588","0.16058416663373","4.42","12","0.033","11","14","337","0","0","0","0","0","0","历史净毛利较好；历史销量高；历史净毛利率偏低；高访问低转化；评分健康；评论数有基础","观察优化款：先修转化和成本，再放预算"
"B","55","MFC-D2-W","DMOM1020",,,"Live","41","41","3885.2","782.087999999999","100.86","681.227999999999","0.175339236075363","4.64","14","0.024","11","20","579","0","0","0","0","0","0","历史净毛利较好；历史销量高；历史净毛利率偏低；高访问低转化；评分优秀；评论数有基础；存在客诉/扣款","观察优化款：先修转化和成本，再放预算"
"B","54","LFC-3B","DMOM1025",,,"Live","23","23","3123.25","854.815","98.35","756.465","0.242204434483311","4.25","8","0.007","6","4","278","0","0","0","0","0","0","历史净毛利较好；历史销量高；历史净毛利率健康；高访问低转化；评分健康；评论样本偏少；存在客诉/扣款","观察优化款：先修转化和成本，再放预算；图片不足8张：优先补图"
"B","49","3T-Kayak","DMOM1004",,,"Live","14","14","1376.1","481.534","0","481.534","0.349926604171209","0","0","0","9","0","8","0","0","0","0","0","0","历史净毛利可用；历史销量稳定；历史净毛利率高；评论样本偏少","观察优化款：先修转化和成本，再放预算"
"B","49","5T-dong-183-120","DMOM1015",,,"Live","24","23","2212.08","255.3552","0","255.3552","0.115436693067159","4.33","6","0.031","6","2","32","0","0","0","0","0","0","历史净毛利可用；历史销量高；历史净毛利率偏低；评分健康；评论样本偏少","观察优化款：先修转化和成本，再放预算；图片不足8张：优先补图"
"B","47","LFC-4B","DMOM1027",,,"Live","41","41","6960","1900.38","0","1900.38","0.273043103448276","3","4","0.047","6","14","212","0","0","0","0","0","0","历史净毛利强；历史销量高；历史净毛利率健康；高访问低转化；评分低于4.0；评论样本偏少","观察优化款：先修转化和成本，再放预算；图片不足8张：优先补图；评分低：先处理差评原因，不建议放量"
"B","47","VF-ZH-4B","DMOM1029",,,"Live","27","27","4404.85","1035.559","0","1035.559","0.235095179177498","3.33","6","0.021","10","11","427","0","0","0","0","0","0","历史净毛利强；历史销量高；历史净毛利率健康；高访问低转化；评分低于4.0；评论样本偏少","观察优化款：先修转化和成本，再放预算；评分低：先处理差评原因，不建议放量"
"B","44","VFC-3W","DMOM1019",,,"Live","17","17","1695.6","388.564","0","388.564","0.229160179287568","4.75","4","0.013","11","3","155","0","0","0","0","0","0","历史净毛利可用；历史销量稳定；历史净毛利率健康；高访问低转化；评分优秀；评论样本偏少","观察优化款：先修转化和成本，再放预算"
"B","41","LFC-2W","DMOM1018",,,"Live","16","16","1669.95","363.353","0","363.353","0.21758316117249","4.4","5","0.013","13","3","150","0","0","0","0","0","0","历史净毛利可用；历史销量稳定；历史净毛利率健康；高访问低转化；评分健康；评论样本偏少","观察优化款：先修转化和成本，再放预算"
"B","36","VFC-2W","DMOM1026",,,"Live","12","12","710.4","32.976","0","32.976","0.0464189189189189","4.67","3","0.014","6","2","71","0","0","0","0","0","0","历史净毛利偏薄；历史销量稳定；历史净毛利率偏低；评分优秀；评论样本偏少","观察优化款：先修转化和成本，再放预算；图片不足8张：优先补图"
"C","34","5T-1830-900","DMOM1000",,,"Live","9","9","551.8","113.692","0","113.692","0.206038419717289","4.5","8","0","9","2","54","0","0","0","0","0","0","历史净毛利偏薄；有一定销量；历史净毛利率健康；评分优秀；评论样本偏少","谨慎款：暂停低效广告，复核价格/利润/客诉后再决定是否保留"
"C","34","5T-1600-800","DMOM1000",,,"Live","2","2","153","57.82","0","57.82","0.377908496732026","4.5","8","0","8","0","42","0","0","0","0","0","0","历史净毛利偏薄；销量样本少；历史净毛利率高；评分优秀；评论样本偏少","谨慎款：暂停低效广告，复核价格/利润/客诉后再决定是否保留"
"C","29","2T-Kayak","DMOM1001",,,"Live","9","9","747.95","253.073","0","253.073","0.338355505047129","3.5","2","0","9","0","11","0","0","0","0","0","0","历史净毛利可用；有一定销量；历史净毛利率高；评分低于4.0；评论样本偏少","谨慎款：暂停低效广告，复核价格/利润/客诉后再决定是否保留；评分低：先处理差评原因，不建议放量"
"C","27","VFC-4B","DMOM1023",,,"Live","17","17","1960","358.3","152.51","205.79","0.104994897959184","4.17","6","0.016","7","5","185","0","0","0","0","0","0","历史净毛利可用；历史销量稳定；历史净毛利率偏低；高访问低转化；评论样本偏少；存在客诉/扣款","谨慎款：暂停低效广告，复核价格/利润/客诉后再决定是否保留；图片不足8张：优先补图"
"C","25","5T-dong-198-120","DMOM1015",,,"Live","6","6","490.6","71.164","0","71.164","0.145055034651447","4.33","6","0","7","0","7","0","0","0","0","0","0","历史净毛利偏薄；有一定销量；历史净毛利率偏低；评分健康；评论样本偏少","谨慎款：暂停低效广告，复核价格/利润/客诉后再决定是否保留；图片不足8张：优先补图"
"C","21","VFC-5B","DMOM1028",,,"Live","3","3","459","115.56","0","115.56","0.251764705882353","0","0","0.031","7","1","32","0","0","0","0","0","0","历史净毛利偏薄；销量样本少；历史净毛利率健康；评论样本偏少","谨慎款：暂停低效广告，复核价格/利润/客诉后再决定是否保留；图片不足8张：优先补图"
"C","21","LFC-5B","DMOM1024",,,"Live","1","1","207","49.58","0","49.58","0.23951690821256","0","0","0.024","6","1","41","0","0","0","0","0","0","历史净毛利偏薄；销量样本少；历史净毛利率健康；评论样本偏少","谨慎款：暂停低效广告，复核价格/利润/客诉后再决定是否保留；图片不足8张：优先补图"
"C","21","LFC-5W","DMOM1024",,,"Live","1","2","207","49.58","0","49.58","0.23951690821256","0","0","0","6","0","65","0","0","0","0","0","0","历史净毛利偏薄；销量样本少；历史净毛利率健康；评论样本偏少","谨慎款：暂停低效广告，复核价格/利润/客诉后再决定是否保留；图片不足8张：优先补图"
"C","18","VF-ZH-4W","DMOM1029",,,"Live","17","17","2584.45","474.383","0","474.383","0.183552786859873","3.33","6","0.004","10","3","258","0","0","0","0","0","0","历史净毛利可用；历史销量稳定；历史净毛利率偏低；高访问低转化；评分低于4.0；评论样本偏少","谨慎款：暂停低效广告，复核价格/利润/客诉后再决定是否保留；评分低：先处理差评原因，不建议放量"
"C","16","LFC-4W","DMOM1027",,,"Live","8","8","1236","256.08","0","256.08","0.207184466019417","3","4","0.01","6","1","101","0","0","0","0","0","0","历史净毛利可用；有一定销量；历史净毛利率健康；高访问低转化；评分低于4.0；评论样本偏少","谨慎款：暂停低效广告，复核价格/利润/客诉后再决定是否保留；图片不足8张：优先补图；评分低：先处理差评原因，不建议放量"
"C","15","3T-B","DMOM1017",,,"Live","2","2","126","32.44","0","32.44","0.257460317460317","4","1","0.008","9","0","121","0","0","0","0","0","0","历史净毛利偏薄；销量样本少；历史净毛利率健康；高访问低转化；评论样本偏少","谨慎款：暂停低效广告，复核价格/利润/客诉后再决定是否保留"
"C","12","3T-W","DMOM1017",,,"Live","8","8","490","116.6","67.66","48.94","0.0998775510204082","4","1","0.01","8","5","628","0","0","0","0","0","0","历史净毛利偏薄；有一定销量；历史净毛利率偏低；高访问低转化；评论样本偏少；存在客诉/扣款","谨慎款：暂停低效广告，复核价格/利润/客诉后再决定是否保留"
"C","7","5T-Niudun","DMOM1005",,,"Live","3","3","178.2","32.508","0","32.508","0.182424242424242","0","0","0.009","6","1","111","0","0","0","0","0","0","历史净毛利偏薄；销量样本少；历史净毛利率偏低；高访问低转化；评论样本偏少","谨慎款：暂停低效广告，复核价格/利润/客诉后再决定是否保留；图片不足8张：优先补图"
"C","-20","5T-wangge","DMOM1016",,,"Live","3","3","0","-135","0","-135","0","4.33","3","0","7","0","42","0","0","0","0","0","0","历史净毛利为负或不足；销量样本少；历史利润率需复核；评分健康；评论样本偏少","谨慎款：暂停低效广告，复核价格/利润/客诉后再决定是否保留；图片不足8张：优先补图"
"C","-23","VFC-4W","DMOM1023",,,"Live","4","4","365.4","-6.124","0","-6.124","-0.016759715380405","4.17","6","0","7","1","77","0","0","0","0","0","0","历史净毛利为负或不足；销量样本少；历史利润率需复核；评论样本偏少","谨慎款：暂停低效广告，复核价格/利润/客诉后再决定是否保留；图片不足8张：优先补图"
"C","-25","CW12S0768","",,,,"1","1","25","0","0","0","0","0","0","0","0","0","0","0","0","0","0","0","0","历史净毛利为负或不足；销量样本少；历史利润率需复核；评论样本偏少","谨慎款：暂停低效广告，复核价格/利润/客诉后再决定是否保留"
"N","0","T2398P154416","VFC-2W","窄卡2抽白色","文件柜",,"0","0","0","0","0","0","0","0","0","0","0","0","0","0","0","0","0","0","0","无历史订单/销售记录，按新品观察","小预算测款，先补图文与基础价格口径"
"N","0","T2398P354183","CT-01","火烧云钢木结合
半升降咖啡桌","咖啡桌",,"0","0","0","0","0","0","0","0","0","0","0","0","0","0","0","0","0","0","0","无历史订单/销售记录，按新品观察","小预算测款，先补图文与基础价格口径"
"N","0","T2398P350191","PT05-WH","白色金属中对开压型储物柜","餐边柜",,"0","0","0","0","0","0","0","0","0","0","0","0","0","0","0","0","0","0","0","无历史订单/销售记录，按新品观察","小预算测款，先补图文与基础价格口径"
"N","0","T2398P413027","Pantry-08","白色金属上下对开门K字储物柜","餐边柜",,"0","0","0","0","0","0","0","0","0","0","0","0","0","0","0","0","0","0","0","无历史订单/销售记录，按新品观察","小预算测款，先补图文与基础价格口径"
"N","0","T2398P171203","MFC-D2-W","2抽鹅颈活动柜白色","文件柜",,"0","0","0","0","0","0","0","0","0","0","0","0","0","0","0","0","0","0","0","无历史订单/销售记录，按新品观察","小预算测款，先补图文与基础价格口径"
"N","0","W2735P332345","record-desk-Black","黑色铁木结合柜门带插座掀盖唱片桌","",,"0","0","0","0","0","0","0","0","0","0","0","0","0","0","0","0","0","0","0","无历史订单/销售记录，按新品观察","小预算测款，先补图文与基础价格口径"
"N","0","T2398P465981","","白色金属等六抽斗柜","",,"0","0","0","0","0","0","0","0","0","0","0","0","0","0","0","0","0","0","0","无历史订单/销售记录，按新品观察","小预算测款，先补图文与基础价格口径"
"N","0","T2398P442669","P442669","黑色金属矮文件柜（2层板）","",,"0","0","0","0","0","0","0","0","0","0","0","0","0","0","0","0","0","0","0","无历史订单/销售记录，按新品观察","小预算测款，先补图文与基础价格口径"
"N","0","T2398P171197","MFC-D2-B","2抽鹅颈活动柜黑色","文件柜",,"0","0","0","0","0","0","0","0","0","0","0","0","0","0","0","0","0","0","0","无历史订单/销售记录，按新品观察","小预算测款，先补图文与基础价格口径"
"N","0","T2398P160411","5T-1830-1200","","",,"0","0","0","0","0","0","0","0","0","0","0","0","0","0","0","0","0","0","0","无历史订单/销售记录，按新品观察","小预算测款，先补图文与基础价格口径"
"N","0","T2398P282146","W6D-B-locker待上架变体","6门更衣柜黑色","locker",,"0","0","0","0","0","0","0","0","0","0","0","0","0","0","0","0","0","0","0","无历史订单/销售记录，按新品观察","小预算测款，先补图文与基础价格口径"
"N","0","T2398P403867","Bed-78-1","黑色金属带床垫带床头板带储物袋折叠床L190*W78*H33cm
75*31*17","床",,"0","0","0","0","0","0","0","0","0","0","0","0","0","0","0","0","0","0","0","无历史订单/销售记录，按新品观察","小预算测款，先补图文与基础价格口径"
"N","0","TOOL-B08","DMOM1077",,,"Live","0","0","0","0","0","0","0","0","0","0","2","0","0","0","0","0","0","0","0","无历史订单/销售记录，按新品观察","小预算测款，先补图文与基础价格口径"
"N","0","T2398P442671","P442671","白色金属上下两门中镂空一抽屉浴室窄柜","",,"0","0","0","0","0","0","0","0","0","0","0","0","0","0","0","0","0","0","0","无历史订单/销售记录，按新品观察","小预算测款，先补图文与基础价格口径"
"N","0","T2398P151995","W3D-G-locker","3门更衣柜灰色","locker",,"0","0","0","0","0","0","0","0","0","0","0","0","0","0","0","0","0","0","0","无历史订单/销售记录，按新品观察","小预算测款，先补图文与基础价格口径"
"N","0","TOOL-B05","DMOM1067",,,"Live","0","0","0","0","0","0","0","0","0","0","2","0","0","0","0","0","0","0","0","无历史订单/销售记录，按新品观察","小预算测款，先补图文与基础价格口径"
"N","0","YB-CW12S0768","DMOM1008",,,"Live","0","0","0","0","0","0","0","0","0","0","7","0","0","0","0","0","0","0","0","无历史订单/销售记录，按新品观察","小预算测款，先补图文与基础价格口径"
"N","0","PT05-WH","DMOM1044",,,"Live","0","0","0","0","0","0","0","0","0","0","7","0","1","0","0","0","0","0","0","无历史订单/销售记录，按新品观察","小预算测款，先补图文与基础价格口径"
"N","0","T2398P310087","VFC-5B-wheel","窄五黑带轮子套装","文件柜",,"0","0","0","0","0","0","0","0","0","0","0","0","0","0","0","0","0","0","0","无历史订单/销售记录，按新品观察","小预算测款，先补图文与基础价格口径"
"N","0","T2398P442673","P442673-Too-9","黑色金属五小抽一大抽工具推车","工具",,"0","0","0","0","0","0","0","0","0","0","0","0","0","0","0","0","0","0","0","无历史订单/销售记录，按新品观察","小预算测款，先补图文与基础价格口径"
"N","0","T2398P350193","Pantry-07","白色通铁对开门储物柜","餐边柜",,"0","0","0","0","0","0","0","0","0","0","0","0","0","0","0","0","0","0","0","无历史订单/销售记录，按新品观察","小预算测款，先补图文与基础价格口径"
"N","0","T2398P236567","TOOL-A03","套色压型-对开门工具柜","工具",,"0","0","0","0","0","0","0","0","0","0","0","0","0","0","0","0","0","0","0","无历史订单/销售记录，按新品观察","小预算测款，先补图文与基础价格口径"
"N","0","T2398P222838","TOOL-A08","套色压型-对开门工具柜(3隔板","工具",,"0","0","0","0","0","0","0","0","0","0","0","0","0","0","0","0","0","0","0","无历史订单/销售记录，按新品观察","小预算测款，先补图文与基础价格口径"
"N","0","W2735P332344","record-desk-Brown","胡桃木色铁木两抽屉带铁架唱片桌","",,"0","0","0","0","0","0","0","0","0","0","0","0","0","0","0","0","0","0","0","无历史订单/销售记录，按新品观察","小预算测款，先补图文与基础价格口径"
"N","0","T2398P413025","Shoe-01","白色金属上2抽下2翻门鞋柜","鞋柜",,"0","0","0","0","0","0","0","0","0","0","0","0","0","0","0","0","0","0","0","无历史订单/销售记录，按新品观察","小预算测款，先补图文与基础价格口径"
"N","0","T2398P413026","Shoe-02","白色金属上3抽下4翻门鞋柜","鞋柜",,"0","0","0","0","0","0","0","0","0","0","0","0","0","0","0","0","0","0","0","无历史订单/销售记录，按新品观察","小预算测款，先补图文与基础价格口径"
"N","0","T2398P272107","LFC-2W-680","680宽二抽-白","文件柜",,"0","0","0","0","0","0","0","0","0","0","0","0","0","0","0","0","0","0","0","无历史订单/销售记录，按新品观察","小预算测款，先补图文与基础价格口径"
"N","0","T2398P242683","TOOL-B06","黑色常规-三抽工具推车","工具",,"0","0","0","0","0","0","0","0","0","0","0","0","0","0","0","0","0","0","0","无历史订单/销售记录，按新品观察","小预算测款，先补图文与基础价格口径"
"N","0","T2398P205947","9D-locker","9门书包柜","locker",,"0","0","0","0","0","0","0","0","0","0","0","0","0","0","0","0","0","0","0","无历史订单/销售记录，按新品观察","小预算测款，先补图文与基础价格口径"
"N","0","T2398P442668","800FC-B-Wheel","黑色金属带轮中文件柜（4层板）","工具",,"0","0","0","0","0","0","0","0","0","0","0","0","0","0","0","0","0","0","0","无历史订单/销售记录，按新品观察","小预算测款，先补图文与基础价格口径"
"N","0","T2398P222835","TOOL-A06","套色压型-三抽工具推车-","工具",,"0","0","0","0","0","0","0","0","0","0","0","0","0","0","0","0","0","0","0","无历史订单/销售记录，按新品观察","小预算测款，先补图文与基础价格口径"
"N","0","T2398P413024","Media-01","黑色金属对开门玻璃媒体柜","",,"0","0","0","0","0","0","0","0","0","0","0","0","0","0","0","0","0","0","0","无历史订单/销售记录，按新品观察","小预算测款，先补图文与基础价格口径"
"N","0","T2398P160408","5T-1600-800","","",,"0","0","0","0","0","0","0","0","0","0","0","0","0","0","0","0","0","0","0","无历史订单/销售记录，按新品观察","小预算测款，先补图文与基础价格口径"
"N","0","W2735P332342","Desk-01","火烧云棕色钢木L型一字型带插座办公桌","",,"0","0","0","0","0","0","0","0","0","0","0","0","0","0","0","0","0","0","0","无历史订单/销售记录，按新品观察","小预算测款，先补图文与基础价格口径"
"N","0","T2398P236483","TOOL-A01","套色压型-单节工具柜","工具",,"0","0","0","0","0","0","0","0","0","0","0","0","0","0","0","0","0","0","0","无历史订单/销售记录，按新品观察","小预算测款，先补图文与基础价格口径"
"N","0","T2398P465982","","白色金属等九抽斗柜","",,"0","0","0","0","0","0","0","0","0","0","0","0","0","0","0","0","0","0","0","无历史订单/销售记录，按新品观察","小预算测款，先补图文与基础价格口径"
"N","0","T2398P313255","5T-dong-198-120","1980-1200-457-洞洞板","",,"0","0","0","0","0","0","0","0","0","0","0","0","0","0","0","0","0","0","0","无历史订单/销售记录，按新品观察","小预算测款，先补图文与基础价格口径"
"N","0","T2398P391281","MFC-D04","白色金属3抽窄活动柜","文件柜",,"0","0","0","0","0","0","0","0","0","0","0","0","0","0","0","0","0","0","0","无历史订单/销售记录，按新品观察","小预算测款，先补图文与基础价格口径"
"N","0","T2398P154427","LFC-2B","宽卡2抽黑色","文件柜",,"0","0","0","0","0","0","0","0","0","0","0","0","0","0","0","0","0","0","0","无历史订单/销售记录，按新品观察","小预算测款，先补图文与基础价格口径"
"N","0","T2398P480393","","白色金属对开门下2抽百叶窗衣柜","",,"0","0","0","0","0","0","0","0","0","0","0","0","0","0","0","0","0","0","0","无历史订单/销售记录，按新品观察","小预算测款，先补图文与基础价格口径"
"N","0","T2398P442670","P442670","白色金属下对开门上三镂空转角柜","",,"0","0","0","0","0","0","0","0","0","0","0","0","0","0","0","0","0","0","0","无历史订单/销售记录，按新品观察","小预算测款，先补图文与基础价格口径"
"N","0","T2398P154414","VFC-2B","窄卡2抽黑色","文件柜",,"0","0","0","0","0","0","0","0","0","0","0","0","0","0","0","0","0","0","0","无历史订单/销售记录，按新品观察","小预算测款，先补图文与基础价格口径"
"N","0","T2398P160409","5T-1830-900","","",,"0","0","0","0","0","0","0","0","0","0","0","0","0","0","0","0","0","0","0","无历史订单/销售记录，按新品观察","小预算测款，先补图文与基础价格口径"
"N","0","T2398P374169","TOOL-B02","半对开门工具柜-黑色","工具",,"0","0","0","0","0","0","0","0","0","0","0","0","0","0","0","0","0","0","0","无历史订单/销售记录，按新品观察","小预算测款，先补图文与基础价格口径"
"N","0","T2398P342715","","黑色金属3抽窄卡
标签框款","",,"0","0","0","0","0","0","0","0","0","0","0","0","0","0","0","0","0","0","0","无历史订单/销售记录，按新品观察","小预算测款，先补图文与基础价格口径"
"N","0","T2398P310002","VFC-4B-wheel","窄四黑带轮子套装","文件柜",,"0","0","0","0","0","0","0","0","0","0","0","0","0","0","0","0","0","0","0","无历史订单/销售记录，按新品观察","小预算测款，先补图文与基础价格口径"
"N","0","T2398P350189","PT03-WH","白色压型通对玻储物柜餐厨柜","餐边柜",,"0","0","0","0","0","0","0","0","0","0","0","0","0","0","0","0","0","0","0","无历史订单/销售记录，按新品观察","小预算测款，先补图文与基础价格口径"
"N","0","T2398P236482","TOOL-B01","黑色常规-单节工具柜","工具",,"0","0","0","0","0","0","0","0","0","0","0","0","0","0","0","0","0","0","0","无历史订单/销售记录，按新品观察","小预算测款，先补图文与基础价格口径"
"N","0","T2398P272100","VF-ZH-4B","4抽窄卡组合柜-黑","文件柜",,"0","0","0","0","0","0","0","0","0","0","0","0","0","0","0","0","0","0","0","无历史订单/销售记录，按新品观察","小预算测款，先补图文与基础价格口径"
"N","0","PT03-WH","DMOM1042",,,"Live","0","0","0","0","0","0","0","0","0","0","5","0","71","0","0","0","0","0","0","无历史订单/销售记录，按新品观察","小预算测款，先补图文与基础价格口径"
"N","0","MFC-D3W","DMOM1055",,,"Not Live","0","0","0","0","0","0","0","0","0","0","0","0","0","0","0","0","0","0","0","无历史订单/销售记录，按新品观察","小预算测款，先补图文与基础价格口径"
"N","0","8T-Kayak","DMOM1002",,,"Live","0","0","0","0","0","0","0","0","0","0","7","0","54","0","0","0","0","0","0","无历史订单/销售记录，按新品观察","小预算测款，先补图文与基础价格口径"
"N","0","PT01-WH","DMOM1038",,,"Live","0","0","0","0","0","0","0","0","0","0","7","0","1","0","0","0","0","0","0","无历史订单/销售记录，按新品观察","小预算测款，先补图文与基础价格口径"
"N","0","TOOL-B06","DMOM1068",,,"Live","0","0","0","0","0","0","0","0","0","0","2","0","0","0","0","0","0","0","0","无历史订单/销售记录，按新品观察","小预算测款，先补图文与基础价格口径"
"N","0","TOOL-A05","DMOM1067",,,"Live","0","0","0","0","0","0","0","0","0","0","2","0","0","0","0","0","0","0","0","无历史订单/销售记录，按新品观察","小预算测款，先补图文与基础价格口径"
"N","0","TOOL-A03","DMOM1062",,,"Live","0","0","0","0","0","0","0","0","0","0","2","0","0","0","0","0","0","0","0","无历史订单/销售记录，按新品观察","小预算测款，先补图文与基础价格口径"
"N","0","MFC-D2W","DMOM1056",,,"Not Live","0","0","0","0","0","0","0","0","0","0","0","0","0","0","0","0","0","0","0","无历史订单/销售记录，按新品观察","小预算测款，先补图文与基础价格口径"
"N","0","MFC-D01","DMOM1031",,,"Live","0","0","0","0","0","0","0","0","0","0","8","0","0","0","0","0","0","0","0","无历史订单/销售记录，按新品观察","小预算测款，先补图文与基础价格口径"
"N","0","9D-locker","DMOM1046",,,"Live (Some Stores)","0","0","0","0","0","0","0","0","0","0","11","0","0","0","0","0","0","0","0","无历史订单/销售记录，按新品观察","小预算测款，先补图文与基础价格口径"
"N","0","W6D-G-locker","DMOM1049",,,"Live","0","0","0","0","0","0","0","0","0","0","14","0","0","0","0","0","0","0","0","无历史订单/销售记录，按新品观察","小预算测款，先补图文与基础价格口径"
"N","0","MFC-D04","DMOM1031",,,"Live","0","0","0","0","0","0","0","0","0","0","8","0","0","0","0","0","0","0","0","无历史订单/销售记录，按新品观察","小预算测款，先补图文与基础价格口径"
"N","0","YB-CW12A0720","DMOM1007",,,"Live","0","0","0","0","0","0","0","0","0","0","8","0","0","0","0","0","0","0","0","无历史订单/销售记录，按新品观察","小预算测款，先补图文与基础价格口径"
"N","0","TOOL-A04","DMOM1069",,,"Live","0","0","0","0","0","0","0","0","0","0","2","0","0","0","0","0","0","0","0","无历史订单/销售记录，按新品观察","小预算测款，先补图文与基础价格口径"
"N","0","TOOL-B07","DMOM1074",,,"Live","0","0","0","0","0","0","0","0","0","0","2","0","0","0","0","0","0","0","0","无历史订单/销售记录，按新品观察","小预算测款，先补图文与基础价格口径"
"N","0","CT-3ps","DMOM1041",,,"Live","0","0","0","0","0","0","0","0","0","0","9","0","7","0","0","0","0","0","0","无历史订单/销售记录，按新品观察","小预算测款，先补图文与基础价格口径"
"N","0","TOOL-A02","DMOM1070",,,"Live","0","0","0","0","0","0","0","0","0","0","11","0","0","0","0","0","0","0","0","无历史订单/销售记录，按新品观察","小预算测款，先补图文与基础价格口径"
"N","0","VFC-4W-wheel","DMOM1030",,,"Live (Some Stores)","0","0","0","0","0","0","0","0","0","0","7","0","0","0","0","0","0","0","0","无历史订单/销售记录，按新品观察","小预算测款，先补图文与基础价格口径"
"N","0","TOOL-B03","DMOM1062",,,"Live","0","0","0","0","0","0","0","0","0","0","2","0","0","0","0","0","0","0","0","无历史订单/销售记录，按新品观察","小预算测款，先补图文与基础价格口径"
"N","0","TOOL-B01","DMOM1072",,,"Live","0","0","0","0","0","0","0","0","0","0","10","0","0","0","0","0","0","0","0","无历史订单/销售记录，按新品观察","小预算测款，先补图文与基础价格口径"
"N","0","MFC-D02","DMOM1031",,,"Live","0","0","0","0","0","0","0","0","0","0","8","0","0","0","0","0","0","0","0","无历史订单/销售记录，按新品观察","小预算测款，先补图文与基础价格口径"
"N","0","YB-CW12S0714","IFOM4699",,,"Live","0","0","0","0","0","0","0","2","1","0","14","0","9","0","0","0","0","0","0","无历史订单/销售记录，按新品观察","小预算测款，先补图文与基础价格口径"
"N","0","YB-CW12Y0719","DMOM1012",,,"Live","0","0","0","0","0","0","0","0","0","0","8","0","1","0","0","0","0","0","0","无历史订单/销售记录，按新品观察","小预算测款，先补图文与基础价格口径"
"N","0","TOOL-A07","DMOM1074",,,"Live","0","0","0","0","0","0","0","0","0","0","2","0","0","0","0","0","0","0","0","无历史订单/销售记录，按新品观察","小预算测款，先补图文与基础价格口径"
"N","0","MK-WB001B","DMOM1006",,,"Live","0","0","0","0","0","0","0","0","0","0","8","0","0","0","0","0","0","0","0","无历史订单/销售记录，按新品观察","小预算测款，先补图文与基础价格口径"
"N","0","YB- CW12X0718","DMOM1011",,,"Live","0","0","0","0","0","0","0","0","0","0","8","0","2","0","0","0","0","0","0","无历史订单/销售记录，按新品观察","小预算测款，先补图文与基础价格口径"
"N","0","VFC-5W-wheel","DMOM1030",,,"Live (Some Stores)","0","0","0","0","0","0","0","0","0","0","7","0","0","0","0","0","0","0","0","无历史订单/销售记录，按新品观察","小预算测款，先补图文与基础价格口径"
"N","0","TOOL-B04","DMOM1069",,,"Live","0","0","0","0","0","0","0","0","0","0","2","0","0","0","0","0","0","0","0","无历史订单/销售记录，按新品观察","小预算测款，先补图文与基础价格口径"
"N","0","VFC-5W","DMOM1028",,,"Live","0","0","0","0","0","0","0","0","0","0","7","0","16","0","0","0","0","0","0","无历史订单/销售记录，按新品观察","小预算测款，先补图文与基础价格口径"
"N","0","MFC-D2B","DMOM1056",,,"Not Live","0","0","0","0","0","0","0","0","0","0","0","0","0","0","0","0","0","0","0","无历史订单/销售记录，按新品观察","小预算测款，先补图文与基础价格口径"
"N","0","VFC-2B","DMOM1026",,,"Live","0","0","0","0","0","0","0","4.67","3","0","6","0","35","0","0","0","0","0","0","无历史订单/销售记录，按新品观察","小预算测款，先补图文与基础价格口径"
"N","0","LFC-4W-400","DMOM1053",,,"Live","0","0","0","0","0","0","0","0","0","0","2","0","0","0","0","0","0","0","0","无历史订单/销售记录，按新品观察","小预算测款，先补图文与基础价格口径"
"N","0","TOOL-A06","DMOM1068",,,"Live","0","0","0","0","0","0","0","0","0","0","2","0","0","0","0","0","0","0","0","无历史订单/销售记录，按新品观察","小预算测款，先补图文与基础价格口径"
"N","0","PT04-WH","DMOM1043",,,"Live","0","0","0","0","0","0","0","0","0","0","7","0","1","0","0","0","0","0","0","无历史订单/销售记录，按新品观察","小预算测款，先补图文与基础价格口径"
"N","0","YB-CW12H0689","DMOM1013",,,"Live","0","0","0","0","0","0","0","0","0","0","8","0","0","0","0","0","0","0","0","无历史订单/销售记录，按新品观察","小预算测款，先补图文与基础价格口径"
"N","0","CT-02","DMOM1037",,,"Live","0","0","0","0","0","0","0","0","0","0","12","0","1","0","0","0","0","0","0","无历史订单/销售记录，按新品观察","小预算测款，先补图文与基础价格口径"
"N","0","MFC-D3B","DMOM1055",,,"Not Live","0","0","0","0","0","0","0","0","0","0","0","0","0","0","0","0","0","0","0","无历史订单/销售记录，按新品观察","小预算测款，先补图文与基础价格口径"
"N","0","VFC-5B-wheel","DMOM1030",,,"Live (Some Stores)","0","0","0","0","0","0","0","0","0","0","7","0","0","0","0","0","0","0","0","无历史订单/销售记录，按新品观察","小预算测款，先补图文与基础价格口径"
"N","0","W3D-G-locker","DMOM1047",,,"Live","0","0","0","0","0","0","0","0","0","0","13","0","0","0","0","0","0","0","0","无历史订单/销售记录，按新品观察","小预算测款，先补图文与基础价格口径"
"N","0","TOOL-A01","DMOM1072",,,"Live","0","0","0","0","0","0","0","0","0","0","18","0","0","0","0","0","0","0","0","无历史订单/销售记录，按新品观察","小预算测款，先补图文与基础价格口径"
"N","0","PT02-WH","DMOM1039",,,"Live","0","0","0","0","0","0","0","0","0","0","9","0","7","0","0","0","0","0","0","无历史订单/销售记录，按新品观察","小预算测款，先补图文与基础价格口径"
"N","0","VFC-4B-wheel","DMOM1030",,,"Live (Some Stores)","0","0","0","0","0","0","0","0","0","0","7","0","0","0","0","0","0","0","0","无历史订单/销售记录，按新品观察","小预算测款，先补图文与基础价格口径"
"N","0","TOOL-A08","DMOM1077",,,"Live","0","0","0","0","0","0","0","0","0","0","2","0","0","0","0","0","0","0","0","无历史订单/销售记录，按新品观察","小预算测款，先补图文与基础价格口径"
"N","0","6D-locker","DMOM1045",,,"Live (Some Stores)","0","0","0","0","0","0","0","0","0","0","7","0","0","0","0","0","0","0","0","无历史订单/销售记录，按新品观察","小预算测款，先补图文与基础价格口径"
"N","0","TOOL-B02","DMOM1070",,,"Live","0","0","0","0","0","0","0","0","0","0","11","0","0","0","0","0","0","0","0","无历史订单/销售记录，按新品观察","小预算测款，先补图文与基础价格口径"
"N","0","MFC-D03","DMOM1031",,,"Live","0","0","0","0","0","0","0","0","0","0","7","0","0","0","0","0","0","0","0","无历史订单/销售记录，按新品观察","小预算测款，先补图文与基础价格口径"
"N","0","YB-MSE3400003","DMOM1009",,,"Live","0","0","0","0","0","0","0","0","0","0","9","0","1","0","0","0","0","0","0","无历史订单/销售记录，按新品观察","小预算测款，先补图文与基础价格口径"
"N","0","W9D-G-locker","DMOM1048",,,"Live","0","0","0","0","0","0","0","0","0","0","7","0","0","0","0","0","0","0","0","无历史订单/销售记录，按新品观察","小预算测款，先补图文与基础价格口径"
"N","0","CT-01","DMOM1040",,,"Live","0","0","0","0","0","0","0","0","0","0","8","0","1","0","0","0","0","0","0","无历史订单/销售记录，按新品观察","小预算测款，先补图文与基础价格口径"
"N","0","LFC-4B-400","DMOM1054",,,"Live","0","0","0","0","0","0","0","0","0","0","1","0","0","0","0","0","0","0","0","无历史订单/销售记录，按新品观察","小预算测款，先补图文与基础价格口径"
"N","0","T2398P152544","FC-800W","71""H三层文件柜白","工具",,"0","0","0","0","0","0","0","0","0","0","0","0","0","0","0","0","0","0","0","无历史订单/销售记录，按新品观察","小预算测款，先补图文与基础价格口径"
"N","0","T2398P251437","W9D-G-locker","9门更衣柜灰色","locker",,"0","0","0","0","0","0","0","0","0","0","0","0","0","0","0","0","0","0","0","无历史订单/销售记录，按新品观察","小预算测款，先补图文与基础价格口径"
"N","0","T2398P211228","3T-W","3层置物架-白","",,"0","0","0","0","0","0","0","0","0","0","0","0","0","0","0","0","0","0","0","无历史订单/销售记录，按新品观察","小预算测款，先补图文与基础价格口径"
"N","0","T2398P403869","Bed-116-1","黑色金属带床头板折叠床L190*W116*H33cm
75*46*17","床",,"0","0","0","0","0","0","0","0","0","0","0","0","0","0","0","0","0","0","0","无历史订单/销售记录，按新品观察","小预算测款，先补图文与基础价格口径"
"N","0","T2398P413028","Pantry-09","白色金属上下对开中空下一抽K字储物柜","餐边柜",,"0","0","0","0","0","0","0","0","0","0","0","0","0","0","0","0","0","0","0","无历史订单/销售记录，按新品观察","小预算测款，先补图文与基础价格口径"
"N","0","T2398P411963","CT-05","深胡桃木色铁木结合卷帘带层板升降矩形咖啡桌","咖啡桌",,"0","0","0","0","0","0","0","0","0","0","0","0","0","0","0","0","0","0","0","无历史订单/销售记录，按新品观察","小预算测款，先补图文与基础价格口径"
"N","0","T2398P154419","VFC-3W","窄卡3抽白色","文件柜",,"0","0","0","0","0","0","0","0","0","0","0","0","0","0","0","0","0","0","0","无历史订单/销售记录，按新品观察","小预算测款，先补图文与基础价格口径"
"N","0","T2398P480396","","黑色金属中型货架01
总承重4000lbs","",,"0","0","0","0","0","0","0","0","0","0","0","0","0","0","0","0","0","0","0","无历史订单/销售记录，按新品观察","小预算测款，先补图文与基础价格口径"
"N","0","T2398P272052","","专利款3抽窄卡-黑","",,"0","0","0","0","0","0","0","0","0","0","0","0","0","0","0","0","0","0","0","无历史订单/销售记录，按新品观察","小预算测款，先补图文与基础价格口径"
"N","0","T2398P350192","PT06-WH","白色上玻下铁对开门储物柜","餐边柜",,"0","0","0","0","0","0","0","0","0","0","0","0","0","0","0","0","0","0","0","无历史订单/销售记录，按新品观察","小预算测款，先补图文与基础价格口径"
"N","0","T2398P342713","","蓝色金属单3门更衣柜","",,"0","0","0","0","0","0","0","0","0","0","0","0","0","0","0","0","0","0","0","无历史订单/销售记录，按新品观察","小预算测款，先补图文与基础价格口径"
"N","0","T2398P350190","PT04-WH","白色金属上对开下2抽压型储物柜","餐边柜",,"0","0","0","0","0","0","0","0","0","0","0","0","0","0","0","0","0","0","0","无历史订单/销售记录，按新品观察","小预算测款，先补图文与基础价格口径"
"N","0","T2398P354184","CT-02","火烧云钢木半开合咖啡桌","咖啡桌",,"0","0","0","0","0","0","0","0","0","0","0","0","0","0","0","0","0","0","0","无历史订单/销售记录，按新品观察","小预算测款，先补图文与基础价格口径"
"N","0","T2398P411961","CT-03","深胡桃木色铁木结合半开合推拉卷帘带层板圆型咖啡桌","咖啡桌",,"0","0","0","0","0","0","0","0","0","0","0","0","0","0","0","0","0","0","0","无历史订单/销售记录，按新品观察","小预算测款，先补图文与基础价格口径"
"N","0","T2398P154452","LFC-4W","宽卡4抽白色","文件柜",,"0","0","0","0","0","0","0","0","0","0","0","0","0","0","0","0","0","0","0","无历史订单/销售记录，按新品观察","小预算测款，先补图文与基础价格口径"
"N","0","T2398P222833","TOOL-A05","套色压型-上一抽下对开工具推车","工具",,"0","0","0","0","0","0","0","0","0","0","0","0","0","0","0","0","0","0","0","无历史订单/销售记录，按新品观察","小预算测款，先补图文与基础价格口径"
"N","0","T2398P438827","","黑色铁木结合柜门带插座掀盖唱片桌","",,"0","0","0","0","0","0","0","0","0","0","0","0","0","0","0","0","0","0","0","无历史订单/销售记录，按新品观察","小预算测款，先补图文与基础价格口径"
"N","0","T2398P442676","P442676-BC","白色金属下对开门上四镂空书柜","",,"0","0","0","0","0","0","0","0","0","0","0","0","0","0","0","0","0","0","0","无历史订单/销售记录，按新品观察","小预算测款，先补图文与基础价格口径"
"N","0","T2398P306288","5T-wangge","网格货架","",,"0","0","0","0","0","0","0","0","0","0","0","0","0","0","0","0","0","0","0","无历史订单/销售记录，按新品观察","小预算测款，先补图文与基础价格口径"
"N","0","T2398P222831","TOOL-A04","套色压型-对开门工具推车","工具",,"0","0","0","0","0","0","0","0","0","0","0","0","0","0","0","0","0","0","0","无历史订单/销售记录，按新品观察","小预算测款，先补图文与基础价格口径"
"N","0","T2398P350187","PT01-WH","白色压型对开门餐厨柜","餐边柜",,"0","0","0","0","0","0","0","0","0","0","0","0","0","0","0","0","0","0","0","无历史订单/销售记录，按新品观察","小预算测款，先补图文与基础价格口径"
"N","0","T2398P313238","8T-Kayak","","",,"0","0","0","0","0","0","0","0","0","0","0","0","0","0","0","0","0","0","0","无历史订单/销售记录，按新品观察","小预算测款，先补图文与基础价格口径"
"N","0","T2398P151998","W6D-G-locker","6门更衣柜灰色","locker",,"0","0","0","0","0","0","0","0","0","0","0","0","0","0","0","0","0","0","0","无历史订单/销售记录，按新品观察","小预算测款，先补图文与基础价格口径"
"N","0","T2398P236613","TOOL-B03","黑色常规-对开门工具柜","工具",,"0","0","0","0","0","0","0","0","0","0","0","0","0","0","0","0","0","0","0","无历史订单/销售记录，按新品观察","小预算测款，先补图文与基础价格口径"
"N","0","T2398P310005","VFC-4W-wheel","窄四白带轮子套装","文件柜",,"0","0","0","0","0","0","0","0","0","0","0","0","0","0","0","0","0","0","0","无历史订单/销售记录，按新品观察","小预算测款，先补图文与基础价格口径"
"N","0","T2398P152545","FC-800B","71""H三层文件柜黑","工具",,"0","0","0","0","0","0","0","0","0","0","0","0","0","0","0","0","0","0","0","无历史订单/销售记录，按新品观察","小预算测款，先补图文与基础价格口径"
"N","0","T2398P252494","6T-2095-122","","",,"0","0","0","0","0","0","0","0","0","0","0","0","0","0","0","0","0","0","0","无历史订单/销售记录，按新品观察","小预算测款，先补图文与基础价格口径"
"N","0","T2398P182179","LFC-5W","宽卡5抽白色","文件柜",,"0","0","0","0","0","0","0","0","0","0","0","0","0","0","0","0","0","0","0","无历史订单/销售记录，按新品观察","小预算测款，先补图文与基础价格口径"
"N","0","T2398P310088","VFC-5W-wheel","窄五白带轮子套装","文件柜",,"0","0","0","0","0","0","0","0","0","0","0","0","0","0","0","0","0","0","0","无历史订单/销售记录，按新品观察","小预算测款，先补图文与基础价格口径"
"N","0","T2398P442672","P442672-Too-8","黑色金属上三抽下对开工具推车","工具",,"0","0","0","0","0","0","0","0","0","0","0","0","0","0","0","0","0","0","0","无历史订单/销售记录，按新品观察","小预算测款，先补图文与基础价格口径"
"N","0","T2398P154445","LFC-3B","宽卡3抽黑色","文件柜",,"0","0","0","0","0","0","0","0","0","0","0","0","0","0","0","0","0","0","0","无历史订单/销售记录，按新品观察","小预算测款，先补图文与基础价格口径"
"N","0","T2398P413030","Dresser-02","白色金属九抽斗柜","Dresser",,"0","0","0","0","0","0","0","0","0","0","0","0","0","0","0","0","0","0","0","无历史订单/销售记录，按新品观察","小预算测款，先补图文与基础价格口径"
"N","0","T2398P411962","CT-04","深胡桃木色铁木结合半开合半升降带层板圆型咖啡桌","咖啡桌",,"0","0","0","0","0","0","0","0","0","0","0","0","0","0","0","0","0","0","0","无历史订单/销售记录，按新品观察","小预算测款，先补图文与基础价格口径"
"N","0","T2398P465999","","黑色金属左分格右挂杆工具柜","",,"0","0","0","0","0","0","0","0","0","0","0","0","0","0","0","0","0","0","0","无历史订单/销售记录，按新品观察","小预算测款，先补图文与基础价格口径"
"N","0","T2398P354182","CT-3ps","3件套-黑色玻璃钢制花边咖啡桌","咖啡桌",,"0","0","0","0","0","0","0","0","0","0","0","0","0","0","0","0","0","0","0","无历史订单/销售记录，按新品观察","小预算测款，先补图文与基础价格口径"
"N","0","T2398P403870","Bed-116","黑色金属不带床头板折叠床L190*W116*H33cm
75*46*17","床",,"0","0","0","0","0","0","0","0","0","0","0","0","0","0","0","0","0","0","0","无历史订单/销售记录，按新品观察","小预算测款，先补图文与基础价格口径"
"N","0","T2398P350188","PT02-WH","白色压型上玻下铁中空对开门储物柜餐厨柜","餐边柜",,"0","0","0","0","0","0","0","0","0","0","0","0","0","0","0","0","0","0","0","无历史订单/销售记录，按新品观察","小预算测款，先补图文与基础价格口径"
"N","0","T2398P285652","W3D-B-locker 待上架变体","3门更衣柜黑色","locker",,"0","0","0","0","0","0","0","0","0","0","0","0","0","0","0","0","0","0","0","无历史订单/销售记录，按新品观察","小预算测款，先补图文与基础价格口径"
"N","0","T2398P282152","W9D-B-locker待上架变体","9门更衣柜黑色","locker",,"0","0","0","0","0","0","0","0","0","0","0","0","0","0","0","0","0","0","0","无历史订单/销售记录，按新品观察","小预算测款，先补图文与基础价格口径"
"N","0","T2398P154425","VFC-5W","窄卡5抽白色","文件柜",,"0","0","0","0","0","0","0","0","0","0","0","0","0","0","0","0","0","0","0","无历史订单/销售记录，按新品观察","小预算测款，先补图文与基础价格口径"
"N","0","T2398P403868","Bed-78","黑色金属带床垫带储物袋折叠床L190*W78*H33cm
75*31*17","床",,"0","0","0","0","0","0","0","0","0","0","0","0","0","0","0","0","0","0","0","无历史订单/销售记录，按新品观察","小预算测款，先补图文与基础价格口径"
"N","0","T2398P465998","","黑色金属上下对开中一抽带轮工具柜","",,"0","0","0","0","0","0","0","0","0","0","0","0","0","0","0","0","0","0","0","无历史订单/销售记录，按新品观察","小预算测款，先补图文与基础价格口径"
"N","0","T2398P154447","LFC-3W","宽卡3抽白色","文件柜",,"0","0","0","0","0","0","0","0","0","0","0","0","0","0","0","0","0","0","0","无历史订单/销售记录，按新品观察","小预算测款，先补图文与基础价格口径"
"N","0","T2398P438826","","胡桃木色铁木两抽屉带铁架唱片桌","",,"0","0","0","0","0","0","0","0","0","0","0","0","0","0","0","0","0","0","0","无历史订单/销售记录，按新品观察","小预算测款，先补图文与基础价格口径"
"N","0","T2398P286673","5T-Niudun","","",,"0","0","0","0","0","0","0","0","0","0","0","0","0","0","0","0","0","0","0","无历史订单/销售记录，按新品观察","小预算测款，先补图文与基础价格口径"
"N","0","T2398P236505","TOOL-A02","套色压型-半对开门工具","工具",,"0","0","0","0","0","0","0","0","0","0","0","0","0","0","0","0","0","0","0","无历史订单/销售记录，按新品观察","小预算测款，先补图文与基础价格口径"
"N","0","T2398P407327","TOOL-M07","黑色金属上对开下抽屉带轮工具柜","工具",,"0","0","0","0","0","0","0","0","0","0","0","0","0","0","0","0","0","0","0","无历史订单/销售记录，按新品观察","小预算测款，先补图文与基础价格口径"
"N","0","T2398P480398","","黑色金属中型货架03
总承重5000lbs","",,"0","0","0","0","0","0","0","0","0","0","0","0","0","0","0","0","0","0","0","无历史订单/销售记录，按新品观察","小预算测款，先补图文与基础价格口径"
"N","0","T2398P263577","Pantry-BH04","W2735P186334（老）
黑上下对开玻璃餐边柜、电视柜、储物柜","餐边柜",,"0","0","0","0","0","0","0","0","0","0","0","0","0","0","0","0","0","0","0","无历史订单/销售记录，按新品观察","小预算测款，先补图文与基础价格口径"
"N","0","T2398P480399","","黑色金属中型货架04
总承重5000lbs","",,"0","0","0","0","0","0","0","0","0","0","0","0","0","0","0","0","0","0","0","无历史订单/销售记录，按新品观察","小预算测款，先补图文与基础价格口径"
"N","0","T2398P272106","LFC-2B-680","680宽二抽-黑","文件柜",,"0","0","0","0","0","0","0","0","0","0","0","0","0","0","0","0","0","0","0","无历史订单/销售记录，按新品观察","小预算测款，先补图文与基础价格口径"
"N","0","T2398P182180","LFC-5B","宽卡5抽黑色","文件柜",,"0","0","0","0","0","0","0","0","0","0","0","0","0","0","0","0","0","0","0","无历史订单/销售记录，按新品观察","小预算测款，先补图文与基础价格口径"
"N","0","T2398P342716","","白色金属3抽窄卡
标签框款","",,"0","0","0","0","0","0","0","0","0","0","0","0","0","0","0","0","0","0","0","无历史订单/销售记录，按新品观察","小预算测款，先补图文与基础价格口径"
"N","0","T2398P305829","2T-Kayak","","",,"0","0","0","0","0","0","0","0","0","0","0","0","0","0","0","0","0","0","0","无历史订单/销售记录，按新品观察","小预算测款，先补图文与基础价格口径"
"N","0","T2398P465984","","黑色压型对开门大储物柜","",,"0","0","0","0","0","0","0","0","0","0","0","0","0","0","0","0","0","0","0","无历史订单/销售记录，按新品观察","小预算测款，先补图文与基础价格口径"
"N","0","T2398P442675","P442675-Too-11","黑色金属上两抽下一开门工具推车","工具",,"0","0","0","0","0","0","0","0","0","0","0","0","0","0","0","0","0","0","0","无历史订单/销售记录，按新品观察","小预算测款，先补图文与基础价格口径"
"N","0","T2398P313256","5T-dong-183-120","1830-1200-600-洞洞板","",,"0","0","0","0","0","0","0","0","0","0","0","0","0","0","0","0","0","0","0","无历史订单/销售记录，按新品观察","小预算测款，先补图文与基础价格口径"
"N","0","T2398P222836","TOOL-A07","套色压型-左四抽右单门工具推车","工具",,"0","0","0","0","0","0","0","0","0","0","0","0","0","0","0","0","0","0","0","无历史订单/销售记录，按新品观察","小预算测款，先补图文与基础价格口径"
"N","0","T2398S00003","","黑色金属中型货架05
总承重6000lbs","",,"0","0","0","0","0","0","0","0","0","0","0","0","0","0","0","0","0","0","0","无历史订单/销售记录，按新品观察","小预算测款，先补图文与基础价格口径"
"N","0","T2398P272122","Pantry-W1000","厨房餐边柜","餐边柜",,"0","0","0","0","0","0","0","0","0","0","0","0","0","0","0","0","0","0","0","无历史订单/销售记录，按新品观察","小预算测款，先补图文与基础价格口径"
"N","0","T2398P305830","3T-Kayak","","",,"0","0","0","0","0","0","0","0","0","0","0","0","0","0","0","0","0","0","0","无历史订单/销售记录，按新品观察","小预算测款，先补图文与基础价格口径"
"N","0","T2398P438828","","火烧云棕色钢木L型一字型带插座办公桌","",,"0","0","0","0","0","0","0","0","0","0","0","0","0","0","0","0","0","0","0","无历史订单/销售记录，按新品观察","小预算测款，先补图文与基础价格口径"
"N","0","T2398P154450","LFC-4B","宽卡4抽黑色","文件柜",,"0","0","0","0","0","0","0","0","0","0","0","0","0","0","0","0","0","0","0","无历史订单/销售记录，按新品观察","小预算测款，先补图文与基础价格口径"
"N","0","T2398P152000","MFC-D3-W","3抽鹅颈活动柜白色","文件柜",,"0","0","0","0","0","0","0","0","0","0","0","0","0","0","0","0","0","0","0","无历史订单/销售记录，按新品观察","小预算测款，先补图文与基础价格口径"
"N","0","T2398P391279","MFC-D02","黑色金属3抽转印圆弧活动柜","文件柜",,"0","0","0","0","0","0","0","0","0","0","0","0","0","0","0","0","0","0","0","无历史订单/销售记录，按新品观察","小预算测款，先补图文与基础价格口径"
"N","0","T2398P223005","TOOL-B04","黑色常规-对开门工具推车","工具",,"0","0","0","0","0","0","0","0","0","0","0","0","0","0","0","0","0","0","0","无历史订单/销售记录，按新品观察","小预算测款，先补图文与基础价格口径"
"N","0","T2398P465996","","白色金属上移门下2抽小文件柜","",,"0","0","0","0","0","0","0","0","0","0","0","0","0","0","0","0","0","0","0","无历史订单/销售记录，按新品观察","小预算测款，先补图文与基础价格口径"
"N","0","T2398P465983","PT01-BK","黑色压型对开门中储物柜","",,"0","0","0","0","0","0","0","0","0","0","0","0","0","0","0","0","0","0","0","无历史订单/销售记录，按新品观察","小预算测款，先补图文与基础价格口径"
"N","0","T2398P463332","","黑色深600带洞洞板五层置物架","",,"0","0","0","0","0","0","0","0","0","0","0","0","0","0","0","0","0","0","0","无历史订单/销售记录，按新品观察","小预算测款，先补图文与基础价格口径"
"N","0","T2398P154428","LFC-2W","宽卡2抽白色","文件柜",,"0","0","0","0","0","0","0","0","0","0","0","0","0","0","0","0","0","0","0","无历史订单/销售记录，按新品观察","小预算测款，先补图文与基础价格口径"
"N","0","T2398P205946","6D-locker","6门书包柜","locker",,"0","0","0","0","0","0","0","0","0","0","0","0","0","0","0","0","0","0","0","无历史订单/销售记录，按新品观察","小预算测款，先补图文与基础价格口径"
"N","0","T2398P154422","VFC-4W","窄卡4抽白色","文件柜",,"0","0","0","0","0","0","0","0","0","0","0","0","0","0","0","0","0","0","0","无历史订单/销售记录，按新品观察","小预算测款，先补图文与基础价格口径"
"N","0","T2398P480394","","白色金属对开门2层板更衣柜","",,"0","0","0","0","0","0","0","0","0","0","0","0","0","0","0","0","0","0","0","无历史订单/销售记录，按新品观察","小预算测款，先补图文与基础价格口径"
"N","0","T2398P223007","TOOL-B07","黑色常规-左四抽右单门工具推车","工具",,"0","0","0","0","0","0","0","0","0","0","0","0","0","0","0","0","0","0","0","无历史订单/销售记录，按新品观察","小预算测款，先补图文与基础价格口径"
"N","0","T2398P211225","3T-B","3层置物架-黑","",,"0","0","0","0","0","0","0","0","0","0","0","0","0","0","0","0","0","0","0","无历史订单/销售记录，按新品观察","小预算测款，先补图文与基础价格口径"
"N","0","T2398P223006","TOOL-B05","黑色常规-上一抽下对开工具推车","工具",,"0","0","0","0","0","0","0","0","0","0","0","0","0","0","0","0","0","0","0","无历史订单/销售记录，按新品观察","小预算测款，先补图文与基础价格口径"
"N","0","T2398P391280","MFC-D03","白色金属3抽圆弧活动柜","文件柜",,"0","0","0","0","0","0","0","0","0","0","0","0","0","0","0","0","0","0","0","无历史订单/销售记录，按新品观察","小预算测款，先补图文与基础价格口径"
"N","0","T2398P152542","FC-914B","72""H四层文件柜黑","工具",,"0","0","0","0","0","0","0","0","0","0","0","0","0","0","0","0","0","0","0","无历史订单/销售记录，按新品观察","小预算测款，先补图文与基础价格口径"
"N","0","T2398S00001","S00001-BC","白色金属上可调层架中二抽下双对开门书柜
(分A/B包)","",,"0","0","0","0","0","0","0","0","0","0","0","0","0","0","0","0","0","0","0","无历史订单/销售记录，按新品观察","小预算测款，先补图文与基础价格口径"
"N","0","T2398P154423","VFC-5B","窄卡5抽黑色","文件柜",,"0","0","0","0","0","0","0","0","0","0","0","0","0","0","0","0","0","0","0","无历史订单/销售记录，按新品观察","小预算测款，先补图文与基础价格口径"
"N","0","T2398P480397","","黑色金属中型货架02
总承重4000lbs","",,"0","0","0","0","0","0","0","0","0","0","0","0","0","0","0","0","0","0","0","无历史订单/销售记录，按新品观察","小预算测款，先补图文与基础价格口径"
"N","0","T2398S00002","S00002-BC","白色金属上固定层架中二抽下双对开门书柜
(分A/B包)","",,"0","0","0","0","0","0","0","0","0","0","0","0","0","0","0","0","0","0","0","无历史订单/销售记录，按新品观察","小预算测款，先补图文与基础价格口径"
"N","0","T2398P272089","","专利款4抽窄卡-黑","",,"0","0","0","0","0","0","0","0","0","0","0","0","0","0","0","0","0","0","0","无历史订单/销售记录，按新品观察","小预算测款，先补图文与基础价格口径"
"N","0","T2398P154418","VFC-3B","窄卡3抽黑色","文件柜",,"0","0","0","0","0","0","0","0","0","0","0","0","0","0","0","0","0","0","0","无历史订单/销售记录，按新品观察","小预算测款，先补图文与基础价格口径"
"N","0","T2398P442674","P442674-Too-10","黑色金属上一抽左下一开门右下两小抽一大抽工具推车","工具",,"0","0","0","0","0","0","0","0","0","0","0","0","0","0","0","0","0","0","0","无历史订单/销售记录，按新品观察","小预算测款，先补图文与基础价格口径"
"N","0","T2398P160410","5T-1980-1200","","",,"0","0","0","0","0","0","0","0","0","0","0","0","0","0","0","0","0","0","0","无历史订单/销售记录，按新品观察","小预算测款，先补图文与基础价格口径"
"N","0","T2398P272102","VF-ZH-4W","4抽窄卡组合柜-白","文件柜",,"0","0","0","0","0","0","0","0","0","0","0","0","0","0","0","0","0","0","0","无历史订单/销售记录，按新品观察","小预算测款，先补图文与基础价格口径"
"N","0","T2398P305831","4T-Kayak","","",,"0","0","0","0","0","0","0","0","0","0","0","0","0","0","0","0","0","0","0","无历史订单/销售记录，按新品观察","小预算测款，先补图文与基础价格口径"
"N","0","T2398P152001","MFC-D3-B","3抽鹅颈活动柜黑色","文件柜",,"0","0","0","0","0","0","0","0","0","0","0","0","0","0","0","0","0","0","0","无历史订单/销售记录，按新品观察","小预算测款，先补图文与基础价格口径"
"N","0","T2398P290413","Bed-96","75*38inch
双人便携式折叠床","床",,"0","0","0","0","0","0","0","0","0","0","0","0","0","0","0","0","0","0","0","无历史订单/销售记录，按新品观察","小预算测款，先补图文与基础价格口径"
"N","0","T2398P391278","MFC-D01","白灰套色金属2抽活动柜","文件柜",,"0","0","0","0","0","0","0","0","0","0","0","0","0","0","0","0","0","0","0","无历史订单/销售记录，按新品观察","小预算测款，先补图文与基础价格口径"
"N","0","T2398P154421","VFC-4B","窄卡4抽黑色","文件柜",,"0","0","0","0","0","0","0","0","0","0","0","0","0","0","0","0","0","0","0","无历史订单/销售记录，按新品观察","小预算测款，先补图文与基础价格口径"
"N","0","T2398P480395","","黑色金属3层置物架H990*W1220*D457","",,"0","0","0","0","0","0","0","0","0","0","0","0","0","0","0","0","0","0","0","无历史订单/销售记录，按新品观察","小预算测款，先补图文与基础价格口径"
"N","0","T2398P403871","Bed-96-1","黑色金属带床头板折叠床L190*W96*H33cm
75*38*17","床",,"0","0","0","0","0","0","0","0","0","0","0","0","0","0","0","0","0","0","0","无历史订单/销售记录，按新品观察","小预算测款，先补图文与基础价格口径"
"N","0","T2398P465997","","黑色金属对开门4层板带轮工具柜","",,"0","0","0","0","0","0","0","0","0","0","0","0","0","0","0","0","0","0","0","无历史订单/销售记录，按新品观察","小预算测款，先补图文与基础价格口径"
"N","0","T2398P413023","TOOL-B08","黑色金属3层层板对开门工具柜","工具",,"0","0","0","0","0","0","0","0","0","0","0","0","0","0","0","0","0","0","0","无历史订单/销售记录，按新品观察","小预算测款，先补图文与基础价格口径"
"N","0","T2398S00004","","黑色金属中型货架06
总承重6000lbs","",,"0","0","0","0","0","0","0","0","0","0","0","0","0","0","0","0","0","0","0","无历史订单/销售记录，按新品观察","小预算测款，先补图文与基础价格口径"
"N","0","T2398P463322","","黑色深457带洞洞板五层置物架","",,"0","0","0","0","0","0","0","0","0","0","0","0","0","0","0","0","0","0","0","无历史订单/销售记录，按新品观察","小预算测款，先补图文与基础价格口径"
"N","0","T2398P413029","Dresser-01","白色金属七抽斗柜","Dresser",,"0","0","0","0","0","0","0","0","0","0","0","0","0","0","0","0","0","0","0","无历史订单/销售记录，按新品观察","小预算测款，先补图文与基础价格口径"
