NewGrade,NewScore,Part,Listing,Name,Category,Status,Qty,Orders,Sales,NetGross,HistMargin,PlatformMarginNew,PlatformPctNew,ListingRequiredTags,ListingRecommendedTags,TagHealth,ImageHealth,AvailabilityHealth,DeliverySpeedHealth,PriceHealth,IncidentReturnHealth,FeedbackCount,FeedbackDamage,PromoReadiness,PromoReason,NewReason,NewAction,Grade,Score,Gross,Deduction,Rating,Reviews,CR,Images,Units,Visits,AdSpend,AdSales,AdOrders,ROAS,PlatformMargin,PlatformPct,Reason,Action,RetailPriceNet,TotalCost,SPSpendNew,SPRevenueNew,SPOrdersNew,FeedbackThemes,FeedbackSample,PromoCount,AvgDiscount,PromoLift,CancelPO,HasNewReportMatch,IsInventoryAlias
A,72,4T-Kayak,DMOM1003,,,Live,42,42,5206.6,1917.964,0.368371682095802,40.230844891,0.2063226057284989,0.8571428571428571,0.7273000000000001,RED,GREEN,GREEN,,,GREEN,2.0,0.0,可参加5%-10%轻促,先控折扣，不建议直接上深折扣,历史净毛利强；历史销量高；历史净毛利率高；评分优秀；评论样本偏少；必填TAG基本合格；图片健康；可售率健康；退货/事故健康；平台空间可用；转化率可用；广告回收较好；存在客户反馈/退货；促销曾有提升,先补图文承接：补主图、尺寸图、细节图和核心属性；修完看 CVR 是否回到类目均值。,A,72,1917.964,0.0,5.0,2,0.049,9,17,306,0,0,0,0,0,0,历史净毛利强；历史销量高；历史净毛利率高；高访问低转化；评分优秀；评论样本偏少,重点经营款：补评论/图片短板，控制广告ACOS，优先修Listing,194.99,154.759155109,32.69,252.0,2.0,Assembly; Quality/Price,Easy to put together and very heavy duty.  Very pleased with this purchase!,19.0,11.263157894736842,2.9630136739248853,0.0,True,False
A,70,LFC-2B-680,DMOM1021,,,Live,57,56,5920.8,1906.152,0.321941629509526,37.90994458100002,0.2283869183746009,0.9286,0.9583,RED,GREEN,GREEN,YELLOW,,GREEN,8.0,1.0,可参加5%-10%轻促,先控折扣，不建议直接上深折扣,历史净毛利强；历史销量高；历史净毛利率高；评分优秀；评论数有基础；必填TAG基本合格；图片健康；可售率健康；配送速度健康度偏弱；退货/事故健康；平台空间充足；转化率可用；存在客户反馈/退货；促销曾有提升,先补图文承接：补主图、尺寸图、细节图和核心属性；修完看 CVR 是否回到类目均值。,A,76,1906.152,0.0,4.55,11,0.017,6,27,1089,0,0,0,0,0,0,历史净毛利强；历史销量高；历史净毛利率高；高访问低转化；评分优秀；评论数有基础,重点经营款：补评论/图片短板，控制广告ACOS，优先修Listing；图片不足8张：优先补图,165.99,128.080055419,402.38,960.0,9.0,Assembly; Defect/Damage; Quality/Price; Time,Panel arrived damaged. Impacting performance of drawers.,12.0,11.25,2.6676433569110665,0.0,True,False
A,69,LFC-3W,DMOM1025,,,Live,50,51,6545.65,1638.816,0.250367190424175,49.43500948900001,0.2247148028955862,0.8214285714285714,0.7082999999999999,RED,GREEN,GREEN,,,GREEN,0.0,0.0,谨慎参加5%轻促,必须同时看库存和广告ACOS,历史净毛利强；历史销量高；历史净毛利率健康；评分健康；评论数有基础；必填TAG基本合格；图片健康；可售率健康；退货/事故健康；平台空间充足；转化率可用；促销曾有提升,广告止损：暂停 spend $124.49 但订单 1 的词/商品；保留高意图词，7天看 ROAS 是否回到2以上。,A,64,1638.816,0.0,4.25,8,0.01,6,12,812,0,0,0,0,0,0,历史净毛利强；历史销量高；历史净毛利率健康；高访问低转化；评分健康；评论样本偏少,重点经营款：补评论/图片短板，控制广告ACOS，优先修Listing；图片不足8张：优先补图,219.99,170.554990511,124.49,139.5,1.0,0,0,19.0,11.210526315789474,2.8522000851542737,0.0,True,False
A,66,LFC-2B,DMOM1018,,,Live,36,36,4155.3,1137.152,0.273663032753351,43.98812648200001,0.2267546083921852,0.8214285714285714,0.7082999999999999,RED,GREEN,GREEN,,,GREEN,0.0,0.0,谨慎参加5%轻促,必须同时看库存和广告ACOS,历史净毛利较好；历史销量稳定；历史净毛利率健康；评分健康；评论样本偏少；必填TAG基本合格；图片健康；可售率健康；退货/事故健康；平台空间充足；转化率可用；广告回收较好；促销曾有提升,先补图文承接：补主图、尺寸图、细节图和核心属性；修完看 CVR 是否回到类目均值。,A,61,1256.512,119.36,4.4,5,0.033,15,24,389,0,0,0,0,0,0,历史净毛利强；历史销量高；历史净毛利率健康；高访问低转化；评分健康；评论样本偏少；存在客诉/扣款,重点经营款：补评论/图片短板，控制广告ACOS，优先修Listing,193.99,150.001873518,28.05,729.0,3.0,0,0,12.0,12.083333333333334,1.4554457633662967,0.0,True,False
A,65,LFC-2W-680,DMOM1021,,,Live,60,60,6225.6,2000.064,0.321264456437934,38.016189803,0.2290269883908669,0.9286,0.9583,RED,GREEN,RED,,,GREEN,0.0,0.0,禁止促销/先修复,可售率RED,历史净毛利强；历史销量高；历史净毛利率高；评分优秀；评论数有基础；必填TAG基本合格；图片健康；可售率健康度偏弱；退货/事故健康；平台空间充足；转化率可用；促销曾有提升,先保可售：核对库存/履约/配送承接；可售恢复前暂停促销和加预算，避免有流量无交付。,A,76,2000.064,0.0,4.55,11,0.015,6,21,957,0,0,0,0,0,0,历史净毛利强；历史销量高；历史净毛利率高；高访问低转化；评分优秀；评论数有基础,重点经营款：补评论/图片短板，控制广告ACOS，优先修Listing；图片不足8张：优先补图,165.99,127.973810197,402.38,960.0,9.0,0,0,19.0,12.0,2.7943921130643044,0.0,True,False
A,62,5T-1980-1200,DMOM1000,,,Live,30,30,2988.0,1068.72,0.357670682730924,38.35698285800001,0.2217294806520608,0.75,0.75,RED,GREEN,GREEN,,,GREEN,0.0,0.0,禁止促销/先修复,TAG不足80%,历史净毛利较好；历史销量稳定；历史净毛利率高；评分优秀；评论数有基础；TAG不足；图片健康；可售率健康；退货/事故健康；平台空间充足；广告回收较好；促销曾有提升,先修 Listing：Required Tags 只有 75.0%，补到95%后再投放；同步补标题关键词和属性。,A,72,1068.72,0.0,4.5,8,0.011,9,8,353,0,0,0,0,0,0,历史净毛利强；历史销量高；历史净毛利率高；高访问低转化；评分优秀；评论样本偏少,重点经营款：补评论/图片短板，控制广告ACOS，优先修Listing,172.99,134.633017142,61.6,685.3,4.0,0,0,11.0,10.818181818181818,1.890981411716908,0.0,True,False
B,52,5T-1830-1200,DMOM1000,,,Live,18,18,2093.0,743.42,0.355193502150024,43.45388390300002,0.2194751447194303,0.75,0.75,RED,GREEN,GREEN,,,GREEN,0.0,0.0,禁止促销/先修复,TAG不足80%,历史净毛利可用；有一定销量；历史净毛利率高；评分优秀；评论数有基础；TAG不足；图片健康；可售率健康；退货/事故健康；平台空间可用；转化率可用；广告回收较好；促销曾有提升,先修 Listing：Required Tags 只有 75.0%，补到95%后再投放；同步补标题关键词和属性。,A,67,743.42,0.0,4.5,8,0.033,9,4,61,0,0,0,0,0,0,历史净毛利较好；历史销量稳定；历史净毛利率高；评分优秀；评论样本偏少,重点经营款：补评论/图片短板，控制广告ACOS，优先修Listing,197.99,154.536116097,61.6,685.3,4.0,0,0,13.0,11.461538461538462,2.638460289378095,0.0,True,False
B,49,MFC-D3-W,DMOM1022,,,Live,69,44,6164.55,1188.546,0.192803367642407,27.35219949600001,0.1926346890344391,0.7857142857142857,0.6667000000000001,RED,GREEN,GREEN,,,GREEN,0.0,0.0,禁止促销/先修复,TAG不足80%,历史净毛利较好；历史销量高；历史净毛利率偏低；评分健康；评论数有基础；TAG不足；图片健康；可售率健康；退货/事故健康；平台空间可用；转化率可用；促销曾有提升,广告止损：暂停 spend $130.41 但订单 1 的词/商品；保留高意图词，7天看 ROAS 是否回到2以上。,A,62,1188.546,0.0,4.42,12,0.012,11,53,973,0,0,0,0,0,0,历史净毛利强；历史销量高；历史净毛利率偏低；高访问低转化；评分健康；评论数有基础,重点经营款：补评论/图片短板，控制广告ACOS，优先修Listing,141.99,114.637800504,130.41,94.5,1.0,0,0,12.0,13.668333333333337,2.7976154153578303,0.0,True,False
B,47,MFC-D3-B,DMOM1022,,,Live,58,58,5060.2,812.588,0.16058416663373,25.663406116000004,0.1833231381955854,0.7857142857142857,0.6667000000000001,RED,GREEN,GREEN,,,GREEN,0.0,0.0,禁止促销/先修复,TAG不足80%,历史净毛利较好；历史销量高；历史净毛利率偏低；评分健康；评论数有基础；TAG不足；图片健康；可售率健康；退货/事故健康；平台空间可用；转化率可用；存在取消记录；促销曾有提升,广告止损：暂停 spend $130.41 但订单 1 的词/商品；保留高意图词，7天看 ROAS 是否回到2以上。,B,55,812.588,0.0,4.42,12,0.033,11,14,337,0,0,0,0,0,0,历史净毛利较好；历史销量高；历史净毛利率偏低；高访问低转化；评分健康；评论数有基础,观察优化款：先修转化和成本，再放预算,139.99,114.326593884,130.41,94.5,1.0,0,0,11.0,11.636363636363637,3.9523774138389185,1.0,True,False
B,47,LFC-2W,DMOM1018,,,Live,16,16,1669.95,363.353,0.21758316117249,44.12078973500002,0.2286169735996684,0.8214285714285714,0.7082999999999999,RED,GREEN,GREEN,,,GREEN,0.0,0.0,暂不促销,利润/平台空间/承接未完全通过,历史净毛利可用；有一定销量；历史净毛利率偏低；评分健康；评论样本偏少；必填TAG基本合格；图片健康；可售率健康；退货/事故健康；平台空间充足；广告回收较好；促销曾有提升,先补图文承接：补主图、尺寸图、细节图和核心属性；修完看 CVR 是否回到类目均值。,B,41,363.353,0.0,4.4,5,0.013,13,3,150,0,0,0,0,0,0,历史净毛利可用；历史销量稳定；历史净毛利率健康；高访问低转化；评分健康；评论样本偏少,观察优化款：先修转化和成本，再放预算,192.99,148.869210265,28.05,729.0,3.0,0,0,8.0,11.125,3.735216512232341,0.0,True,False
B,46,LFC-3B,DMOM1025,,,Live,23,23,3123.25,756.465,0.242204434483311,49.168771891999995,0.2235045769898631,0.8214285714285714,0.7082999999999999,RED,GREEN,GREEN,,,GREEN,0.0,0.0,谨慎参加5%轻促,必须同时看库存和广告ACOS,历史净毛利可用；历史销量稳定；历史净毛利率健康；评分健康；评论数有基础；必填TAG基本合格；图片健康；可售率健康；退货/事故健康；平台空间充足；高访问低转化；促销曾有提升,广告止损：暂停 spend $124.49 但订单 1 的词/商品；保留高意图词，7天看 ROAS 是否回到2以上。,B,54,854.815,98.35,4.25,8,0.007,6,4,278,0,0,0,0,0,0,历史净毛利较好；历史销量高；历史净毛利率健康；高访问低转化；评分健康；评论样本偏少；存在客诉/扣款,观察优化款：先修转化和成本，再放预算；图片不足8张：优先补图,219.99,170.821228108,124.49,139.5,1.0,0,0,9.0,10.88888888888889,2.729005442732915,0.0,True,False
B,46,MFC-D2-W,DMOM1020,,,Live,41,41,3885.2,681.227999999999,0.175339236075363,35.391749730000015,0.2283486013936383,0.7857142857142857,0.625,RED,GREEN,GREEN,,,GREEN,0.0,0.0,禁止促销/先修复,TAG不足80%,历史净毛利可用；历史销量高；历史净毛利率偏低；评分优秀；评论数有基础；TAG不足；图片健康；可售率健康；退货/事故健康；平台空间充足；促销曾有提升,先修 Listing：Required Tags 只有 78.6%，补到95%后再投放；同步补标题关键词和属性。,B,55,782.087999999999,100.86,4.64,14,0.024,11,20,579,0,0,0,0,0,0,历史净毛利较好；历史销量高；历史净毛利率偏低；高访问低转化；评分优秀；评论数有基础；存在客诉/扣款,观察优化款：先修转化和成本，再放预算,154.99,119.59825027,229.78,495.0,5.0,0,0,13.0,11.538461538461538,3.2338044936526655,0.0,True,False
B,44,6T-2095-122,DMOM1000,,,Live,12,12,1470.0,541.8,0.368571428571428,46.14255386400001,0.2197369106338397,0.75,0.75,RED,GREEN,GREEN,,,GREEN,0.0,0.0,禁止促销/先修复,TAG不足80%；历史深折扣促销未提升,历史净毛利可用；有一定销量；历史净毛利率高；评分优秀；评论数有基础；TAG不足；图片健康；可售率健康；退货/事故健康；平台空间可用；转化率可用；广告回收较好；历史促销未带来有效提升,先修 Listing：Required Tags 只有 75.0%，补到95%后再投放；同步补标题关键词和属性。,A,67,541.8,0.0,4.5,8,0.024,12,3,85,0,0,0,0,0,0,历史净毛利较好；历史销量稳定；历史净毛利率高；评分优秀；评论样本偏少,重点经营款：补评论/图片短板，控制广告ACOS，优先修Listing,209.99,163.847446136,61.6,685.3,4.0,0,0,9.0,11.0,0.9692253504310242,0.0,True,False
B,43,LFC-4B,DMOM1027,,,Live,41,41,6960.0,1900.38,0.273043103448276,62.54928549500002,0.2187114426903039,0.8214285714285714,0.7082999999999999,RED,GREEN,GREEN,,,GREEN,0.0,0.0,禁止促销/先修复,评分低于4.0,历史净毛利强；历史销量高；历史净毛利率健康；评分低于4.0；评论样本偏少；必填TAG基本合格；图片健康；可售率健康；退货/事故健康；平台空间可用；转化率可用；5月广告有花费无订单；促销曾有提升,广告止损：暂停 spend $20.55 但订单 0 的词/商品；保留高意图词，7天看 ROAS 是否回到2以上。,B,47,1900.38,0.0,3.0,4,0.047,6,14,212,0,0,0,0,0,0,历史净毛利强；历史销量高；历史净毛利率健康；高访问低转化；评分低于4.0；评论样本偏少,观察优化款：先修转化和成本，再放预算；图片不足8张：优先补图；评分低：先处理差评原因，不建议放量,285.99,223.440714505,20.55,0.0,0.0,0,0,12.0,11.333333333333334,3.4702517867577805,0.0,True,False
B,42,MFC-D2-B,DMOM1020,,,Live,70,70,6649.5,1257.03,0.189041281299346,35.813332406000015,0.2266810076966897,0.7857142857142857,0.625,RED,GREEN,RED,,,GREEN,0.0,0.0,禁止促销/先修复,TAG不足80%；可售率RED,历史净毛利较好；历史销量高；历史净毛利率偏低；评分优秀；评论数有基础；TAG不足；图片健康；可售率健康度偏弱；退货/事故健康；平台空间充足；转化率可用；存在取消记录；促销曾有提升,先保可售：核对库存/履约/配送承接；可售恢复前暂停促销和加预算，避免有流量无交付。,A,62,1350.53,93.5,4.64,14,0.018,9,19,825,0,0,0,0,0,0,历史净毛利强；历史销量高；历史净毛利率偏低；高访问低转化；评分优秀；评论数有基础；存在客诉/扣款,重点经营款：补评论/图片短板，控制广告ACOS，优先修Listing,157.99,122.176667594,229.78,495.0,5.0,0,0,19.0,11.68421052631579,1.5037858488782057,2.0,True,False
B,40,VFC-3W,DMOM1019,,,Live,17,17,1695.6,388.564,0.229160179287568,36.522869111000006,0.2213641378932056,0.7857142857142857,0.625,RED,GREEN,GREEN,,,GREEN,0.0,0.0,禁止促销/先修复,TAG不足80%,历史净毛利可用；有一定销量；历史净毛利率健康；评分优秀；评论样本偏少；TAG不足；图片健康；可售率健康；退货/事故健康；平台空间充足；促销曾有提升,广告止损：暂停 spend $140.60 但订单 2 的词/商品；保留高意图词，7天看 ROAS 是否回到2以上。,B,44,388.564,0.0,4.75,4,0.013,11,3,155,0,0,0,0,0,0,历史净毛利可用；历史销量稳定；历史净毛利率健康；高访问低转化；评分优秀；评论样本偏少,观察优化款：先修转化和成本，再放预算,164.99,128.467130889,140.6,210.0,2.0,0,0,9.0,11.444444444444445,2.8407191274355825,0.0,True,False
C,38,VFC-3B,DMOM1019,,,Live,44,44,4549.2,1181.628,0.259744130836191,35.74657559800002,0.2179802158546254,0.7857142857142857,0.625,RED,GREEN,GREEN,,,GREEN,1.0,0.0,禁止促销/先修复,TAG不足80%；历史深折扣促销未提升,历史净毛利较好；历史销量高；历史净毛利率健康；评分优秀；评论样本偏少；TAG不足；图片健康；可售率健康；退货/事故健康；平台空间可用；存在客户反馈/退货；历史促销未带来有效提升,广告止损：暂停 spend $140.60 但订单 2 的词/商品；保留高意图词，7天看 ROAS 是否回到2以上。,A,67,1181.628,0.0,4.75,4,0.02,11,13,450,0,0,0,0,0,0,历史净毛利强；历史销量高；历史净毛利率健康；高访问低转化；评分优秀；评论样本偏少,重点经营款：补评论/图片短板，控制广告ACOS，优先修Listing,163.99,128.243424402,140.6,210.0,2.0,,Did not realize that it had to be put together.,11.0,11.181818181818182,0.7715864951703832,0.0,True,False
C,35,VF-ZH-4B,DMOM1029,,,Live,27,27,4404.85,1035.559,0.235095179177498,55.64582536500001,0.2173749965428337,0.8214285714285714,0.7082999999999999,RED,GREEN,GREEN,,,GREEN,0.0,0.0,禁止促销/先修复,评分低于4.0,历史净毛利较好；历史销量稳定；历史净毛利率健康；评分低于4.0；评论样本偏少；必填TAG基本合格；图片健康；可售率健康；退货/事故健康；平台空间可用；5月广告有花费无订单；促销曾有提升,广告止损：暂停 spend $29.58 但订单 0 的词/商品；保留高意图词，7天看 ROAS 是否回到2以上。,B,47,1035.559,0.0,3.33,6,0.021,10,11,427,0,0,0,0,0,0,历史净毛利强；历史销量高；历史净毛利率健康；高访问低转化；评分低于4.0；评论样本偏少,观察优化款：先修转化和成本，再放预算；评分低：先处理差评原因，不建议放量,255.99,200.344174635,29.58,0.0,0.0,0,0,13.0,11.692307692307692,1.969964118135384,0.0,True,False
C,34,3T-Kayak,DMOM1004,,,Live,14,14,1376.1,481.534,0.349926604171209,29.746007789000004,0.203753735111994,0.9048,0.9091,RED,GREEN,RED,,,GREEN,0.0,0.0,禁止促销/先修复,可售率RED,历史净毛利可用；有一定销量；历史净毛利率高；评论样本偏少；必填TAG基本合格；图片健康；可售率健康度偏弱；退货/事故健康；平台空间可用；促销曾有提升,先保可售：核对库存/履约/配送承接；可售恢复前暂停促销和加预算，避免有流量无交付。,B,49,481.534,0.0,0.0,0,0.0,9,0,8,0,0,0,0,0,0,历史净毛利可用；历史销量稳定；历史净毛利率高；评论样本偏少,观察优化款：先修转化和成本，再放预算,145.99,116.243992211,0.0,0.0,0.0,0,0,10.0,11.7,4.617567397414008,0.0,True,False
C,34,5T-1830-900,DMOM1000,,,Live,9,9,551.8,113.692,0.206038419717289,30.663719893000007,0.2190422165368955,0.75,0.75,RED,GREEN,GREEN,,,GREEN,0.0,0.0,禁止促销/先修复,TAG不足80%,历史净毛利偏薄；有一定销量；历史净毛利率偏低；评分优秀；评论数有基础；TAG不足；图片健康；可售率健康；退货/事故健康；平台空间可用；广告回收较好；促销曾有提升,先修 Listing：Required Tags 只有 75.0%，补到95%后再投放；同步补标题关键词和属性。,C,34,113.692,0.0,4.5,8,0.0,9,2,54,0,0,0,0,0,0,历史净毛利偏薄；有一定销量；历史净毛利率健康；评分优秀；评论样本偏少,谨慎款：暂停低效广告，复核价格/利润/客诉后再决定是否保留,139.99,109.326280107,61.6,685.3,4.0,0,0,7.0,11.285714285714286,1.5626067159931705,0.0,True,False
C,34,5T-1600-800,DMOM1000,,,Live,2,2,153.0,57.82,0.377908496732026,26.07029319099999,0.217270549137428,0.75,0.75,RED,GREEN,GREEN,,,GREEN,0.0,0.0,禁止促销/先修复,TAG不足80%,历史净毛利偏薄；销量样本少；历史净毛利率高；评分优秀；评论数有基础；TAG不足；图片健康；可售率健康；退货/事故健康；平台空间可用；广告回收较好,先修 Listing：Required Tags 只有 75.0%，补到95%后再投放；同步补标题关键词和属性。,C,34,57.82,0.0,4.5,8,0.0,8,0,42,0,0,0,0,0,0,历史净毛利偏薄；销量样本少；历史净毛利率高；评分优秀；评论样本偏少,谨慎款：暂停低效广告，复核价格/利润/客诉后再决定是否保留,119.99,93.919706809,61.6,685.3,4.0,0,0,1.0,10.0,1.0,0.0,True,False
C,27,VFC-2W,DMOM1026,,,Live,12,12,710.4,32.976,0.0464189189189189,27.13082962,0.2280093253214556,0.8214285714285714,0.7082999999999999,RED,GREEN,GREEN,,,GREEN,0.0,0.0,禁止促销/先修复,卖家历史净毛利率低于15%,历史净毛利偏薄；有一定销量；历史净毛利率偏低；评分优秀；评论样本偏少；必填TAG基本合格；图片健康；可售率健康；退货/事故健康；平台空间充足；促销曾有提升,先补图文承接：补主图、尺寸图、细节图和核心属性；修完看 CVR 是否回到类目均值。,B,36,32.976,0.0,4.67,3,0.014,6,2,71,0,0,0,0,0,0,历史净毛利偏薄；历史销量稳定；历史净毛利率偏低；评分优秀；评论样本偏少,观察优化款：先修转化和成本，再放预算；图片不足8张：优先补图,118.99,91.85917038,0.0,0.0,0.0,0,0,3.0,10.666666666666666,6.01263823064771,0.0,True,False
C,24,VFC-5B,DMOM1028,,,Live,3,3,459.0,115.56,0.251764705882353,54.844122306,0.2193852646345853,0.8929,0.9583,RED,GREEN,GREEN,,,GREEN,0.0,0.0,暂不促销,利润/平台空间/承接未完全通过,历史净毛利偏薄；销量样本少；历史净毛利率健康；评论样本偏少；必填TAG基本合格；图片健康；可售率健康；退货/事故健康；平台空间可用,先补图文承接：补主图、尺寸图、细节图和核心属性；修完看 CVR 是否回到类目均值。,C,21,115.56,0.0,0.0,0,0.031,7,1,32,0,0,0,0,0,0,历史净毛利偏薄；销量样本少；历史净毛利率健康；评论样本偏少,谨慎款：暂停低效广告，复核价格/利润/客诉后再决定是否保留；图片不足8张：优先补图,249.99,195.145877694,0.0,0.0,0.0,0,0,2.0,10.0,1.0,0.0,True,False
C,20,2T-Kayak,DMOM1001,,,Live,9,9,747.95,253.073,0.338355505047129,26.467435604,0.2036113209016078,0.8571428571428571,0.7273000000000001,RED,GREEN,RED,,,GREEN,0.0,0.0,禁止促销/先修复,评分低于4.0；可售率RED,历史净毛利偏薄；有一定销量；历史净毛利率高；评分低于4.0；评论样本偏少；必填TAG基本合格；图片健康；可售率健康度偏弱；退货/事故健康；平台空间可用；促销曾有提升,先保可售：核对库存/履约/配送承接；可售恢复前暂停促销和加预算，避免有流量无交付。,C,29,253.073,0.0,3.5,2,0.0,9,0,11,0,0,0,0,0,0,历史净毛利可用；有一定销量；历史净毛利率高；评分低于4.0；评论样本偏少,谨慎款：暂停低效广告，复核价格/利润/客诉后再决定是否保留；评分低：先处理差评原因，不建议放量,129.99,103.522564396,0.0,0.0,0.0,0,0,6.0,12.666666666666666,4.521420241086148,0.0,True,False
C,18,LFC-5B,DMOM1024,,,Live,1,1,207.0,49.58,0.23951690821256,70.88414075200001,0.2148069358222976,0.8214285714285714,0.7082999999999999,RED,GREEN,RED,,,GREEN,0.0,0.0,禁止促销/先修复,可售率RED,历史净毛利偏薄；销量样本少；历史净毛利率健康；评论样本偏少；必填TAG基本合格；图片健康；可售率健康度偏弱；退货/事故健康；平台空间可用；转化率可用,先保可售：核对库存/履约/配送承接；可售恢复前暂停促销和加预算，避免有流量无交付。,C,21,49.58,0.0,0.0,0,0.024,6,1,41,0,0,0,0,0,0,历史净毛利偏薄；销量样本少；历史净毛利率健康；评论样本偏少,谨慎款：暂停低效广告，复核价格/利润/客诉后再决定是否保留；图片不足8张：优先补图,329.99,259.105859248,0.0,0.0,0.0,0,0,1.0,10.0,1.0,0.0,True,False
C,14,VF-ZH-4W,DMOM1029,,,Live,17,17,2584.45,474.383,0.183552786859873,56.22492769500002,0.21878255066345,0.8214285714285714,0.7082999999999999,RED,GREEN,GREEN,,,GREEN,0.0,0.0,禁止促销/先修复,评分低于4.0,历史净毛利可用；有一定销量；历史净毛利率偏低；评分低于4.0；评论样本偏少；必填TAG基本合格；图片健康；可售率健康；退货/事故健康；平台空间可用；高访问低转化；5月广告有花费无订单；促销曾有提升,广告止损：暂停 spend $29.58 但订单 0 的词/商品；保留高意图词，7天看 ROAS 是否回到2以上。,C,18,474.383,0.0,3.33,6,0.004,10,3,258,0,0,0,0,0,0,历史净毛利可用；历史销量稳定；历史净毛利率偏低；高访问低转化；评分低于4.0；评论样本偏少,谨慎款：暂停低效广告，复核价格/利润/客诉后再决定是否保留；评分低：先处理差评原因，不建议放量,256.99,200.765072305,29.58,0.0,0.0,0,0,10.0,12.0,1.414842342910258,0.0,True,False
C,14,LFC-5W,DMOM1024,,,Live,1,2,207.0,49.58,0.23951690821256,66.83382482600001,0.2088622295259227,0.8214285714285714,0.7082999999999999,RED,GREEN,RED,,,GREEN,0.0,0.0,禁止促销/先修复,可售率RED,历史净毛利偏薄；销量样本少；历史净毛利率健康；评论样本偏少；必填TAG基本合格；图片健康；可售率健康度偏弱；退货/事故健康；平台空间可用,先保可售：核对库存/履约/配送承接；可售恢复前暂停促销和加预算，避免有流量无交付。,C,21,49.58,0.0,0.0,0,0.0,6,0,65,0,0,0,0,0,0,历史净毛利偏薄；销量样本少；历史净毛利率健康；评论样本偏少,谨慎款：暂停低效广告，复核价格/利润/客诉后再决定是否保留；图片不足8张：优先补图,319.99,253.156175174,0.0,0.0,0.0,0,0,1.0,10.0,1.0,0.0,True,False
C,13,5T-Niudun,DMOM1005,,,Live,3,3,178.2,32.508,0.182424242424242,25.57604550699999,0.2325306437585234,0.875,0.9,RED,GREEN,RED,,,GREEN,0.0,0.0,禁止促销/先修复,可售率RED,历史净毛利偏薄；销量样本少；历史净毛利率偏低；评论样本偏少；必填TAG基本合格；图片健康；可售率健康度偏弱；退货/事故健康；平台空间充足,先保可售：核对库存/履约/配送承接；可售恢复前暂停促销和加预算，避免有流量无交付。,C,7,32.508,0.0,0.0,0,0.009,6,1,111,0,0,0,0,0,0,历史净毛利偏薄；销量样本少；历史净毛利率偏低；高访问低转化；评论样本偏少,谨慎款：暂停低效广告，复核价格/利润/客诉后再决定是否保留；图片不足8张：优先补图,109.99,84.413954493,0.0,0.0,0.0,0,0,3.0,11.0,1.0,0.0,True,False
C,8,3T-B,DMOM1017,,,Live,2,2,126.0,32.44,0.257460317460317,12.722828506999988,0.1383066475377757,0.7222222222222222,0.7,RED,GREEN,GREEN,,,GREEN,0.0,0.0,禁止促销/先修复,TAG不足80%；历史深折扣促销未提升,历史净毛利偏薄；销量样本少；历史净毛利率健康；评分健康；评论样本偏少；TAG不足；图片健康；可售率健康；退货/事故健康；平台空间偏低；转化率可用；历史促销未带来有效提升,先修 Listing：Required Tags 只有 72.2%，补到95%后再投放；同步补标题关键词和属性。,C,15,32.44,0.0,4.0,1,0.008,9,0,121,0,0,0,0,0,0,历史净毛利偏薄；销量样本少；历史净毛利率健康；高访问低转化；评论样本偏少,谨慎款：暂停低效广告，复核价格/利润/客诉后再决定是否保留,91.99,79.267171493,52.81,122.5,2.0,0,0,3.0,10.0,0.6666666666666666,0.0,True,False
C,7,LFC-4W,DMOM1027,,,Live,8,8,1236.0,256.08,0.207184466019417,62.499056145,0.2232188869066752,0.8214285714285714,0.7082999999999999,RED,GREEN,GREEN,,,GREEN,0.0,0.0,禁止促销/先修复,评分低于4.0；历史深折扣促销未提升,历史净毛利偏薄；有一定销量；历史净毛利率偏低；评分低于4.0；评论样本偏少；必填TAG基本合格；图片健康；可售率健康；退货/事故健康；平台空间充足；5月广告有花费无订单；历史促销未带来有效提升,广告止损：暂停 spend $20.55 但订单 0 的词/商品；保留高意图词，7天看 ROAS 是否回到2以上。,C,16,256.08,0.0,3.0,4,0.01,6,1,101,0,0,0,0,0,0,历史净毛利可用；有一定销量；历史净毛利率健康；高访问低转化；评分低于4.0；评论样本偏少,谨慎款：暂停低效广告，复核价格/利润/客诉后再决定是否保留；图片不足8张：优先补图；评分低：先处理差评原因，不建议放量,279.99,217.490943855,20.55,0.0,0.0,0,0,4.0,11.0,0.7612107623318385,0.0,True,False
C,5,VFC-4B,DMOM1023,,,Live,17,17,1960.0,205.79,0.104994897959184,44.682597856,0.2234241604880244,0.8214285714285714,0.7082999999999999,RED,GREEN,GREEN,,,GREEN,2.0,0.0,禁止促销/先修复,卖家历史净毛利率低于15%；历史深折扣促销未提升,历史净毛利偏薄；有一定销量；历史净毛利率偏低；评分健康；评论样本偏少；必填TAG基本合格；图片健康；可售率健康；退货/事故健康；平台空间充足；5月广告有花费无订单；存在客户反馈/退货；历史促销未带来有效提升,广告止损：暂停 spend $30.71 但订单 0 的词/商品；保留高意图词，7天看 ROAS 是否回到2以上。,C,27,358.3,152.51,4.17,6,0.016,7,5,185,0,0,0,0,0,0,历史净毛利可用；历史销量稳定；历史净毛利率偏低；高访问低转化；评论样本偏少；存在客诉/扣款,谨慎款：暂停低效广告，复核价格/利润/客诉后再决定是否保留；图片不足8张：优先补图,199.99,155.307402144,30.71,0.0,0.0,Assembly,This came in error but decided to keep.  Can always use more storage.  Hubby put together pretty easily.,10.0,11.4,0.5975804701484098,0.0,True,False
C,2,5T-dong-183-120,DMOM1015,,,Live,24,23,2212.08,255.3552,0.115436693067159,39.217294649,0.2203342583796842,0.75,0.85,RED,RED,RED,,,GREEN,0.0,0.0,禁止促销/先修复,卖家历史净毛利率低于15%；TAG不足80%；可售率RED,历史净毛利偏薄；历史销量稳定；历史净毛利率偏低；评分健康；评论样本偏少；TAG不足；图片健康度RED；可售率健康度偏弱；退货/事故健康；平台空间充足；转化率可用；促销曾有提升,先保可售：核对库存/履约/配送承接；可售恢复前暂停促销和加预算，避免有流量无交付。,B,49,255.3552,0.0,4.33,6,0.031,6,2,32,0,0,0,0,0,0,历史净毛利可用；历史销量高；历史净毛利率偏低；评分健康；评论样本偏少,观察优化款：先修转化和成本，再放预算；图片不足8张：优先补图,177.99,138.772705351,0.0,0.0,0.0,0,0,12.0,11.166666666666666,2.3718747572794494,0.0,True,False
C,0,5T-dong-198-120,DMOM1015,,,Live,6,6,490.6,71.164,0.145055034651447,36.328240515000005,0.2201844991514637,0.75,0.85,RED,RED,RED,,,GREEN,0.0,0.0,禁止促销/先修复,卖家历史净毛利率低于15%；TAG不足80%；可售率RED,历史净毛利偏薄；销量样本少；历史净毛利率偏低；评分健康；评论样本偏少；TAG不足；图片健康度RED；可售率健康度偏弱；退货/事故健康；平台空间充足；促销曾有提升,先保可售：核对库存/履约/配送承接；可售恢复前暂停促销和加预算，避免有流量无交付。,C,25,71.164,0.0,4.33,6,0.0,7,0,7,0,0,0,0,0,0,历史净毛利偏薄；有一定销量；历史净毛利率偏低；评分健康；评论样本偏少,谨慎款：暂停低效广告，复核价格/利润/客诉后再决定是否保留；图片不足8张：优先补图,164.99,128.661759485,0.0,0.0,0.0,0,0,5.0,10.4,6.228191927512356,0.0,True,False
C,0,3T-W,DMOM1017,,,Live,8,8,490.0,48.94,0.0998775510204082,12.650981157999992,0.1360466841380793,0.7222222222222222,0.7,RED,GREEN,GREEN,,,GREEN,0.0,0.0,禁止促销/先修复,卖家历史净毛利率低于15%；TAG不足80%；历史深折扣促销未提升,历史净毛利偏薄；有一定销量；历史净毛利率偏低；评分健康；评论样本偏少；TAG不足；图片健康；可售率健康；退货/事故健康；平台空间偏低；转化率可用；历史促销未带来有效提升,先修 Listing：Required Tags 只有 72.2%，补到95%后再投放；同步补标题关键词和属性。,C,12,116.6,67.66,4.0,1,0.01,8,5,628,0,0,0,0,0,0,历史净毛利偏薄；有一定销量；历史净毛利率偏低；高访问低转化；评论样本偏少；存在客诉/扣款,谨慎款：暂停低效广告，复核价格/利润/客诉后再决定是否保留,92.99,80.339018842,52.81,122.5,2.0,0,0,3.0,10.0,0.6666666666666666,0.0,True,False
C,0,CW12S0768,,,,,1,1,25.0,0.0,0.0,0.0,0.0,0.0,0.0,0,0,0,0,0.0,0,0.0,0.0,禁止促销/先修复,卖家历史净毛利率低于15%,历史净毛利为负或不足；销量样本少；历史利润率需复核；评论样本偏少；TAG不足；存在取消记录,先修利润：复核 Cost Stack、Base 和供货成本；毛利率 0.0% / 平台空间 0.0% 未达标不叠加广告促销。,C,-25,0.0,0.0,0.0,0,0.0,0,0,0,0,0,0,0,0,0,历史净毛利为负或不足；销量样本少；历史利润率需复核；评论样本偏少,谨慎款：暂停低效广告，复核价格/利润/客诉后再决定是否保留,0.0,0.0,0.0,0.0,0.0,0,0,0.0,0.0,0.0,1.0,True,False
C,0,T2398P171203,MFC-D2-W,2抽鹅颈活动柜白色,文件柜,,0,0,0.0,0.0,0.0,35.391749730000015,0.2283486013936383,0.7857142857142857,0.625,RED,GREEN,GREEN,,,GREEN,0.0,0.0,库存对照行不单独决策,该行是仓库/库存SKU映射，主决策以对应销售SKU为准,历史净毛利为负或不足；历史利润率需复核；评分优秀；评论数有基础；TAG不足；图片健康；可售率健康；退货/事故健康；平台空间充足；促销曾有提升,新品/无历史：只补基础 Listing 和价格口径；不上大促，广告日预算小额测 7 天，有订单再升级。,N,0,0.0,0.0,0.0,0,0.0,0,0,0,0,0,0,0,0,0,无历史订单/销售记录，按新品观察,小预算测款，先补图文与基础价格口径,154.99,119.59825027,229.78,495.0,5.0,0,0,13.0,11.538461538461538,3.2338044936526655,0.0,True,True
C,0,T2398P171197,MFC-D2-B,2抽鹅颈活动柜黑色,文件柜,,0,0,0.0,0.0,0.0,35.813332406000015,0.2266810076966897,0.7857142857142857,0.625,RED,GREEN,RED,,,GREEN,0.0,0.0,库存对照行不单独决策,该行是仓库/库存SKU映射，主决策以对应销售SKU为准,历史净毛利为负或不足；历史利润率需复核；评分优秀；评论数有基础；TAG不足；图片健康；可售率健康度偏弱；退货/事故健康；平台空间充足；转化率可用；存在取消记录；促销曾有提升,新品/无历史：只补基础 Listing 和价格口径；不上大促，广告日预算小额测 7 天，有订单再升级。,N,0,0.0,0.0,0.0,0,0.0,0,0,0,0,0,0,0,0,0,无历史订单/销售记录，按新品观察,小预算测款，先补图文与基础价格口径,157.99,122.176667594,229.78,495.0,5.0,0,0,19.0,11.68421052631579,1.5037858488782057,2.0,True,True
C,0,T2398P160411,5T-1830-1200,,,,0,0,0.0,0.0,0.0,43.45388390300002,0.2194751447194303,0.75,0.75,RED,GREEN,GREEN,,,GREEN,0.0,0.0,库存对照行不单独决策,该行是仓库/库存SKU映射，主决策以对应销售SKU为准,历史净毛利为负或不足；历史利润率需复核；评分优秀；评论数有基础；TAG不足；图片健康；可售率健康；退货/事故健康；平台空间可用；转化率可用；广告回收较好；促销曾有提升,新品/无历史：只补基础 Listing 和价格口径；不上大促，广告日预算小额测 7 天，有订单再升级。,N,0,0.0,0.0,0.0,0,0.0,0,0,0,0,0,0,0,0,0,无历史订单/销售记录，按新品观察,小预算测款，先补图文与基础价格口径,197.99,154.536116097,61.6,685.3,4.0,0,0,13.0,11.461538461538462,2.638460289378095,0.0,True,True
C,0,T2398P272107,LFC-2W-680,680宽二抽-白,文件柜,,0,0,0.0,0.0,0.0,38.016189803,0.2290269883908669,0.9286,0.9583,RED,GREEN,RED,,,GREEN,0.0,0.0,库存对照行不单独决策,该行是仓库/库存SKU映射，主决策以对应销售SKU为准,历史净毛利为负或不足；历史利润率需复核；评分健康；评论数有基础；必填TAG基本合格；图片健康；可售率健康度偏弱；退货/事故健康；平台空间充足；转化率可用；促销曾有提升,新品/无历史：只补基础 Listing 和价格口径；不上大促，广告日预算小额测 7 天，有订单再升级。,N,0,0.0,0.0,0.0,0,0.0,0,0,0,0,0,0,0,0,0,无历史订单/销售记录，按新品观察,小预算测款，先补图文与基础价格口径,165.99,127.973810197,402.38,960.0,9.0,0,0,19.0,12.0,2.7943921130643044,0.0,True,True
C,0,T2398P154427,LFC-2B,宽卡2抽黑色,文件柜,,0,0,0.0,0.0,0.0,43.98812648200001,0.2267546083921852,0.8214285714285714,0.7082999999999999,RED,GREEN,GREEN,,,GREEN,0.0,0.0,库存对照行不单独决策,该行是仓库/库存SKU映射，主决策以对应销售SKU为准,历史净毛利为负或不足；历史利润率需复核；评分健康；评论样本偏少；必填TAG基本合格；图片健康；可售率健康；退货/事故健康；平台空间充足；广告回收较好；促销曾有提升,新品/无历史：只补基础 Listing 和价格口径；不上大促，广告日预算小额测 7 天，有订单再升级。,N,0,0.0,0.0,0.0,0,0.0,0,0,0,0,0,0,0,0,0,无历史订单/销售记录，按新品观察,小预算测款，先补图文与基础价格口径,193.99,150.001873518,28.05,729.0,3.0,0,0,12.0,12.083333333333334,1.4554457633662967,0.0,True,True
C,0,T2398P160409,5T-1830-900,,,,0,0,0.0,0.0,0.0,30.663719893000007,0.2190422165368955,0.75,0.75,RED,GREEN,GREEN,,,GREEN,0.0,0.0,库存对照行不单独决策,该行是仓库/库存SKU映射，主决策以对应销售SKU为准,历史净毛利为负或不足；历史利润率需复核；评分优秀；评论数有基础；TAG不足；图片健康；可售率健康；退货/事故健康；平台空间可用；广告回收较好；促销曾有提升,新品/无历史：只补基础 Listing 和价格口径；不上大促，广告日预算小额测 7 天，有订单再升级。,N,0,0.0,0.0,0.0,0,0.0,0,0,0,0,0,0,0,0,0,无历史订单/销售记录，按新品观察,小预算测款，先补图文与基础价格口径,139.99,109.326280107,61.6,685.3,4.0,0,0,7.0,11.285714285714286,1.5626067159931705,0.0,True,True
C,0,T2398P272100,VF-ZH-4B,4抽窄卡组合柜-黑,文件柜,,0,0,0.0,0.0,0.0,55.64582536500001,0.2173749965428337,0.8214285714285714,0.7082999999999999,RED,GREEN,GREEN,,,GREEN,0.0,0.0,库存对照行不单独决策,该行是仓库/库存SKU映射，主决策以对应销售SKU为准,历史净毛利为负或不足；历史利润率需复核；评分低于4.0；评论样本偏少；必填TAG基本合格；图片健康；可售率健康；退货/事故健康；平台空间可用；5月广告有花费无订单；促销曾有提升,新品/无历史：只补基础 Listing 和价格口径；不上大促，广告日预算小额测 7 天，有订单再升级。,N,0,0.0,0.0,0.0,0,0.0,0,0,0,0,0,0,0,0,0,无历史订单/销售记录，按新品观察,小预算测款，先补图文与基础价格口径,255.99,200.344174635,29.58,0.0,0.0,0,0,13.0,11.692307692307692,1.969964118135384,0.0,True,True
C,0,T2398P211228,3T-W,3层置物架-白,,,0,0,0.0,0.0,0.0,12.650981157999992,0.1360466841380793,0.7222222222222222,0.7,RED,GREEN,GREEN,,,GREEN,0.0,0.0,库存对照行不单独决策,该行是仓库/库存SKU映射，主决策以对应销售SKU为准,历史净毛利为负或不足；历史利润率需复核；评分健康；评论样本偏少；TAG不足；图片健康；可售率健康；退货/事故健康；平台空间偏低；转化率可用；历史促销未带来有效提升,新品/无历史：只补基础 Listing 和价格口径；不上大促，广告日预算小额测 7 天，有订单再升级。,N,0,0.0,0.0,0.0,0,0.0,0,0,0,0,0,0,0,0,0,无历史订单/销售记录，按新品观察,小预算测款，先补图文与基础价格口径,92.99,80.339018842,52.81,122.5,2.0,0,0,3.0,10.0,0.6666666666666666,0.0,True,True
C,0,T2398P252494,6T-2095-122,,,,0,0,0.0,0.0,0.0,46.14255386400001,0.2197369106338397,0.75,0.75,RED,GREEN,GREEN,,,GREEN,0.0,0.0,库存对照行不单独决策,该行是仓库/库存SKU映射，主决策以对应销售SKU为准,历史净毛利为负或不足；历史利润率需复核；评分优秀；评论数有基础；TAG不足；图片健康；可售率健康；退货/事故健康；平台空间可用；转化率可用；广告回收较好；历史促销未带来有效提升,新品/无历史：只补基础 Listing 和价格口径；不上大促，广告日预算小额测 7 天，有订单再升级。,N,0,0.0,0.0,0.0,0,0.0,0,0,0,0,0,0,0,0,0,无历史订单/销售记录，按新品观察,小预算测款，先补图文与基础价格口径,209.99,163.847446136,61.6,685.3,4.0,0,0,9.0,11.0,0.9692253504310242,0.0,True,True
C,0,T2398P154445,LFC-3B,宽卡3抽黑色,文件柜,,0,0,0.0,0.0,0.0,49.168771891999995,0.2235045769898631,0.8214285714285714,0.7082999999999999,RED,GREEN,GREEN,,,GREEN,0.0,0.0,库存对照行不单独决策,该行是仓库/库存SKU映射，主决策以对应销售SKU为准,历史净毛利为负或不足；历史利润率需复核；评分健康；评论数有基础；必填TAG基本合格；图片健康；可售率健康；退货/事故健康；平台空间充足；促销曾有提升,新品/无历史：只补基础 Listing 和价格口径；不上大促，广告日预算小额测 7 天，有订单再升级。,N,0,0.0,0.0,0.0,0,0.0,0,0,0,0,0,0,0,0,0,无历史订单/销售记录，按新品观察,小预算测款，先补图文与基础价格口径,219.99,170.821228108,124.49,139.5,1.0,0,0,9.0,10.88888888888889,2.729005442732915,0.0,True,True
C,0,T2398P154447,LFC-3W,宽卡3抽白色,文件柜,,0,0,0.0,0.0,0.0,49.43500948900001,0.2247148028955862,0.8214285714285714,0.7082999999999999,RED,GREEN,GREEN,,,GREEN,0.0,0.0,库存对照行不单独决策,该行是仓库/库存SKU映射，主决策以对应销售SKU为准,历史净毛利为负或不足；历史利润率需复核；评分健康；评论数有基础；必填TAG基本合格；图片健康；可售率健康；退货/事故健康；平台空间充足；转化率可用；促销曾有提升,新品/无历史：只补基础 Listing 和价格口径；不上大促，广告日预算小额测 7 天，有订单再升级。,N,0,0.0,0.0,0.0,0,0.0,0,0,0,0,0,0,0,0,0,无历史订单/销售记录，按新品观察,小预算测款，先补图文与基础价格口径,219.99,170.554990511,124.49,139.5,1.0,0,0,19.0,11.210526315789474,2.8522000851542737,0.0,True,True
C,0,T2398P272106,LFC-2B-680,680宽二抽-黑,文件柜,,0,0,0.0,0.0,0.0,37.90994458100002,0.2283869183746009,0.9286,0.9583,RED,GREEN,GREEN,YELLOW,,GREEN,8.0,1.0,库存对照行不单独决策,该行是仓库/库存SKU映射，主决策以对应销售SKU为准,历史净毛利为负或不足；历史利润率需复核；评分健康；评论数有基础；必填TAG基本合格；图片健康；可售率健康；配送速度健康度偏弱；退货/事故健康；平台空间充足；转化率可用；存在客户反馈/退货；促销曾有提升,新品/无历史：只补基础 Listing 和价格口径；不上大促，广告日预算小额测 7 天，有订单再升级。,N,0,0.0,0.0,0.0,0,0.0,0,0,0,0,0,0,0,0,0,无历史订单/销售记录，按新品观察,小预算测款，先补图文与基础价格口径,165.99,128.080055419,402.38,960.0,9.0,Assembly; Defect/Damage; Quality/Price; Time,Panel arrived damaged. Impacting performance of drawers.,12.0,11.25,2.6676433569110665,0.0,True,True
C,0,T2398P182180,LFC-5B,宽卡5抽黑色,文件柜,,0,0,0.0,0.0,0.0,70.88414075200001,0.2148069358222976,0.8214285714285714,0.7082999999999999,RED,GREEN,RED,,,GREEN,0.0,0.0,库存对照行不单独决策,该行是仓库/库存SKU映射，主决策以对应销售SKU为准,历史净毛利为负或不足；历史利润率需复核；评论样本偏少；必填TAG基本合格；图片健康；可售率健康度偏弱；退货/事故健康；平台空间可用；转化率可用,新品/无历史：只补基础 Listing 和价格口径；不上大促，广告日预算小额测 7 天，有订单再升级。,N,0,0.0,0.0,0.0,0,0.0,0,0,0,0,0,0,0,0,0,无历史订单/销售记录，按新品观察,小预算测款，先补图文与基础价格口径,329.99,259.105859248,0.0,0.0,0.0,0,0,1.0,10.0,1.0,0.0,True,True
C,0,T2398P154450,LFC-4B,宽卡4抽黑色,文件柜,,0,0,0.0,0.0,0.0,62.54928549500002,0.2187114426903039,0.8214285714285714,0.7082999999999999,RED,GREEN,GREEN,,,GREEN,0.0,0.0,库存对照行不单独决策,该行是仓库/库存SKU映射，主决策以对应销售SKU为准,历史净毛利为负或不足；历史利润率需复核；评分低于4.0；评论样本偏少；必填TAG基本合格；图片健康；可售率健康；退货/事故健康；平台空间可用；转化率可用；5月广告有花费无订单；促销曾有提升,新品/无历史：只补基础 Listing 和价格口径；不上大促，广告日预算小额测 7 天，有订单再升级。,N,0,0.0,0.0,0.0,0,0.0,0,0,0,0,0,0,0,0,0,无历史订单/销售记录，按新品观察,小预算测款，先补图文与基础价格口径,285.99,223.440714505,20.55,0.0,0.0,0,0,12.0,11.333333333333334,3.4702517867577805,0.0,True,True
C,0,T2398P152000,MFC-D3-W,3抽鹅颈活动柜白色,文件柜,,0,0,0.0,0.0,0.0,27.35219949600001,0.1926346890344391,0.7857142857142857,0.6667000000000001,RED,GREEN,GREEN,,,GREEN,0.0,0.0,库存对照行不单独决策,该行是仓库/库存SKU映射，主决策以对应销售SKU为准,历史净毛利为负或不足；历史利润率需复核；评分健康；评论数有基础；TAG不足；图片健康；可售率健康；退货/事故健康；平台空间可用；转化率可用；促销曾有提升,新品/无历史：只补基础 Listing 和价格口径；不上大促，广告日预算小额测 7 天，有订单再升级。,N,0,0.0,0.0,0.0,0,0.0,0,0,0,0,0,0,0,0,0,无历史订单/销售记录，按新品观察,小预算测款，先补图文与基础价格口径,141.99,114.637800504,130.41,94.5,1.0,0,0,12.0,13.668333333333337,2.7976154153578303,0.0,True,True
C,0,T2398P154428,LFC-2W,宽卡2抽白色,文件柜,,0,0,0.0,0.0,0.0,44.12078973500002,0.2286169735996684,0.8214285714285714,0.7082999999999999,RED,GREEN,GREEN,,,GREEN,0.0,0.0,库存对照行不单独决策,该行是仓库/库存SKU映射，主决策以对应销售SKU为准,历史净毛利为负或不足；历史利润率需复核；评分健康；评论样本偏少；必填TAG基本合格；图片健康；可售率健康；退货/事故健康；平台空间充足；广告回收较好；促销曾有提升,新品/无历史：只补基础 Listing 和价格口径；不上大促，广告日预算小额测 7 天，有订单再升级。,N,0,0.0,0.0,0.0,0,0.0,0,0,0,0,0,0,0,0,0,无历史订单/销售记录，按新品观察,小预算测款，先补图文与基础价格口径,192.99,148.869210265,28.05,729.0,3.0,0,0,8.0,11.125,3.735216512232341,0.0,True,True
C,0,T2398P154418,VFC-3B,窄卡3抽黑色,文件柜,,0,0,0.0,0.0,0.0,35.74657559800002,0.2179802158546254,0.7857142857142857,0.625,RED,GREEN,GREEN,,,GREEN,1.0,0.0,库存对照行不单独决策,该行是仓库/库存SKU映射，主决策以对应销售SKU为准,历史净毛利为负或不足；历史利润率需复核；评分优秀；评论样本偏少；TAG不足；图片健康；可售率健康；退货/事故健康；平台空间可用；存在客户反馈/退货；历史促销未带来有效提升,新品/无历史：只补基础 Listing 和价格口径；不上大促，广告日预算小额测 7 天，有订单再升级。,N,0,0.0,0.0,0.0,0,0.0,0,0,0,0,0,0,0,0,0,无历史订单/销售记录，按新品观察,小预算测款，先补图文与基础价格口径,163.99,128.243424402,140.6,210.0,2.0,,Did not realize that it had to be put together.,11.0,11.181818181818182,0.7715864951703832,0.0,True,True
C,0,T2398P160410,5T-1980-1200,,,,0,0,0.0,0.0,0.0,38.35698285800001,0.2217294806520608,0.75,0.75,RED,GREEN,GREEN,,,GREEN,0.0,0.0,库存对照行不单独决策,该行是仓库/库存SKU映射，主决策以对应销售SKU为准,历史净毛利为负或不足；历史利润率需复核；评分优秀；评论数有基础；TAG不足；图片健康；可售率健康；退货/事故健康；平台空间充足；广告回收较好；促销曾有提升,新品/无历史：只补基础 Listing 和价格口径；不上大促，广告日预算小额测 7 天，有订单再升级。,N,0,0.0,0.0,0.0,0,0.0,0,0,0,0,0,0,0,0,0,无历史订单/销售记录，按新品观察,小预算测款，先补图文与基础价格口径,172.99,134.633017142,61.6,685.3,4.0,0,0,11.0,10.818181818181818,1.890981411716908,0.0,True,True
C,0,T2398P305831,4T-Kayak,,,,0,0,0.0,0.0,0.0,40.230844891,0.2063226057284989,0.8571428571428571,0.7273000000000001,RED,GREEN,GREEN,,,GREEN,2.0,0.0,库存对照行不单独决策,该行是仓库/库存SKU映射，主决策以对应销售SKU为准,历史净毛利为负或不足；历史利润率需复核；评分优秀；评论样本偏少；必填TAG基本合格；图片健康；可售率健康；退货/事故健康；平台空间可用；转化率可用；广告回收较好；存在客户反馈/退货；促销曾有提升,新品/无历史：只补基础 Listing 和价格口径；不上大促，广告日预算小额测 7 天，有订单再升级。,N,0,0.0,0.0,0.0,0,0.0,0,0,0,0,0,0,0,0,0,无历史订单/销售记录，按新品观察,小预算测款，先补图文与基础价格口径,194.99,154.759155109,32.69,252.0,2.0,Assembly; Quality/Price,Easy to put together and very heavy duty.  Very pleased with this purchase!,19.0,11.263157894736842,2.9630136739248853,0.0,True,True
C,0,T2398P152001,MFC-D3-B,3抽鹅颈活动柜黑色,文件柜,,0,0,0.0,0.0,0.0,25.663406116000004,0.1833231381955854,0.7857142857142857,0.6667000000000001,RED,GREEN,GREEN,,,GREEN,0.0,0.0,库存对照行不单独决策,该行是仓库/库存SKU映射，主决策以对应销售SKU为准,历史净毛利为负或不足；历史利润率需复核；评分健康；评论数有基础；TAG不足；图片健康；可售率健康；退货/事故健康；平台空间可用；存在取消记录；促销曾有提升,新品/无历史：只补基础 Listing 和价格口径；不上大促，广告日预算小额测 7 天，有订单再升级。,N,0,0.0,0.0,0.0,0,0.0,0,0,0,0,0,0,0,0,0,无历史订单/销售记录，按新品观察,小预算测款，先补图文与基础价格口径,139.99,114.326593884,130.41,94.5,1.0,0,0,11.0,11.636363636363637,3.9523774138389185,1.0,True,True
C,0,T2398P154421,VFC-4B,窄卡4抽黑色,文件柜,,0,0,0.0,0.0,0.0,44.682597856,0.2234241604880244,0.8214285714285714,0.7082999999999999,RED,GREEN,GREEN,,,GREEN,2.0,0.0,库存对照行不单独决策,该行是仓库/库存SKU映射，主决策以对应销售SKU为准,历史净毛利为负或不足；历史利润率需复核；评分健康；评论样本偏少；必填TAG基本合格；图片健康；可售率健康；退货/事故健康；平台空间充足；5月广告有花费无订单；存在客户反馈/退货；历史促销未带来有效提升,新品/无历史：只补基础 Listing 和价格口径；不上大促，广告日预算小额测 7 天，有订单再升级。,N,0,0.0,0.0,0.0,0,0.0,0,0,0,0,0,0,0,0,0,无历史订单/销售记录，按新品观察,小预算测款，先补图文与基础价格口径,199.99,155.307402144,30.71,0.0,0.0,Assembly,This came in error but decided to keep.  Can always use more storage.  Hubby put together pretty easily.,10.0,11.4,0.5975804701484098,0.0,True,True
C,0,VFC-4W,DMOM1023,,,Live,4,4,365.4,-6.124,-0.016759715380405,44.633462616,0.2231784720036002,0.8214285714285714,0.7082999999999999,RED,GREEN,GREEN,,,GREEN,0.0,0.0,禁止促销/先修复,卖家历史净毛利率低于15%；历史深折扣促销未提升,历史净毛利为负或不足；销量样本少；历史利润率需复核；评分健康；评论样本偏少；必填TAG基本合格；图片健康；可售率健康；退货/事故健康；平台空间充足；5月广告有花费无订单；历史促销未带来有效提升,广告止损：暂停 spend $30.71 但订单 0 的词/商品；保留高意图词，7天看 ROAS 是否回到2以上。,C,-23,-6.124,0.0,4.17,6,0.0,7,1,77,0,0,0,0,0,0,历史净毛利为负或不足；销量样本少；历史利润率需复核；评论样本偏少,谨慎款：暂停低效广告，复核价格/利润/客诉后再决定是否保留；图片不足8张：优先补图,199.99,155.356537384,30.71,0.0,0.0,0,0,4.0,11.25,0.75,0.0,True,False
C,0,5T-wangge,DMOM1016,,,Live,3,3,0.0,-135.0,0.0,25.28263930899999,0.2198681564396903,0.75,0.85,RED,GREEN,GREEN,,,GREEN,0.0,0.0,禁止促销/先修复,卖家历史净毛利率低于15%；TAG不足80%,历史净毛利为负或不足；销量样本少；历史利润率需复核；评分健康；评论样本偏少；TAG不足；图片健康；可售率健康；退货/事故健康；平台空间可用；5月广告有花费无订单,广告止损：暂停 spend $9.73 但订单 0 的词/商品；保留高意图词，7天看 ROAS 是否回到2以上。,C,-20,-135.0,0.0,4.33,3,0.0,7,0,42,0,0,0,0,0,0,历史净毛利为负或不足；销量样本少；历史利润率需复核；评分健康；评论样本偏少,谨慎款：暂停低效广告，复核价格/利润/客诉后再决定是否保留；图片不足8张：优先补图,114.99,89.707360691,9.73,0.0,0.0,0,0,1.0,12.0,0.0,0.0,True,False
N,0,T2398P154416,VFC-2W,窄卡2抽白色,文件柜,,0,0,0.0,0.0,0.0,27.13082962,0.2280093253214556,0.8214285714285714,0.7082999999999999,RED,GREEN,GREEN,,,GREEN,0.0,0.0,库存对照行不单独决策,该行是仓库/库存SKU映射，主决策以对应销售SKU为准,无历史订单/销售记录，按新品观察,新品/无历史：只补基础 Listing 和价格口径；不上大促，广告日预算小额测 7 天，有订单再升级。,N,0,0.0,0.0,0.0,0,0.0,0,0,0,0,0,0,0,0,0,无历史订单/销售记录，按新品观察,小预算测款，先补图文与基础价格口径,118.99,91.85917038,0.0,0.0,0.0,0,0,3.0,10.666666666666666,6.01263823064771,0.0,True,True
N,0,T2398P354183,CT-01,"火烧云钢木结合
半升降咖啡桌",咖啡桌,,0,0,0.0,0.0,0.0,82.879554337,0.3355583397586947,0.7778,0.75,RED,GREEN,GREEN,,,GREEN,0.0,0.0,新品不进大促,只允许小预算测款，先补基础Listing和价格口径,无历史订单/销售记录，按新品观察,新品/无历史：只补基础 Listing 和价格口径；不上大促，广告日预算小额测 7 天，有订单再升级。,N,0,0.0,0.0,0.0,0,0.0,0,0,0,0,0,0,0,0,0,无历史订单/销售记录，按新品观察,小预算测款，先补图文与基础价格口径,246.99,164.110445663,0.0,0.0,0.0,0,0,0.0,0.0,0.0,0.0,True,False
N,0,T2398P350191,PT05-WH,白色金属中对开压型储物柜,餐边柜,,0,0,0.0,0.0,0.0,52.33465007800001,0.3078689927525149,0.8,0.7273000000000001,RED,GREEN,GREEN,,,GREEN,0.0,0.0,新品不进大促,只允许小预算测款，先补基础Listing和价格口径,无历史订单/销售记录，按新品观察,新品/无历史：只补基础 Listing 和价格口径；不上大促，广告日预算小额测 7 天，有订单再升级。,N,0,0.0,0.0,0.0,0,0.0,0,0,0,0,0,0,0,0,0,无历史订单/销售记录，按新品观察,小预算测款，先补图文与基础价格口径,169.99,117.655349922,0.0,0.0,0.0,0,0,0.0,0.0,0.0,0.0,True,False
N,0,T2398P413027,Pantry-08,白色金属上下对开门K字储物柜,餐边柜,,0,0,0.0,0.0,0.0,0.0,0.0,0.0,0.0,0,0,0,0,0.0,0,0.0,0.0,新品不进大促,只允许小预算测款，先补基础Listing和价格口径,无历史订单/销售记录，按新品观察,新品/无历史：只补基础 Listing 和价格口径；不上大促，广告日预算小额测 7 天，有订单再升级。,N,0,0.0,0.0,0.0,0,0.0,0,0,0,0,0,0,0,0,0,无历史订单/销售记录，按新品观察,小预算测款，先补图文与基础价格口径,0.0,0.0,0.0,0.0,0.0,0,0,0.0,0.0,0.0,0.0,False,False
N,0,W2735P332345,record-desk-Black,黑色铁木结合柜门带插座掀盖唱片桌,,,0,0,0.0,0.0,0.0,0.0,0.0,0.0,0.0,0,0,0,0,0.0,0,0.0,0.0,新品不进大促,只允许小预算测款，先补基础Listing和价格口径,无历史订单/销售记录，按新品观察,新品/无历史：只补基础 Listing 和价格口径；不上大促，广告日预算小额测 7 天，有订单再升级。,N,0,0.0,0.0,0.0,0,0.0,0,0,0,0,0,0,0,0,0,无历史订单/销售记录，按新品观察,小预算测款，先补图文与基础价格口径,0.0,0.0,0.0,0.0,0.0,0,0,0.0,0.0,0.0,0.0,False,False
N,0,T2398P465981,,白色金属等六抽斗柜,,,0,0,0.0,0.0,0.0,0.0,0.0,0.0,0.0,0,0,0,0,0.0,0,0.0,0.0,新品不进大促,只允许小预算测款，先补基础Listing和价格口径,无历史订单/销售记录，按新品观察,新品/无历史：只补基础 Listing 和价格口径；不上大促，广告日预算小额测 7 天，有订单再升级。,N,0,0.0,0.0,0.0,0,0.0,0,0,0,0,0,0,0,0,0,无历史订单/销售记录，按新品观察,小预算测款，先补图文与基础价格口径,0.0,0.0,0.0,0.0,0.0,0,0,0.0,0.0,0.0,0.0,False,False
N,0,T2398P442669,P442669,黑色金属矮文件柜（2层板）,,,0,0,0.0,0.0,0.0,0.0,0.0,0.0,0.0,0,0,0,0,0.0,0,0.0,0.0,新品不进大促,只允许小预算测款，先补基础Listing和价格口径,无历史订单/销售记录，按新品观察,新品/无历史：只补基础 Listing 和价格口径；不上大促，广告日预算小额测 7 天，有订单再升级。,N,0,0.0,0.0,0.0,0,0.0,0,0,0,0,0,0,0,0,0,无历史订单/销售记录，按新品观察,小预算测款，先补图文与基础价格口径,0.0,0.0,0.0,0.0,0.0,0,0,0.0,0.0,0.0,0.0,False,False
N,0,T2398P282146,W6D-B-locker待上架变体,6门更衣柜黑色,locker,,0,0,0.0,0.0,0.0,0.0,0.0,0.0,0.0,0,0,0,0,0.0,0,0.0,0.0,新品不进大促,只允许小预算测款，先补基础Listing和价格口径,无历史订单/销售记录，按新品观察,新品/无历史：只补基础 Listing 和价格口径；不上大促，广告日预算小额测 7 天，有订单再升级。,N,0,0.0,0.0,0.0,0,0.0,0,0,0,0,0,0,0,0,0,无历史订单/销售记录，按新品观察,小预算测款，先补图文与基础价格口径,0.0,0.0,0.0,0.0,0.0,0,0,0.0,0.0,0.0,0.0,False,False
N,0,T2398P403867,Bed-78-1,"黑色金属带床垫带床头板带储物袋折叠床L190*W78*H33cm
75*31*17",床,,0,0,0.0,0.0,0.0,0.0,0.0,0.0,0.0,0,0,0,0,0.0,0,0.0,0.0,新品不进大促,只允许小预算测款，先补基础Listing和价格口径,无历史订单/销售记录，按新品观察,新品/无历史：只补基础 Listing 和价格口径；不上大促，广告日预算小额测 7 天，有订单再升级。,N,0,0.0,0.0,0.0,0,0.0,0,0,0,0,0,0,0,0,0,无历史订单/销售记录，按新品观察,小预算测款，先补图文与基础价格口径,0.0,0.0,0.0,0.0,0.0,0,0,0.0,0.0,0.0,0.0,False,False
N,0,TOOL-B08,DMOM1077,,,Live,0,0,0.0,0.0,0.0,39.90561495,0.1425251435765563,0.0,0.0,RED,GREEN,RED,,,GREEN,0.0,0.0,新品不进大促,只允许小预算测款，先补基础Listing和价格口径,无历史订单/销售记录，按新品观察,新品/无历史：只补基础 Listing 和价格口径；不上大促，广告日预算小额测 7 天，有订单再升级。,N,0,0.0,0.0,0.0,0,0.0,2,0,0,0,0,0,0,0,0,无历史订单/销售记录，按新品观察,小预算测款，先补图文与基础价格口径,279.99,240.08438505,0.0,0.0,0.0,0,0,0.0,0.0,0.0,0.0,True,False
N,0,T2398P442671,P442671,白色金属上下两门中镂空一抽屉浴室窄柜,,,0,0,0.0,0.0,0.0,0.0,0.0,0.0,0.0,0,0,0,0,0.0,0,0.0,0.0,新品不进大促,只允许小预算测款，先补基础Listing和价格口径,无历史订单/销售记录，按新品观察,新品/无历史：只补基础 Listing 和价格口径；不上大促，广告日预算小额测 7 天，有订单再升级。,N,0,0.0,0.0,0.0,0,0.0,0,0,0,0,0,0,0,0,0,无历史订单/销售记录，按新品观察,小预算测款，先补图文与基础价格口径,0.0,0.0,0.0,0.0,0.0,0,0,0.0,0.0,0.0,0.0,False,False
N,0,T2398P151995,W3D-G-locker,3门更衣柜灰色,locker,,0,0,0.0,0.0,0.0,66.60341377700001,0.2081421724960155,0.0,0.0,RED,GREEN,GREEN,,,GREEN,0.0,0.0,新品不进大促,只允许小预算测款，先补基础Listing和价格口径,无历史订单/销售记录，按新品观察,新品/无历史：只补基础 Listing 和价格口径；不上大促，广告日预算小额测 7 天，有订单再升级。,N,0,0.0,0.0,0.0,0,0.0,0,0,0,0,0,0,0,0,0,无历史订单/销售记录，按新品观察,小预算测款，先补图文与基础价格口径,319.99,253.386586223,0.0,0.0,0.0,0,0,0.0,0.0,0.0,0.0,True,False
N,0,TOOL-B05,DMOM1067,,,Live,0,0,0.0,0.0,0.0,28.990564129999996,0.1449600686534326,0.9167,0.1052999999999999,RED,GREEN,RED,,,GREEN,0.0,0.0,新品不进大促,只允许小预算测款，先补基础Listing和价格口径,无历史订单/销售记录，按新品观察,新品/无历史：只补基础 Listing 和价格口径；不上大促，广告日预算小额测 7 天，有订单再升级。,N,0,0.0,0.0,0.0,0,0.0,2,0,0,0,0,0,0,0,0,无历史订单/销售记录，按新品观察,小预算测款，先补图文与基础价格口径,199.99,170.99943587,0.0,0.0,0.0,0,0,0.0,0.0,0.0,0.0,True,False
N,0,YB-CW12S0768,DMOM1008,,,Live,0,0,0.0,0.0,0.0,12.876659085,0.2476756892671667,0.782608695652174,0.7692,RED,GREEN,RED,,,GREEN,0.0,0.0,新品不进大促,只允许小预算测款，先补基础Listing和价格口径,无历史订单/销售记录，按新品观察,新品/无历史：只补基础 Listing 和价格口径；不上大促，广告日预算小额测 7 天，有订单再升级。,N,0,0.0,0.0,0.0,0,0.0,7,0,0,0,0,0,0,0,0,无历史订单/销售记录，按新品观察,小预算测款，先补图文与基础价格口径,51.99,39.113340915,0.0,0.0,0.0,0,0,1.0,10.0,0.0,0.0,True,False
N,0,PT05-WH,DMOM1044,,,Live,0,0,0.0,0.0,0.0,52.33465007800001,0.3078689927525149,0.8,0.7273000000000001,RED,GREEN,GREEN,,,GREEN,0.0,0.0,新品不进大促,只允许小预算测款，先补基础Listing和价格口径,无历史订单/销售记录，按新品观察,新品/无历史：只补基础 Listing 和价格口径；不上大促，广告日预算小额测 7 天，有订单再升级。,N,0,0.0,0.0,0.0,0,0.0,7,0,1,0,0,0,0,0,0,无历史订单/销售记录，按新品观察,小预算测款，先补图文与基础价格口径,169.99,117.655349922,0.0,0.0,0.0,0,0,0.0,0.0,0.0,0.0,True,False
N,0,T2398P310087,VFC-5B-wheel,窄五黑带轮子套装,文件柜,,0,0,0.0,0.0,0.0,0.0,0.0,0.8214285714285714,0.4167,RED,GREEN,,,,GREEN,0.0,0.0,新品不进大促,只允许小预算测款，先补基础Listing和价格口径,无历史订单/销售记录，按新品观察,新品/无历史：只补基础 Listing 和价格口径；不上大促，广告日预算小额测 7 天，有订单再升级。,N,0,0.0,0.0,0.0,0,0.0,0,0,0,0,0,0,0,0,0,无历史订单/销售记录，按新品观察,小预算测款，先补图文与基础价格口径,0.0,0.0,0.0,0.0,0.0,0,0,0.0,0.0,0.0,0.0,True,False
N,0,T2398P442673,P442673-Too-9,黑色金属五小抽一大抽工具推车,工具,,0,0,0.0,0.0,0.0,0.0,0.0,0.0,0.0,0,0,0,0,0.0,0,0.0,0.0,新品不进大促,只允许小预算测款，先补基础Listing和价格口径,无历史订单/销售记录，按新品观察,新品/无历史：只补基础 Listing 和价格口径；不上大促，广告日预算小额测 7 天，有订单再升级。,N,0,0.0,0.0,0.0,0,0.0,0,0,0,0,0,0,0,0,0,无历史订单/销售记录，按新品观察,小预算测款，先补图文与基础价格口径,0.0,0.0,0.0,0.0,0.0,0,0,0.0,0.0,0.0,0.0,False,False
N,0,T2398P350193,Pantry-07,白色通铁对开门储物柜,餐边柜,,0,0,0.0,0.0,0.0,0.0,0.0,0.0,0.0,0,0,0,0,0.0,0,0.0,0.0,新品不进大促,只允许小预算测款，先补基础Listing和价格口径,无历史订单/销售记录，按新品观察,新品/无历史：只补基础 Listing 和价格口径；不上大促，广告日预算小额测 7 天，有订单再升级。,N,0,0.0,0.0,0.0,0,0.0,0,0,0,0,0,0,0,0,0,无历史订单/销售记录，按新品观察,小预算测款，先补图文与基础价格口径,0.0,0.0,0.0,0.0,0.0,0,0,0.0,0.0,0.0,0.0,False,False
N,0,T2398P236567,TOOL-A03,套色压型-对开门工具柜,工具,,0,0,0.0,0.0,0.0,20.287547054000015,0.1491841095227591,0.0,0.0,RED,GREEN,RED,,,GREEN,0.0,0.0,新品不进大促,只允许小预算测款，先补基础Listing和价格口径,无历史订单/销售记录，按新品观察,新品/无历史：只补基础 Listing 和价格口径；不上大促，广告日预算小额测 7 天，有订单再升级。,N,0,0.0,0.0,0.0,0,0.0,0,0,0,0,0,0,0,0,0,无历史订单/销售记录，按新品观察,小预算测款，先补图文与基础价格口径,135.99,115.702452946,0.0,0.0,0.0,0,0,0.0,0.0,0.0,0.0,True,False
N,0,T2398P222838,TOOL-A08,套色压型-对开门工具柜(3隔板,工具,,0,0,0.0,0.0,0.0,39.85741155000002,0.1423529824279439,0.0,0.0,RED,GREEN,RED,,,GREEN,0.0,0.0,新品不进大促,只允许小预算测款，先补基础Listing和价格口径,无历史订单/销售记录，按新品观察,新品/无历史：只补基础 Listing 和价格口径；不上大促，广告日预算小额测 7 天，有订单再升级。,N,0,0.0,0.0,0.0,0,0.0,0,0,0,0,0,0,0,0,0,无历史订单/销售记录，按新品观察,小预算测款，先补图文与基础价格口径,279.99,240.13258845,0.0,0.0,0.0,0,0,0.0,0.0,0.0,0.0,True,False
N,0,W2735P332344,record-desk-Brown,胡桃木色铁木两抽屉带铁架唱片桌,,,0,0,0.0,0.0,0.0,0.0,0.0,0.0,0.0,0,0,0,0,0.0,0,0.0,0.0,新品不进大促,只允许小预算测款，先补基础Listing和价格口径,无历史订单/销售记录，按新品观察,新品/无历史：只补基础 Listing 和价格口径；不上大促，广告日预算小额测 7 天，有订单再升级。,N,0,0.0,0.0,0.0,0,0.0,0,0,0,0,0,0,0,0,0,无历史订单/销售记录，按新品观察,小预算测款，先补图文与基础价格口径,0.0,0.0,0.0,0.0,0.0,0,0,0.0,0.0,0.0,0.0,False,False
N,0,T2398P413025,Shoe-01,白色金属上2抽下2翻门鞋柜,鞋柜,,0,0,0.0,0.0,0.0,0.0,0.0,0.0,0.0,0,0,0,0,0.0,0,0.0,0.0,新品不进大促,只允许小预算测款，先补基础Listing和价格口径,无历史订单/销售记录，按新品观察,新品/无历史：只补基础 Listing 和价格口径；不上大促，广告日预算小额测 7 天，有订单再升级。,N,0,0.0,0.0,0.0,0,0.0,0,0,0,0,0,0,0,0,0,无历史订单/销售记录，按新品观察,小预算测款，先补图文与基础价格口径,0.0,0.0,0.0,0.0,0.0,0,0,0.0,0.0,0.0,0.0,False,False
N,0,T2398P413026,Shoe-02,白色金属上3抽下4翻门鞋柜,鞋柜,,0,0,0.0,0.0,0.0,0.0,0.0,0.0,0.0,0,0,0,0,0.0,0,0.0,0.0,新品不进大促,只允许小预算测款，先补基础Listing和价格口径,无历史订单/销售记录，按新品观察,新品/无历史：只补基础 Listing 和价格口径；不上大促，广告日预算小额测 7 天，有订单再升级。,N,0,0.0,0.0,0.0,0,0.0,0,0,0,0,0,0,0,0,0,无历史订单/销售记录，按新品观察,小预算测款，先补图文与基础价格口径,0.0,0.0,0.0,0.0,0.0,0,0,0.0,0.0,0.0,0.0,False,False
N,0,T2398P242683,TOOL-B06,黑色常规-三抽工具推车,工具,,0,0,0.0,0.0,0.0,30.090080642000004,0.1432929217677032,0.9167,0.1052999999999999,RED,GREEN,RED,,,GREEN,0.0,0.0,新品不进大促,只允许小预算测款，先补基础Listing和价格口径,无历史订单/销售记录，按新品观察,新品/无历史：只补基础 Listing 和价格口径；不上大促，广告日预算小额测 7 天，有订单再升级。,N,0,0.0,0.0,0.0,0,0.0,0,0,0,0,0,0,0,0,0,无历史订单/销售记录，按新品观察,小预算测款，先补图文与基础价格口径,209.99,179.899919358,0.0,0.0,0.0,0,0,0.0,0.0,0.0,0.0,True,False
N,0,T2398P205947,9D-locker,9门书包柜,locker,,0,0,0.0,0.0,0.0,0.0,0.0,0.5,0.5385,RED,GREEN,,,,GREEN,0.0,0.0,新品不进大促,只允许小预算测款，先补基础Listing和价格口径,无历史订单/销售记录，按新品观察,新品/无历史：只补基础 Listing 和价格口径；不上大促，广告日预算小额测 7 天，有订单再升级。,N,0,0.0,0.0,0.0,0,0.0,0,0,0,0,0,0,0,0,0,无历史订单/销售记录，按新品观察,小预算测款，先补图文与基础价格口径,0.0,0.0,0.0,0.0,0.0,0,0,0.0,0.0,0.0,0.0,True,False
N,0,T2398P442668,800FC-B-Wheel,黑色金属带轮中文件柜（4层板）,工具,,0,0,0.0,0.0,0.0,0.0,0.0,0.0,0.0,0,0,0,0,0.0,0,0.0,0.0,新品不进大促,只允许小预算测款，先补基础Listing和价格口径,无历史订单/销售记录，按新品观察,新品/无历史：只补基础 Listing 和价格口径；不上大促，广告日预算小额测 7 天，有订单再升级。,N,0,0.0,0.0,0.0,0,0.0,0,0,0,0,0,0,0,0,0,无历史订单/销售记录，按新品观察,小预算测款，先补图文与基础价格口径,0.0,0.0,0.0,0.0,0.0,0,0,0.0,0.0,0.0,0.0,False,False
N,0,T2398P222835,TOOL-A06,套色压型-三抽工具推车-,工具,,0,0,0.0,0.0,0.0,30.939248085000003,0.1501978158405748,0.9167,0.1052999999999999,RED,GREEN,RED,,,GREEN,0.0,0.0,新品不进大促,只允许小预算测款，先补基础Listing和价格口径,无历史订单/销售记录，按新品观察,新品/无历史：只补基础 Listing 和价格口径；不上大促，广告日预算小额测 7 天，有订单再升级。,N,0,0.0,0.0,0.0,0,0.0,0,0,0,0,0,0,0,0,0,无历史订单/销售记录，按新品观察,小预算测款，先补图文与基础价格口径,205.99,175.050751915,0.0,0.0,0.0,0,0,0.0,0.0,0.0,0.0,True,False
N,0,T2398P413024,Media-01,黑色金属对开门玻璃媒体柜,,,0,0,0.0,0.0,0.0,0.0,0.0,0.0,0.0,0,0,0,0,0.0,0,0.0,0.0,新品不进大促,只允许小预算测款，先补基础Listing和价格口径,无历史订单/销售记录，按新品观察,新品/无历史：只补基础 Listing 和价格口径；不上大促，广告日预算小额测 7 天，有订单再升级。,N,0,0.0,0.0,0.0,0,0.0,0,0,0,0,0,0,0,0,0,无历史订单/销售记录，按新品观察,小预算测款，先补图文与基础价格口径,0.0,0.0,0.0,0.0,0.0,0,0,0.0,0.0,0.0,0.0,False,False
N,0,T2398P160408,5T-1600-800,,,,0,0,0.0,0.0,0.0,26.07029319099999,0.217270549137428,0.75,0.75,RED,GREEN,GREEN,,,GREEN,0.0,0.0,库存对照行不单独决策,该行是仓库/库存SKU映射，主决策以对应销售SKU为准,无历史订单/销售记录，按新品观察,新品/无历史：只补基础 Listing 和价格口径；不上大促，广告日预算小额测 7 天，有订单再升级。,N,0,0.0,0.0,0.0,0,0.0,0,0,0,0,0,0,0,0,0,无历史订单/销售记录，按新品观察,小预算测款，先补图文与基础价格口径,119.99,93.919706809,61.6,685.3,4.0,0,0,1.0,10.0,1.0,0.0,True,True
N,0,W2735P332342,Desk-01,火烧云棕色钢木L型一字型带插座办公桌,,,0,0,0.0,0.0,0.0,0.0,0.0,0.0,0.0,0,0,0,0,0.0,0,0.0,0.0,新品不进大促,只允许小预算测款，先补基础Listing和价格口径,无历史订单/销售记录，按新品观察,新品/无历史：只补基础 Listing 和价格口径；不上大促，广告日预算小额测 7 天，有订单再升级。,N,0,0.0,0.0,0.0,0,0.0,0,0,0,0,0,0,0,0,0,无历史订单/销售记录，按新品观察,小预算测款，先补图文与基础价格口径,0.0,0.0,0.0,0.0,0.0,0,0,0.0,0.0,0.0,0.0,False,False
N,0,T2398P236483,TOOL-A01,套色压型-单节工具柜,工具,,0,0,0.0,0.0,0.0,15.29944205599999,0.1500092367487007,0.0,0.0,RED,GREEN,RED,,,GREEN,0.0,0.0,新品不进大促,只允许小预算测款，先补基础Listing和价格口径,无历史订单/销售记录，按新品观察,新品/无历史：只补基础 Listing 和价格口径；不上大促，广告日预算小额测 7 天，有订单再升级。,N,0,0.0,0.0,0.0,0,0.0,0,0,0,0,0,0,0,0,0,无历史订单/销售记录，按新品观察,小预算测款，先补图文与基础价格口径,101.99,86.690557944,0.0,0.0,0.0,0,0,0.0,0.0,0.0,0.0,True,False
N,0,T2398P465982,,白色金属等九抽斗柜,,,0,0,0.0,0.0,0.0,0.0,0.0,0.0,0.0,0,0,0,0,0.0,0,0.0,0.0,新品不进大促,只允许小预算测款，先补基础Listing和价格口径,无历史订单/销售记录，按新品观察,新品/无历史：只补基础 Listing 和价格口径；不上大促，广告日预算小额测 7 天，有订单再升级。,N,0,0.0,0.0,0.0,0,0.0,0,0,0,0,0,0,0,0,0,无历史订单/销售记录，按新品观察,小预算测款，先补图文与基础价格口径,0.0,0.0,0.0,0.0,0.0,0,0,0.0,0.0,0.0,0.0,False,False
N,0,T2398P313255,5T-dong-198-120,1980-1200-457-洞洞板,,,0,0,0.0,0.0,0.0,36.328240515000005,0.2201844991514637,0.75,0.85,RED,RED,RED,,,GREEN,0.0,0.0,库存对照行不单独决策,该行是仓库/库存SKU映射，主决策以对应销售SKU为准,无历史订单/销售记录，按新品观察,新品/无历史：只补基础 Listing 和价格口径；不上大促，广告日预算小额测 7 天，有订单再升级。,N,0,0.0,0.0,0.0,0,0.0,0,0,0,0,0,0,0,0,0,无历史订单/销售记录，按新品观察,小预算测款，先补图文与基础价格口径,164.99,128.661759485,0.0,0.0,0.0,0,0,5.0,10.4,6.228191927512356,0.0,True,True
N,0,T2398P391281,MFC-D04,白色金属3抽窄活动柜,文件柜,,0,0,0.0,0.0,0.0,52.08706397100002,0.2741568712616454,0.8214285714285714,0.4167,RED,GREEN,,,,GREEN,0.0,0.0,新品不进大促,只允许小预算测款，先补基础Listing和价格口径,无历史订单/销售记录，按新品观察,新品/无历史：只补基础 Listing 和价格口径；不上大促，广告日预算小额测 7 天，有订单再升级。,N,0,0.0,0.0,0.0,0,0.0,0,0,0,0,0,0,0,0,0,无历史订单/销售记录，按新品观察,小预算测款，先补图文与基础价格口径,189.99,137.902936029,0.0,0.0,0.0,0,0,0.0,0.0,0.0,0.0,True,False
N,0,T2398P480393,,白色金属对开门下2抽百叶窗衣柜,,,0,0,0.0,0.0,0.0,0.0,0.0,0.0,0.0,0,0,0,0,0.0,0,0.0,0.0,新品不进大促,只允许小预算测款，先补基础Listing和价格口径,无历史订单/销售记录，按新品观察,新品/无历史：只补基础 Listing 和价格口径；不上大促，广告日预算小额测 7 天，有订单再升级。,N,0,0.0,0.0,0.0,0,0.0,0,0,0,0,0,0,0,0,0,无历史订单/销售记录，按新品观察,小预算测款，先补图文与基础价格口径,0.0,0.0,0.0,0.0,0.0,0,0,0.0,0.0,0.0,0.0,False,False
N,0,T2398P442670,P442670,白色金属下对开门上三镂空转角柜,,,0,0,0.0,0.0,0.0,0.0,0.0,0.0,0.0,0,0,0,0,0.0,0,0.0,0.0,新品不进大促,只允许小预算测款，先补基础Listing和价格口径,无历史订单/销售记录，按新品观察,新品/无历史：只补基础 Listing 和价格口径；不上大促，广告日预算小额测 7 天，有订单再升级。,N,0,0.0,0.0,0.0,0,0.0,0,0,0,0,0,0,0,0,0,无历史订单/销售记录，按新品观察,小预算测款，先补图文与基础价格口径,0.0,0.0,0.0,0.0,0.0,0,0,0.0,0.0,0.0,0.0,False,False
N,0,T2398P154414,VFC-2B,窄卡2抽黑色,文件柜,,0,0,0.0,0.0,0.0,26.701901799,0.2225343928577381,0.8214285714285714,0.7082999999999999,RED,GREEN,GREEN,,,GREEN,0.0,0.0,新品不进大促,只允许小预算测款，先补基础Listing和价格口径,无历史订单/销售记录，按新品观察,新品/无历史：只补基础 Listing 和价格口径；不上大促，广告日预算小额测 7 天，有订单再升级。,N,0,0.0,0.0,0.0,0,0.0,0,0,0,0,0,0,0,0,0,无历史订单/销售记录，按新品观察,小预算测款，先补图文与基础价格口径,119.99,93.288098201,0.0,0.0,0.0,0,0,0.0,0.0,0.0,0.0,True,False
N,0,T2398P374169,TOOL-B02,半对开门工具柜-黑色,工具,,0,0,0.0,0.0,0.0,21.34685900000001,0.1482523716924787,0.0,0.0,RED,GREEN,RED,,,GREEN,0.0,0.0,新品不进大促,只允许小预算测款，先补基础Listing和价格口径,无历史订单/销售记录，按新品观察,新品/无历史：只补基础 Listing 和价格口径；不上大促，广告日预算小额测 7 天，有订单再升级。,N,0,0.0,0.0,0.0,0,0.0,0,0,0,0,0,0,0,0,0,无历史订单/销售记录，按新品观察,小预算测款，先补图文与基础价格口径,143.99,122.643141,0.0,0.0,0.0,0,0,0.0,0.0,0.0,0.0,True,False
N,0,T2398P342715,,"黑色金属3抽窄卡
标签框款",,,0,0,0.0,0.0,0.0,0.0,0.0,0.0,0.0,0,0,0,0,0.0,0,0.0,0.0,新品不进大促,只允许小预算测款，先补基础Listing和价格口径,无历史订单/销售记录，按新品观察,新品/无历史：只补基础 Listing 和价格口径；不上大促，广告日预算小额测 7 天，有订单再升级。,N,0,0.0,0.0,0.0,0,0.0,0,0,0,0,0,0,0,0,0,无历史订单/销售记录，按新品观察,小预算测款，先补图文与基础价格口径,0.0,0.0,0.0,0.0,0.0,0,0,0.0,0.0,0.0,0.0,False,False
N,0,T2398P310002,VFC-4B-wheel,窄四黑带轮子套装,文件柜,,0,0,0.0,0.0,0.0,0.0,0.0,0.8214285714285714,0.4167,RED,GREEN,,,,GREEN,0.0,0.0,新品不进大促,只允许小预算测款，先补基础Listing和价格口径,无历史订单/销售记录，按新品观察,新品/无历史：只补基础 Listing 和价格口径；不上大促，广告日预算小额测 7 天，有订单再升级。,N,0,0.0,0.0,0.0,0,0.0,0,0,0,0,0,0,0,0,0,无历史订单/销售记录，按新品观察,小预算测款，先补图文与基础价格口径,0.0,0.0,0.0,0.0,0.0,0,0,0.0,0.0,0.0,0.0,True,False
N,0,T2398P350189,PT03-WH,白色压型通对玻储物柜餐厨柜,餐边柜,,0,0,0.0,0.0,0.0,63.510259174,0.2540511987439497,0.7917000000000001,0.6842,RED,RED,GREEN,,,GREEN,0.0,0.0,新品不进大促,只允许小预算测款，先补基础Listing和价格口径,无历史订单/销售记录，按新品观察,新品/无历史：只补基础 Listing 和价格口径；不上大促，广告日预算小额测 7 天，有订单再升级。,N,0,0.0,0.0,0.0,0,0.0,0,0,0,0,0,0,0,0,0,无历史订单/销售记录，按新品观察,小预算测款，先补图文与基础价格口径,249.99,186.479740826,29.3,0.0,0.0,0,0,0.0,0.0,0.0,0.0,True,False
N,0,T2398P236482,TOOL-B01,黑色常规-单节工具柜,工具,,0,0,0.0,0.0,0.0,15.108711415999991,0.1511022243824381,0.0,0.0,RED,GREEN,RED,,,GREEN,0.0,0.0,新品不进大促,只允许小预算测款，先补基础Listing和价格口径,无历史订单/销售记录，按新品观察,新品/无历史：只补基础 Listing 和价格口径；不上大促，广告日预算小额测 7 天，有订单再升级。,N,0,0.0,0.0,0.0,0,0.0,0,0,0,0,0,0,0,0,0,无历史订单/销售记录，按新品观察,小预算测款，先补图文与基础价格口径,99.99,84.881288584,0.0,0.0,0.0,0,0,0.0,0.0,0.0,0.0,True,False
N,0,PT03-WH,DMOM1042,,,Live,0,0,0.0,0.0,0.0,63.510259174,0.2540511987439497,0.7917000000000001,0.6842,RED,RED,GREEN,,,GREEN,0.0,0.0,新品不进大促,只允许小预算测款，先补基础Listing和价格口径,无历史订单/销售记录，按新品观察,新品/无历史：只补基础 Listing 和价格口径；不上大促，广告日预算小额测 7 天，有订单再升级。,N,0,0.0,0.0,0.0,0,0.0,5,0,71,0,0,0,0,0,0,无历史订单/销售记录，按新品观察,小预算测款，先补图文与基础价格口径,249.99,186.479740826,29.3,0.0,0.0,0,0,0.0,0.0,0.0,0.0,True,False
N,0,MFC-D3W,DMOM1055,,,Not Live,0,0,0.0,0.0,0.0,0.0,0.0,0.8214285714285714,0.0833,RED,RED,,,,GREEN,0.0,0.0,新品不进大促,只允许小预算测款，先补基础Listing和价格口径,无历史订单/销售记录，按新品观察,新品/无历史：只补基础 Listing 和价格口径；不上大促，广告日预算小额测 7 天，有订单再升级。,N,0,0.0,0.0,0.0,0,0.0,0,0,0,0,0,0,0,0,0,无历史订单/销售记录，按新品观察,小预算测款，先补图文与基础价格口径,0.0,0.0,0.0,0.0,0.0,0,0,0.0,0.0,0.0,0.0,True,False
N,0,8T-Kayak,DMOM1002,,,Live,0,0,0.0,0.0,0.0,57.20298679800001,0.2043036779813565,0.9048,0.9091,RED,GREEN,GREEN,,,GREEN,0.0,0.0,新品不进大促,只允许小预算测款，先补基础Listing和价格口径,无历史订单/销售记录，按新品观察,新品/无历史：只补基础 Listing 和价格口径；不上大促，广告日预算小额测 7 天，有订单再升级。,N,0,0.0,0.0,0.0,0,0.0,7,0,54,0,0,0,0,0,0,无历史订单/销售记录，按新品观察,小预算测款，先补图文与基础价格口径,279.99,222.787013202,0.0,0.0,0.0,0,0,0.0,0.0,0.0,0.0,True,False
N,0,PT01-WH,DMOM1038,,,Live,0,0,0.0,0.0,0.0,53.52085551500002,0.2512834194797879,0.7917000000000001,0.6315999999999999,RED,GREEN,GREEN,,,GREEN,0.0,0.0,新品不进大促,只允许小预算测款，先补基础Listing和价格口径,无历史订单/销售记录，按新品观察,新品/无历史：只补基础 Listing 和价格口径；不上大促，广告日预算小额测 7 天，有订单再升级。,N,0,0.0,0.0,0.0,0,0.0,7,0,1,0,0,0,0,0,0,无历史订单/销售记录，按新品观察,小预算测款，先补图文与基础价格口径,212.99,159.469144485,0.0,0.0,0.0,0,0,0.0,0.0,0.0,0.0,True,False
N,0,TOOL-B06,DMOM1068,,,Live,0,0,0.0,0.0,0.0,30.090080642000004,0.1432929217677032,0.9167,0.1052999999999999,RED,GREEN,RED,,,GREEN,0.0,0.0,新品不进大促,只允许小预算测款，先补基础Listing和价格口径,无历史订单/销售记录，按新品观察,新品/无历史：只补基础 Listing 和价格口径；不上大促，广告日预算小额测 7 天，有订单再升级。,N,0,0.0,0.0,0.0,0,0.0,2,0,0,0,0,0,0,0,0,无历史订单/销售记录，按新品观察,小预算测款，先补图文与基础价格口径,209.99,179.899919358,0.0,0.0,0.0,0,0,0.0,0.0,0.0,0.0,True,False
N,0,TOOL-A05,DMOM1067,,,Live,0,0,0.0,0.0,0.0,28.74677685200001,0.1513067890520554,0.9167,0.1052999999999999,RED,GREEN,RED,,,GREEN,0.0,0.0,新品不进大促,只允许小预算测款，先补基础Listing和价格口径,无历史订单/销售记录，按新品观察,新品/无历史：只补基础 Listing 和价格口径；不上大促，广告日预算小额测 7 天，有订单再升级。,N,0,0.0,0.0,0.0,0,0.0,2,0,0,0,0,0,0,0,0,无历史订单/销售记录，按新品观察,小预算测款，先补图文与基础价格口径,189.99,161.243223148,0.0,0.0,0.0,0,0,0.0,0.0,0.0,0.0,True,False
N,0,TOOL-A03,DMOM1062,,,Live,0,0,0.0,0.0,0.0,20.287547054000015,0.1491841095227591,0.0,0.0,RED,GREEN,RED,,,GREEN,0.0,0.0,新品不进大促,只允许小预算测款，先补基础Listing和价格口径,无历史订单/销售记录，按新品观察,新品/无历史：只补基础 Listing 和价格口径；不上大促，广告日预算小额测 7 天，有订单再升级。,N,0,0.0,0.0,0.0,0,0.0,2,0,0,0,0,0,0,0,0,无历史订单/销售记录，按新品观察,小预算测款，先补图文与基础价格口径,135.99,115.702452946,0.0,0.0,0.0,0,0,0.0,0.0,0.0,0.0,True,False
N,0,MFC-D2W,DMOM1056,,,Not Live,0,0,0.0,0.0,0.0,55.33960948400002,0.2712858938379333,0.8214285714285714,0.0833,RED,RED,,,,GREEN,0.0,0.0,新品不进大促,只允许小预算测款，先补基础Listing和价格口径,无历史订单/销售记录，按新品观察,新品/无历史：只补基础 Listing 和价格口径；不上大促，广告日预算小额测 7 天，有订单再升级。,N,0,0.0,0.0,0.0,0,0.0,0,0,0,0,0,0,0,0,0,无历史订单/销售记录，按新品观察,小预算测款，先补图文与基础价格口径,203.99,148.650390516,0.0,0.0,0.0,0,0,0.0,0.0,0.0,0.0,True,False
N,0,MFC-D01,DMOM1031,,,Live,0,0,0.0,0.0,0.0,51.84861810300001,0.2729018269540502,0.8214285714285714,0.4167,RED,GREEN,,,,GREEN,0.0,0.0,新品不进大促,只允许小预算测款，先补基础Listing和价格口径,无历史订单/销售记录，按新品观察,新品/无历史：只补基础 Listing 和价格口径；不上大促，广告日预算小额测 7 天，有订单再升级。,N,0,0.0,0.0,0.0,0,0.0,8,0,0,0,0,0,0,0,0,无历史订单/销售记录，按新品观察,小预算测款，先补图文与基础价格口径,189.99,138.141381897,0.0,0.0,0.0,0,0,0.0,0.0,0.0,0.0,True,False
N,0,9D-locker,DMOM1046,,,Live (Some Stores),0,0,0.0,0.0,0.0,0.0,0.0,0.5,0.5385,RED,GREEN,,,,GREEN,0.0,0.0,新品不进大促,只允许小预算测款，先补基础Listing和价格口径,无历史订单/销售记录，按新品观察,新品/无历史：只补基础 Listing 和价格口径；不上大促，广告日预算小额测 7 天，有订单再升级。,N,0,0.0,0.0,0.0,0,0.0,11,0,0,0,0,0,0,0,0,无历史订单/销售记录，按新品观察,小预算测款，先补图文与基础价格口径,0.0,0.0,0.0,0.0,0.0,0,0,0.0,0.0,0.0,0.0,True,False
N,0,W6D-G-locker,DMOM1049,,,Live,0,0,0.0,0.0,0.0,70.55020677800002,0.2106039188572793,0.5333333333333333,0.4614999999999999,RED,GREEN,GREEN,,,GREEN,0.0,0.0,新品不进大促,只允许小预算测款，先补基础Listing和价格口径,无历史订单/销售记录，按新品观察,新品/无历史：只补基础 Listing 和价格口径；不上大促，广告日预算小额测 7 天，有订单再升级。,N,0,0.0,0.0,0.0,0,0.0,14,0,0,0,0,0,0,0,0,无历史订单/销售记录，按新品观察,小预算测款，先补图文与基础价格口径,334.99,264.439793222,0.0,0.0,0.0,0,0,0.0,0.0,0.0,0.0,True,False
N,0,MFC-D04,DMOM1031,,,Live,0,0,0.0,0.0,0.0,52.08706397100002,0.2741568712616454,0.8214285714285714,0.4167,RED,GREEN,,,,GREEN,0.0,0.0,新品不进大促,只允许小预算测款，先补基础Listing和价格口径,无历史订单/销售记录，按新品观察,新品/无历史：只补基础 Listing 和价格口径；不上大促，广告日预算小额测 7 天，有订单再升级。,N,0,0.0,0.0,0.0,0,0.0,8,0,0,0,0,0,0,0,0,无历史订单/销售记录，按新品观察,小预算测款，先补图文与基础价格口径,189.99,137.902936029,0.0,0.0,0.0,0,0,0.0,0.0,0.0,0.0,True,False
N,0,YB-CW12A0720,DMOM1007,,,Live,0,0,0.0,0.0,0.0,45.114684821,0.1555732432876995,0.7333333333333332,0.5625,RED,GREEN,RED,,,GREEN,0.0,0.0,新品不进大促,只允许小预算测款，先补基础Listing和价格口径,无历史订单/销售记录，按新品观察,新品/无历史：只补基础 Listing 和价格口径；不上大促，广告日预算小额测 7 天，有订单再升级。,N,0,0.0,0.0,0.0,0,0.0,8,0,0,0,0,0,0,0,0,无历史订单/销售记录，按新品观察,小预算测款，先补图文与基础价格口径,289.99,244.875315179,0.0,0.0,0.0,0,0,0.0,0.0,0.0,0.0,True,False
N,0,TOOL-A04,DMOM1069,,,Live,0,0,0.0,0.0,0.0,24.662293511,0.1485769836194951,0.0,0.0,RED,GREEN,RED,,,GREEN,0.0,0.0,新品不进大促,只允许小预算测款，先补基础Listing和价格口径,无历史订单/销售记录，按新品观察,新品/无历史：只补基础 Listing 和价格口径；不上大促，广告日预算小额测 7 天，有订单再升级。,N,0,0.0,0.0,0.0,0,0.0,2,0,0,0,0,0,0,0,0,无历史订单/销售记录，按新品观察,小预算测款，先补图文与基础价格口径,165.99,141.327706489,0.0,0.0,0.0,0,0,0.0,0.0,0.0,0.0,True,False
N,0,TOOL-B07,DMOM1074,,,Live,0,0,0.0,0.0,0.0,32.48465900900001,0.1412437888995174,0.9167,0.1052999999999999,RED,GREEN,RED,,,GREEN,0.0,0.0,新品不进大促,只允许小预算测款，先补基础Listing和价格口径,无历史订单/销售记录，按新品观察,新品/无历史：只补基础 Listing 和价格口径；不上大促，广告日预算小额测 7 天，有订单再升级。,N,0,0.0,0.0,0.0,0,0.0,2,0,0,0,0,0,0,0,0,无历史订单/销售记录，按新品观察,小预算测款，先补图文与基础价格口径,229.99,197.505340991,0.0,0.0,0.0,0,0,0.0,0.0,0.0,0.0,True,False
N,0,CT-3ps,DMOM1041,,,Live,0,0,0.0,0.0,0.0,108.459774533,0.3286759433104033,0.8056,0.875,RED,GREEN,GREEN,,,GREEN,0.0,0.0,新品不进大促,只允许小预算测款，先补基础Listing和价格口径,无历史订单/销售记录，按新品观察,新品/无历史：只补基础 Listing 和价格口径；不上大促，广告日预算小额测 7 天，有订单再升级。,N,0,0.0,0.0,0.0,0,0.0,9,0,7,0,0,0,0,0,0,无历史订单/销售记录，按新品观察,小预算测款，先补图文与基础价格口径,329.99,221.530225467,0.0,0.0,0.0,0,0,0.0,0.0,0.0,0.0,True,False
N,0,TOOL-A02,DMOM1070,,,Live,0,0,0.0,0.0,0.0,21.474285233000003,0.1491373375442739,0.0,0.0,RED,GREEN,RED,,,GREEN,0.0,0.0,新品不进大促,只允许小预算测款，先补基础Listing和价格口径,无历史订单/销售记录，按新品观察,新品/无历史：只补基础 Listing 和价格口径；不上大促，广告日预算小额测 7 天，有订单再升级。,N,0,0.0,0.0,0.0,0,0.0,11,0,0,0,0,0,0,0,0,无历史订单/销售记录，按新品观察,小预算测款，先补图文与基础价格口径,143.99,122.515714767,0.0,0.0,0.0,0,0,0.0,0.0,0.0,0.0,True,False
N,0,VFC-4W-wheel,DMOM1030,,,Live (Some Stores),0,0,0.0,0.0,0.0,0.0,0.0,0.8214285714285714,0.4167,RED,GREEN,,,,GREEN,0.0,0.0,新品不进大促,只允许小预算测款，先补基础Listing和价格口径,无历史订单/销售记录，按新品观察,新品/无历史：只补基础 Listing 和价格口径；不上大促，广告日预算小额测 7 天，有订单再升级。,N,0,0.0,0.0,0.0,0,0.0,7,0,0,0,0,0,0,0,0,无历史订单/销售记录，按新品观察,小预算测款，先补图文与基础价格口径,0.0,0.0,0.0,0.0,0.0,0,0,0.0,0.0,0.0,0.0,True,False
N,0,TOOL-B03,DMOM1062,,,Live,0,0,0.0,0.0,0.0,24.096180168000014,0.147838396024296,0.0,0.0,RED,GREEN,RED,,,GREEN,0.0,0.0,新品不进大促,只允许小预算测款，先补基础Listing和价格口径,无历史订单/销售记录，按新品观察,新品/无历史：只补基础 Listing 和价格口径；不上大促，广告日预算小额测 7 天，有订单再升级。,N,0,0.0,0.0,0.0,0,0.0,2,0,0,0,0,0,0,0,0,无历史订单/销售记录，按新品观察,小预算测款，先补图文与基础价格口径,162.99,138.893819832,0.0,0.0,0.0,0,0,0.0,0.0,0.0,0.0,True,False
N,0,TOOL-B01,DMOM1072,,,Live,0,0,0.0,0.0,0.0,15.108711415999991,0.1511022243824381,0.0,0.0,RED,GREEN,RED,,,GREEN,0.0,0.0,新品不进大促,只允许小预算测款，先补基础Listing和价格口径,无历史订单/销售记录，按新品观察,新品/无历史：只补基础 Listing 和价格口径；不上大促，广告日预算小额测 7 天，有订单再升级。,N,0,0.0,0.0,0.0,0,0.0,10,0,0,0,0,0,0,0,0,无历史订单/销售记录，按新品观察,小预算测款，先补图文与基础价格口径,99.99,84.881288584,0.0,0.0,0.0,0,0,0.0,0.0,0.0,0.0,True,False
N,0,MFC-D02,DMOM1031,,,Live,0,0,0.0,0.0,0.0,56.36743416300001,0.2684291354969285,0.8214285714285714,0.4167,RED,GREEN,,,,GREEN,0.0,0.0,新品不进大促,只允许小预算测款，先补基础Listing和价格口径,无历史订单/销售记录，按新品观察,新品/无历史：只补基础 Listing 和价格口径；不上大促，广告日预算小额测 7 天，有订单再升级。,N,0,0.0,0.0,0.0,0,0.0,8,0,0,0,0,0,0,0,0,无历史订单/销售记录，按新品观察,小预算测款，先补图文与基础价格口径,209.99,153.622565837,0.0,0.0,0.0,0,0,0.0,0.0,0.0,0.0,True,False
N,0,YB-CW12S0714,IFOM4699,,,Live,0,0,0.0,0.0,0.0,22.344351476000018,0.1330100093815109,0.7333333333333332,0.25,RED,GREEN,RED,,,GREEN,0.0,0.0,新品不进大促,只允许小预算测款，先补基础Listing和价格口径,无历史订单/销售记录，按新品观察,新品/无历史：只补基础 Listing 和价格口径；不上大促，广告日预算小额测 7 天，有订单再升级。,N,0,0.0,0.0,2.0,1,0.0,14,0,9,0,0,0,0,0,0,无历史订单/销售记录，按新品观察,小预算测款，先补图文与基础价格口径,167.99,145.645648524,0.0,0.0,0.0,0,0,0.0,0.0,0.0,0.0,True,False
N,0,YB-CW12Y0719,DMOM1012,,,Live,0,0,0.0,0.0,0.0,18.031639943000016,0.1316274176436237,0.7333333333333332,0.6875,RED,GREEN,RED,,,GREEN,0.0,0.0,新品不进大促,只允许小预算测款，先补基础Listing和价格口径,无历史订单/销售记录，按新品观察,新品/无历史：只补基础 Listing 和价格口径；不上大促，广告日预算小额测 7 天，有订单再升级。,N,0,0.0,0.0,0.0,0,0.0,8,0,1,0,0,0,0,0,0,无历史订单/销售记录，按新品观察,小预算测款，先补图文与基础价格口径,136.99,118.958360057,0.0,0.0,0.0,0,0,0.0,0.0,0.0,0.0,True,False
N,0,TOOL-A07,DMOM1074,,,Live,0,0,0.0,0.0,0.0,32.31795367000001,0.1405189515631114,0.9167,0.1052999999999999,RED,GREEN,RED,,,GREEN,0.0,0.0,新品不进大促,只允许小预算测款，先补基础Listing和价格口径,无历史订单/销售记录，按新品观察,新品/无历史：只补基础 Listing 和价格口径；不上大促，广告日预算小额测 7 天，有订单再升级。,N,0,0.0,0.0,0.0,0,0.0,2,0,0,0,0,0,0,0,0,无历史订单/销售记录，按新品观察,小预算测款，先补图文与基础价格口径,229.99,197.67204633,0.0,0.0,0.0,0,0,0.0,0.0,0.0,0.0,True,False
N,0,MK-WB001B,DMOM1006,,,Live,0,0,0.0,0.0,0.0,53.195192644,0.2127892821472859,0.8,0.6667000000000001,RED,GREEN,RED,,,GREEN,0.0,0.0,新品不进大促,只允许小预算测款，先补基础Listing和价格口径,无历史订单/销售记录，按新品观察,新品/无历史：只补基础 Listing 和价格口径；不上大促，广告日预算小额测 7 天，有订单再升级。,N,0,0.0,0.0,0.0,0,0.0,8,0,0,0,0,0,0,0,0,无历史订单/销售记录，按新品观察,小预算测款，先补图文与基础价格口径,249.99,196.794807356,0.0,0.0,0.0,0,0,0.0,0.0,0.0,0.0,True,False
N,0,YB- CW12X0718,DMOM1011,,,Live,0,0,0.0,0.0,0.0,35.264746742,0.1695502030963027,0.7333333333333332,0.6875,RED,GREEN,RED,,,GREEN,0.0,0.0,新品不进大促,只允许小预算测款，先补基础Listing和价格口径,无历史订单/销售记录，按新品观察,新品/无历史：只补基础 Listing 和价格口径；不上大促，广告日预算小额测 7 天，有订单再升级。,N,0,0.0,0.0,0.0,0,0.0,8,0,2,0,0,0,0,0,0,无历史订单/销售记录，按新品观察,小预算测款，先补图文与基础价格口径,207.99,172.725253258,0.0,0.0,0.0,0,0,0.0,0.0,0.0,0.0,True,False
N,0,VFC-5W-wheel,DMOM1030,,,Live (Some Stores),0,0,0.0,0.0,0.0,0.0,0.0,0.8214285714285714,0.4167,RED,GREEN,,,,GREEN,0.0,0.0,新品不进大促,只允许小预算测款，先补基础Listing和价格口径,无历史订单/销售记录，按新品观察,新品/无历史：只补基础 Listing 和价格口径；不上大促，广告日预算小额测 7 天，有订单再升级。,N,0,0.0,0.0,0.0,0,0.0,7,0,0,0,0,0,0,0,0,无历史订单/销售记录，按新品观察,小预算测款，先补图文与基础价格口径,0.0,0.0,0.0,0.0,0.0,0,0,0.0,0.0,0.0,0.0,True,False
N,0,TOOL-B04,DMOM1069,,,Live,0,0,0.0,0.0,0.0,24.174834241000013,0.1422132727866346,0.0,0.0,RED,GREEN,RED,,,GREEN,0.0,0.0,新品不进大促,只允许小预算测款，先补基础Listing和价格口径,无历史订单/销售记录，按新品观察,新品/无历史：只补基础 Listing 和价格口径；不上大促，广告日预算小额测 7 天，有订单再升级。,N,0,0.0,0.0,0.0,0,0.0,2,0,0,0,0,0,0,0,0,无历史订单/销售记录，按新品观察,小预算测款，先补图文与基础价格口径,169.99,145.815165759,0.0,0.0,0.0,0,0,0.0,0.0,0.0,0.0,True,False
N,0,VFC-5W,DMOM1028,,,Live,0,0,0.0,0.0,0.0,52.51548852600001,0.2188236531772157,0.8929,0.9583,RED,GREEN,GREEN,,,GREEN,0.0,0.0,新品不进大促,只允许小预算测款，先补基础Listing和价格口径,无历史订单/销售记录，按新品观察,新品/无历史：只补基础 Listing 和价格口径；不上大促，广告日预算小额测 7 天，有订单再升级。,N,0,0.0,0.0,0.0,0,0.0,7,0,16,0,0,0,0,0,0,无历史订单/销售记录，按新品观察,小预算测款，先补图文与基础价格口径,239.99,187.474511474,0.0,0.0,0.0,0,0,0.0,0.0,0.0,0.0,True,False
N,0,MFC-D2B,DMOM1056,,,Not Live,0,0,0.0,0.0,0.0,0.0,0.0,0.8214285714285714,0.0833,RED,RED,,,,GREEN,0.0,0.0,新品不进大促,只允许小预算测款，先补基础Listing和价格口径,无历史订单/销售记录，按新品观察,新品/无历史：只补基础 Listing 和价格口径；不上大促，广告日预算小额测 7 天，有订单再升级。,N,0,0.0,0.0,0.0,0,0.0,0,0,0,0,0,0,0,0,0,无历史订单/销售记录，按新品观察,小预算测款，先补图文与基础价格口径,0.0,0.0,0.0,0.0,0.0,0,0,0.0,0.0,0.0,0.0,True,False
N,0,VFC-2B,DMOM1026,,,Live,0,0,0.0,0.0,0.0,26.701901799,0.2225343928577381,0.8214285714285714,0.7082999999999999,RED,GREEN,GREEN,,,GREEN,0.0,0.0,新品不进大促,只允许小预算测款，先补基础Listing和价格口径,无历史订单/销售记录，按新品观察,新品/无历史：只补基础 Listing 和价格口径；不上大促，广告日预算小额测 7 天，有订单再升级。,N,0,0.0,0.0,4.67,3,0.0,6,0,35,0,0,0,0,0,0,无历史订单/销售记录，按新品观察,小预算测款，先补图文与基础价格口径,119.99,93.288098201,0.0,0.0,0.0,0,0,0.0,0.0,0.0,0.0,True,False
N,0,LFC-4W-400,DMOM1053,,,Live,0,0,0.0,0.0,0.0,55.15857584600002,0.2121565285049425,0.8214285714285714,0.0417,RED,GREEN,RED,,,GREEN,0.0,0.0,新品不进大促,只允许小预算测款，先补基础Listing和价格口径,无历史订单/销售记录，按新品观察,新品/无历史：只补基础 Listing 和价格口径；不上大促，广告日预算小额测 7 天，有订单再升级。,N,0,0.0,0.0,0.0,0,0.0,2,0,0,0,0,0,0,0,0,无历史订单/销售记录，按新品观察,小预算测款，先补图文与基础价格口径,259.99,204.831424154,0.0,0.0,0.0,0,0,0.0,0.0,0.0,0.0,True,False
N,0,TOOL-A06,DMOM1068,,,Live,0,0,0.0,0.0,0.0,30.939248085000003,0.1501978158405748,0.9167,0.1052999999999999,RED,GREEN,RED,,,GREEN,0.0,0.0,新品不进大促,只允许小预算测款，先补基础Listing和价格口径,无历史订单/销售记录，按新品观察,新品/无历史：只补基础 Listing 和价格口径；不上大促，广告日预算小额测 7 天，有订单再升级。,N,0,0.0,0.0,0.0,0,0.0,2,0,0,0,0,0,0,0,0,无历史订单/销售记录，按新品观察,小预算测款，先补图文与基础价格口径,205.99,175.050751915,0.0,0.0,0.0,0,0,0.0,0.0,0.0,0.0,True,False
N,0,PT04-WH,DMOM1043,,,Live,0,0,0.0,0.0,0.0,65.792650721,0.2530583896342167,0.7917000000000001,0.6842,RED,GREEN,GREEN,,,GREEN,0.0,0.0,新品不进大促,只允许小预算测款，先补基础Listing和价格口径,无历史订单/销售记录，按新品观察,新品/无历史：只补基础 Listing 和价格口径；不上大促，广告日预算小额测 7 天，有订单再升级。,N,0,0.0,0.0,0.0,0,0.0,7,0,1,0,0,0,0,0,0,无历史订单/销售记录，按新品观察,小预算测款，先补图文与基础价格口径,259.99,194.197349279,0.0,0.0,0.0,0,0,0.0,0.0,0.0,0.0,True,False
N,0,YB-CW12H0689,DMOM1013,,,Live,0,0,0.0,0.0,0.0,50.76258530199999,0.163755557605084,0.7333333333333332,0.625,RED,GREEN,RED,,,GREEN,0.0,0.0,新品不进大促,只允许小预算测款，先补基础Listing和价格口径,无历史订单/销售记录，按新品观察,新品/无历史：只补基础 Listing 和价格口径；不上大促，广告日预算小额测 7 天，有订单再升级。,N,0,0.0,0.0,0.0,0,0.0,8,0,0,0,0,0,0,0,0,无历史订单/销售记录，按新品观察,小预算测款，先补图文与基础价格口径,309.99,259.227414698,0.0,0.0,0.0,0,0,0.0,0.0,0.0,0.0,True,False
N,0,CT-02,DMOM1037,,,Live,0,0,0.0,0.0,0.0,78.311920423,0.3346806291850079,0.8889,1.0,RED,GREEN,GREEN,,,GREEN,0.0,0.0,新品不进大促,只允许小预算测款，先补基础Listing和价格口径,无历史订单/销售记录，按新品观察,新品/无历史：只补基础 Listing 和价格口径；不上大促，广告日预算小额测 7 天，有订单再升级。,N,0,0.0,0.0,0.0,0,0.0,12,0,1,0,0,0,0,0,0,无历史订单/销售记录，按新品观察,小预算测款，先补图文与基础价格口径,233.99,155.678079577,0.0,0.0,0.0,0,0,0.0,0.0,0.0,0.0,True,False
N,0,MFC-D3B,DMOM1055,,,Not Live,0,0,0.0,0.0,0.0,52.811906341,0.2722403543533171,0.8214285714285714,0.0833,RED,RED,,,,GREEN,0.0,0.0,新品不进大促,只允许小预算测款，先补基础Listing和价格口径,无历史订单/销售记录，按新品观察,新品/无历史：只补基础 Listing 和价格口径；不上大促，广告日预算小额测 7 天，有订单再升级。,N,0,0.0,0.0,0.0,0,0.0,0,0,0,0,0,0,0,0,0,无历史订单/销售记录，按新品观察,小预算测款，先补图文与基础价格口径,193.99,141.178093659,0.0,0.0,0.0,0,0,0.0,0.0,0.0,0.0,True,False
N,0,VFC-5B-wheel,DMOM1030,,,Live (Some Stores),0,0,0.0,0.0,0.0,0.0,0.0,0.8214285714285714,0.4167,RED,GREEN,,,,GREEN,0.0,0.0,新品不进大促,只允许小预算测款，先补基础Listing和价格口径,无历史订单/销售记录，按新品观察,新品/无历史：只补基础 Listing 和价格口径；不上大促，广告日预算小额测 7 天，有订单再升级。,N,0,0.0,0.0,0.0,0,0.0,7,0,0,0,0,0,0,0,0,无历史订单/销售记录，按新品观察,小预算测款，先补图文与基础价格口径,0.0,0.0,0.0,0.0,0.0,0,0,0.0,0.0,0.0,0.0,True,False
N,0,W3D-G-locker,DMOM1047,,,Live,0,0,0.0,0.0,0.0,66.60341377700001,0.2081421724960155,0.0,0.0,RED,GREEN,GREEN,,,GREEN,0.0,0.0,新品不进大促,只允许小预算测款，先补基础Listing和价格口径,无历史订单/销售记录，按新品观察,新品/无历史：只补基础 Listing 和价格口径；不上大促，广告日预算小额测 7 天，有订单再升级。,N,0,0.0,0.0,0.0,0,0.0,13,0,0,0,0,0,0,0,0,无历史订单/销售记录，按新品观察,小预算测款，先补图文与基础价格口径,319.99,253.386586223,0.0,0.0,0.0,0,0,0.0,0.0,0.0,0.0,True,False
N,0,TOOL-A01,DMOM1072,,,Live,0,0,0.0,0.0,0.0,15.29944205599999,0.1500092367487007,0.0,0.0,RED,GREEN,RED,,,GREEN,0.0,0.0,新品不进大促,只允许小预算测款，先补基础Listing和价格口径,无历史订单/销售记录，按新品观察,新品/无历史：只补基础 Listing 和价格口径；不上大促，广告日预算小额测 7 天，有订单再升级。,N,0,0.0,0.0,0.0,0,0.0,18,0,0,0,0,0,0,0,0,无历史订单/销售记录，按新品观察,小预算测款，先补图文与基础价格口径,101.99,86.690557944,0.0,0.0,0.0,0,0,0.0,0.0,0.0,0.0,True,False
N,0,PT02-WH,DMOM1039,,,Live,0,0,0.0,0.0,0.0,63.21175591300002,0.2528571379375176,0.9167,0.9474,RED,GREEN,GREEN,,,GREEN,0.0,0.0,新品不进大促,只允许小预算测款，先补基础Listing和价格口径,无历史订单/销售记录，按新品观察,新品/无历史：只补基础 Listing 和价格口径；不上大促，广告日预算小额测 7 天，有订单再升级。,N,0,0.0,0.0,0.0,0,0.0,9,0,7,0,0,0,0,0,0,无历史订单/销售记录，按新品观察,小预算测款，先补图文与基础价格口径,249.99,186.778244087,0.0,0.0,0.0,0,0,0.0,0.0,0.0,0.0,True,False
N,0,VFC-4B-wheel,DMOM1030,,,Live (Some Stores),0,0,0.0,0.0,0.0,0.0,0.0,0.8214285714285714,0.4167,RED,GREEN,,,,GREEN,0.0,0.0,新品不进大促,只允许小预算测款，先补基础Listing和价格口径,无历史订单/销售记录，按新品观察,新品/无历史：只补基础 Listing 和价格口径；不上大促，广告日预算小额测 7 天，有订单再升级。,N,0,0.0,0.0,0.0,0,0.0,7,0,0,0,0,0,0,0,0,无历史订单/销售记录，按新品观察,小预算测款，先补图文与基础价格口径,0.0,0.0,0.0,0.0,0.0,0,0,0.0,0.0,0.0,0.0,True,False
N,0,TOOL-A08,DMOM1077,,,Live,0,0,0.0,0.0,0.0,39.85741155000002,0.1423529824279439,0.0,0.0,RED,GREEN,RED,,,GREEN,0.0,0.0,新品不进大促,只允许小预算测款，先补基础Listing和价格口径,无历史订单/销售记录，按新品观察,新品/无历史：只补基础 Listing 和价格口径；不上大促，广告日预算小额测 7 天，有订单再升级。,N,0,0.0,0.0,0.0,0,0.0,2,0,0,0,0,0,0,0,0,无历史订单/销售记录，按新品观察,小预算测款，先补图文与基础价格口径,279.99,240.13258845,0.0,0.0,0.0,0,0,0.0,0.0,0.0,0.0,True,False
N,0,6D-locker,DMOM1045,,,Live (Some Stores),0,0,0.0,0.0,0.0,0.0,0.0,0.0,0.0,0,0,0,0,0.0,0,0.0,0.0,新品不进大促,只允许小预算测款，先补基础Listing和价格口径,无历史订单/销售记录，按新品观察,新品/无历史：只补基础 Listing 和价格口径；不上大促，广告日预算小额测 7 天，有订单再升级。,N,0,0.0,0.0,0.0,0,0.0,7,0,0,0,0,0,0,0,0,无历史订单/销售记录，按新品观察,小预算测款，先补图文与基础价格口径,0.0,0.0,0.0,0.0,0.0,0,0,0.0,0.0,0.0,0.0,False,False
N,0,TOOL-B02,DMOM1070,,,Live,0,0,0.0,0.0,0.0,21.34685900000001,0.1482523716924787,0.0,0.0,RED,GREEN,RED,,,GREEN,0.0,0.0,新品不进大促,只允许小预算测款，先补基础Listing和价格口径,无历史订单/销售记录，按新品观察,新品/无历史：只补基础 Listing 和价格口径；不上大促，广告日预算小额测 7 天，有订单再升级。,N,0,0.0,0.0,0.0,0,0.0,11,0,0,0,0,0,0,0,0,无历史订单/销售记录，按新品观察,小预算测款，先补图文与基础价格口径,143.99,122.643141,0.0,0.0,0.0,0,0,0.0,0.0,0.0,0.0,True,False
N,0,MFC-D03,DMOM1031,,,Live,0,0,0.0,0.0,0.0,55.25975289600001,0.2708944207853326,0.8214285714285714,0.4167,RED,GREEN,,,,GREEN,0.0,0.0,新品不进大促,只允许小预算测款，先补基础Listing和价格口径,无历史订单/销售记录，按新品观察,新品/无历史：只补基础 Listing 和价格口径；不上大促，广告日预算小额测 7 天，有订单再升级。,N,0,0.0,0.0,0.0,0,0.0,7,0,0,0,0,0,0,0,0,无历史订单/销售记录，按新品观察,小预算测款，先补图文与基础价格口径,203.99,148.730247104,0.0,0.0,0.0,0,0,0.0,0.0,0.0,0.0,True,False
N,0,YB-MSE3400003,DMOM1009,,,Live,0,0,0.0,0.0,0.0,84.973364264,0.2321740054755594,0.6296296296296297,0.75,RED,GREEN,RED,,,GREEN,0.0,0.0,新品不进大促,只允许小预算测款，先补基础Listing和价格口径,无历史订单/销售记录，按新品观察,新品/无历史：只补基础 Listing 和价格口径；不上大促，广告日预算小额测 7 天，有订单再升级。,N,0,0.0,0.0,0.0,0,0.0,9,0,1,0,0,0,0,0,0,无历史订单/销售记录，按新品观察,小预算测款，先补图文与基础价格口径,365.99,281.016635736,0.0,0.0,0.0,0,0,0.0,0.0,0.0,0.0,True,False
N,0,W9D-G-locker,DMOM1048,,,Live,0,0,0.0,0.0,0.0,73.20394248100001,0.2091600973770679,0.5333333333333333,0.4614999999999999,RED,GREEN,GREEN,,,GREEN,0.0,0.0,新品不进大促,只允许小预算测款，先补基础Listing和价格口径,无历史订单/销售记录，按新品观察,新品/无历史：只补基础 Listing 和价格口径；不上大促，广告日预算小额测 7 天，有订单再升级。,N,0,0.0,0.0,0.0,0,0.0,7,0,0,0,0,0,0,0,0,无历史订单/销售记录，按新品观察,小预算测款，先补图文与基础价格口径,349.99,276.786057519,0.0,0.0,0.0,0,0,0.0,0.0,0.0,0.0,True,False
N,0,CT-01,DMOM1040,,,Live,0,0,0.0,0.0,0.0,82.879554337,0.3355583397586947,0.7778,0.75,RED,GREEN,GREEN,,,GREEN,0.0,0.0,新品不进大促,只允许小预算测款，先补基础Listing和价格口径,无历史订单/销售记录，按新品观察,新品/无历史：只补基础 Listing 和价格口径；不上大促，广告日预算小额测 7 天，有订单再升级。,N,0,0.0,0.0,0.0,0,0.0,8,0,1,0,0,0,0,0,0,无历史订单/销售记录，按新品观察,小预算测款，先补图文与基础价格口径,246.99,164.110445663,0.0,0.0,0.0,0,0,0.0,0.0,0.0,0.0,True,False
N,0,LFC-4B-400,DMOM1054,,,Live,0,0,0.0,0.0,0.0,55.15857584600002,0.2121565285049425,0.8214285714285714,0.0417,RED,GREEN,RED,,,GREEN,0.0,0.0,新品不进大促,只允许小预算测款，先补基础Listing和价格口径,无历史订单/销售记录，按新品观察,新品/无历史：只补基础 Listing 和价格口径；不上大促，广告日预算小额测 7 天，有订单再升级。,N,0,0.0,0.0,0.0,0,0.0,1,0,0,0,0,0,0,0,0,无历史订单/销售记录，按新品观察,小预算测款，先补图文与基础价格口径,259.99,204.831424154,0.0,0.0,0.0,0,0,0.0,0.0,0.0,0.0,True,False
N,0,T2398P152544,FC-800W,"71""H三层文件柜白",工具,,0,0,0.0,0.0,0.0,0.0,0.0,0.0,0.0,0,0,0,0,0.0,0,0.0,0.0,新品不进大促,只允许小预算测款，先补基础Listing和价格口径,无历史订单/销售记录，按新品观察,新品/无历史：只补基础 Listing 和价格口径；不上大促，广告日预算小额测 7 天，有订单再升级。,N,0,0.0,0.0,0.0,0,0.0,0,0,0,0,0,0,0,0,0,无历史订单/销售记录，按新品观察,小预算测款，先补图文与基础价格口径,0.0,0.0,0.0,0.0,0.0,0,0,0.0,0.0,0.0,0.0,False,False
N,0,T2398P251437,W9D-G-locker,9门更衣柜灰色,locker,,0,0,0.0,0.0,0.0,73.20394248100001,0.2091600973770679,0.5333333333333333,0.4614999999999999,RED,GREEN,GREEN,,,GREEN,0.0,0.0,新品不进大促,只允许小预算测款，先补基础Listing和价格口径,无历史订单/销售记录，按新品观察,新品/无历史：只补基础 Listing 和价格口径；不上大促，广告日预算小额测 7 天，有订单再升级。,N,0,0.0,0.0,0.0,0,0.0,0,0,0,0,0,0,0,0,0,无历史订单/销售记录，按新品观察,小预算测款，先补图文与基础价格口径,349.99,276.786057519,0.0,0.0,0.0,0,0,0.0,0.0,0.0,0.0,True,False
N,0,T2398P403869,Bed-116-1,"黑色金属带床头板折叠床L190*W116*H33cm
75*46*17",床,,0,0,0.0,0.0,0.0,0.0,0.0,0.0,0.0,0,0,0,0,0.0,0,0.0,0.0,新品不进大促,只允许小预算测款，先补基础Listing和价格口径,无历史订单/销售记录，按新品观察,新品/无历史：只补基础 Listing 和价格口径；不上大促，广告日预算小额测 7 天，有订单再升级。,N,0,0.0,0.0,0.0,0,0.0,0,0,0,0,0,0,0,0,0,无历史订单/销售记录，按新品观察,小预算测款，先补图文与基础价格口径,0.0,0.0,0.0,0.0,0.0,0,0,0.0,0.0,0.0,0.0,False,False
N,0,T2398P413028,Pantry-09,白色金属上下对开中空下一抽K字储物柜,餐边柜,,0,0,0.0,0.0,0.0,0.0,0.0,0.0,0.0,0,0,0,0,0.0,0,0.0,0.0,新品不进大促,只允许小预算测款，先补基础Listing和价格口径,无历史订单/销售记录，按新品观察,新品/无历史：只补基础 Listing 和价格口径；不上大促，广告日预算小额测 7 天，有订单再升级。,N,0,0.0,0.0,0.0,0,0.0,0,0,0,0,0,0,0,0,0,无历史订单/销售记录，按新品观察,小预算测款，先补图文与基础价格口径,0.0,0.0,0.0,0.0,0.0,0,0,0.0,0.0,0.0,0.0,False,False
N,0,T2398P411963,CT-05,深胡桃木色铁木结合卷帘带层板升降矩形咖啡桌,咖啡桌,,0,0,0.0,0.0,0.0,0.0,0.0,0.0,0.0,0,0,0,0,0.0,0,0.0,0.0,新品不进大促,只允许小预算测款，先补基础Listing和价格口径,无历史订单/销售记录，按新品观察,新品/无历史：只补基础 Listing 和价格口径；不上大促，广告日预算小额测 7 天，有订单再升级。,N,0,0.0,0.0,0.0,0,0.0,0,0,0,0,0,0,0,0,0,无历史订单/销售记录，按新品观察,小预算测款，先补图文与基础价格口径,0.0,0.0,0.0,0.0,0.0,0,0,0.0,0.0,0.0,0.0,False,False
N,0,T2398P154419,VFC-3W,窄卡3抽白色,文件柜,,0,0,0.0,0.0,0.0,36.522869111000006,0.2213641378932056,0.7857142857142857,0.625,RED,GREEN,GREEN,,,GREEN,0.0,0.0,库存对照行不单独决策,该行是仓库/库存SKU映射，主决策以对应销售SKU为准,无历史订单/销售记录，按新品观察,新品/无历史：只补基础 Listing 和价格口径；不上大促，广告日预算小额测 7 天，有订单再升级。,N,0,0.0,0.0,0.0,0,0.0,0,0,0,0,0,0,0,0,0,无历史订单/销售记录，按新品观察,小预算测款，先补图文与基础价格口径,164.99,128.467130889,140.6,210.0,2.0,0,0,9.0,11.444444444444445,2.8407191274355825,0.0,True,True
N,0,T2398P480396,,"黑色金属中型货架01
总承重4000lbs",,,0,0,0.0,0.0,0.0,0.0,0.0,0.0,0.0,0,0,0,0,0.0,0,0.0,0.0,新品不进大促,只允许小预算测款，先补基础Listing和价格口径,无历史订单/销售记录，按新品观察,新品/无历史：只补基础 Listing 和价格口径；不上大促，广告日预算小额测 7 天，有订单再升级。,N,0,0.0,0.0,0.0,0,0.0,0,0,0,0,0,0,0,0,0,无历史订单/销售记录，按新品观察,小预算测款，先补图文与基础价格口径,0.0,0.0,0.0,0.0,0.0,0,0,0.0,0.0,0.0,0.0,False,False
N,0,T2398P272052,,专利款3抽窄卡-黑,,,0,0,0.0,0.0,0.0,0.0,0.0,0.0,0.0,0,0,0,0,0.0,0,0.0,0.0,新品不进大促,只允许小预算测款，先补基础Listing和价格口径,无历史订单/销售记录，按新品观察,新品/无历史：只补基础 Listing 和价格口径；不上大促，广告日预算小额测 7 天，有订单再升级。,N,0,0.0,0.0,0.0,0,0.0,0,0,0,0,0,0,0,0,0,无历史订单/销售记录，按新品观察,小预算测款，先补图文与基础价格口径,0.0,0.0,0.0,0.0,0.0,0,0,0.0,0.0,0.0,0.0,False,False
N,0,T2398P350192,PT06-WH,白色上玻下铁对开门储物柜,餐边柜,,0,0,0.0,0.0,0.0,0.0,0.0,0.0,0.0,0,0,0,0,0.0,0,0.0,0.0,新品不进大促,只允许小预算测款，先补基础Listing和价格口径,无历史订单/销售记录，按新品观察,新品/无历史：只补基础 Listing 和价格口径；不上大促，广告日预算小额测 7 天，有订单再升级。,N,0,0.0,0.0,0.0,0,0.0,0,0,0,0,0,0,0,0,0,无历史订单/销售记录，按新品观察,小预算测款，先补图文与基础价格口径,0.0,0.0,0.0,0.0,0.0,0,0,0.0,0.0,0.0,0.0,False,False
N,0,T2398P342713,,蓝色金属单3门更衣柜,,,0,0,0.0,0.0,0.0,0.0,0.0,0.0,0.0,0,0,0,0,0.0,0,0.0,0.0,新品不进大促,只允许小预算测款，先补基础Listing和价格口径,无历史订单/销售记录，按新品观察,新品/无历史：只补基础 Listing 和价格口径；不上大促，广告日预算小额测 7 天，有订单再升级。,N,0,0.0,0.0,0.0,0,0.0,0,0,0,0,0,0,0,0,0,无历史订单/销售记录，按新品观察,小预算测款，先补图文与基础价格口径,0.0,0.0,0.0,0.0,0.0,0,0,0.0,0.0,0.0,0.0,False,False
N,0,T2398P350190,PT04-WH,白色金属上对开下2抽压型储物柜,餐边柜,,0,0,0.0,0.0,0.0,65.792650721,0.2530583896342167,0.7917000000000001,0.6842,RED,GREEN,GREEN,,,GREEN,0.0,0.0,新品不进大促,只允许小预算测款，先补基础Listing和价格口径,无历史订单/销售记录，按新品观察,新品/无历史：只补基础 Listing 和价格口径；不上大促，广告日预算小额测 7 天，有订单再升级。,N,0,0.0,0.0,0.0,0,0.0,0,0,0,0,0,0,0,0,0,无历史订单/销售记录，按新品观察,小预算测款，先补图文与基础价格口径,259.99,194.197349279,0.0,0.0,0.0,0,0,0.0,0.0,0.0,0.0,True,False
N,0,T2398P354184,CT-02,火烧云钢木半开合咖啡桌,咖啡桌,,0,0,0.0,0.0,0.0,78.311920423,0.3346806291850079,0.8889,1.0,RED,GREEN,GREEN,,,GREEN,0.0,0.0,新品不进大促,只允许小预算测款，先补基础Listing和价格口径,无历史订单/销售记录，按新品观察,新品/无历史：只补基础 Listing 和价格口径；不上大促，广告日预算小额测 7 天，有订单再升级。,N,0,0.0,0.0,0.0,0,0.0,0,0,0,0,0,0,0,0,0,无历史订单/销售记录，按新品观察,小预算测款，先补图文与基础价格口径,233.99,155.678079577,0.0,0.0,0.0,0,0,0.0,0.0,0.0,0.0,True,False
N,0,T2398P411961,CT-03,深胡桃木色铁木结合半开合推拉卷帘带层板圆型咖啡桌,咖啡桌,,0,0,0.0,0.0,0.0,0.0,0.0,0.0,0.0,0,0,0,0,0.0,0,0.0,0.0,新品不进大促,只允许小预算测款，先补基础Listing和价格口径,无历史订单/销售记录，按新品观察,新品/无历史：只补基础 Listing 和价格口径；不上大促，广告日预算小额测 7 天，有订单再升级。,N,0,0.0,0.0,0.0,0,0.0,0,0,0,0,0,0,0,0,0,无历史订单/销售记录，按新品观察,小预算测款，先补图文与基础价格口径,0.0,0.0,0.0,0.0,0.0,0,0,0.0,0.0,0.0,0.0,False,False
N,0,T2398P154452,LFC-4W,宽卡4抽白色,文件柜,,0,0,0.0,0.0,0.0,62.499056145,0.2232188869066752,0.8214285714285714,0.7082999999999999,RED,GREEN,GREEN,,,GREEN,0.0,0.0,库存对照行不单独决策,该行是仓库/库存SKU映射，主决策以对应销售SKU为准,无历史订单/销售记录，按新品观察,新品/无历史：只补基础 Listing 和价格口径；不上大促，广告日预算小额测 7 天，有订单再升级。,N,0,0.0,0.0,0.0,0,0.0,0,0,0,0,0,0,0,0,0,无历史订单/销售记录，按新品观察,小预算测款，先补图文与基础价格口径,279.99,217.490943855,20.55,0.0,0.0,0,0,4.0,11.0,0.7612107623318385,0.0,True,True
N,0,T2398P222833,TOOL-A05,套色压型-上一抽下对开工具推车,工具,,0,0,0.0,0.0,0.0,28.74677685200001,0.1513067890520554,0.9167,0.1052999999999999,RED,GREEN,RED,,,GREEN,0.0,0.0,新品不进大促,只允许小预算测款，先补基础Listing和价格口径,无历史订单/销售记录，按新品观察,新品/无历史：只补基础 Listing 和价格口径；不上大促，广告日预算小额测 7 天，有订单再升级。,N,0,0.0,0.0,0.0,0,0.0,0,0,0,0,0,0,0,0,0,无历史订单/销售记录，按新品观察,小预算测款，先补图文与基础价格口径,189.99,161.243223148,0.0,0.0,0.0,0,0,0.0,0.0,0.0,0.0,True,False
N,0,T2398P438827,,黑色铁木结合柜门带插座掀盖唱片桌,,,0,0,0.0,0.0,0.0,0.0,0.0,0.0,0.0,0,0,0,0,0.0,0,0.0,0.0,新品不进大促,只允许小预算测款，先补基础Listing和价格口径,无历史订单/销售记录，按新品观察,新品/无历史：只补基础 Listing 和价格口径；不上大促，广告日预算小额测 7 天，有订单再升级。,N,0,0.0,0.0,0.0,0,0.0,0,0,0,0,0,0,0,0,0,无历史订单/销售记录，按新品观察,小预算测款，先补图文与基础价格口径,0.0,0.0,0.0,0.0,0.0,0,0,0.0,0.0,0.0,0.0,False,False
N,0,T2398P442676,P442676-BC,白色金属下对开门上四镂空书柜,,,0,0,0.0,0.0,0.0,0.0,0.0,0.0,0.0,0,0,0,0,0.0,0,0.0,0.0,新品不进大促,只允许小预算测款，先补基础Listing和价格口径,无历史订单/销售记录，按新品观察,新品/无历史：只补基础 Listing 和价格口径；不上大促，广告日预算小额测 7 天，有订单再升级。,N,0,0.0,0.0,0.0,0,0.0,0,0,0,0,0,0,0,0,0,无历史订单/销售记录，按新品观察,小预算测款，先补图文与基础价格口径,0.0,0.0,0.0,0.0,0.0,0,0,0.0,0.0,0.0,0.0,False,False
N,0,T2398P306288,5T-wangge,网格货架,,,0,0,0.0,0.0,0.0,25.28263930899999,0.2198681564396903,0.75,0.85,RED,GREEN,GREEN,,,GREEN,0.0,0.0,库存对照行不单独决策,该行是仓库/库存SKU映射，主决策以对应销售SKU为准,无历史订单/销售记录，按新品观察,新品/无历史：只补基础 Listing 和价格口径；不上大促，广告日预算小额测 7 天，有订单再升级。,N,0,0.0,0.0,0.0,0,0.0,0,0,0,0,0,0,0,0,0,无历史订单/销售记录，按新品观察,小预算测款，先补图文与基础价格口径,114.99,89.707360691,9.73,0.0,0.0,0,0,1.0,12.0,0.0,0.0,True,True
N,0,T2398P222831,TOOL-A04,套色压型-对开门工具推车,工具,,0,0,0.0,0.0,0.0,24.662293511,0.1485769836194951,0.0,0.0,RED,GREEN,RED,,,GREEN,0.0,0.0,新品不进大促,只允许小预算测款，先补基础Listing和价格口径,无历史订单/销售记录，按新品观察,新品/无历史：只补基础 Listing 和价格口径；不上大促，广告日预算小额测 7 天，有订单再升级。,N,0,0.0,0.0,0.0,0,0.0,0,0,0,0,0,0,0,0,0,无历史订单/销售记录，按新品观察,小预算测款，先补图文与基础价格口径,165.99,141.327706489,0.0,0.0,0.0,0,0,0.0,0.0,0.0,0.0,True,False
N,0,T2398P350187,PT01-WH,白色压型对开门餐厨柜,餐边柜,,0,0,0.0,0.0,0.0,53.52085551500002,0.2512834194797879,0.7917000000000001,0.6315999999999999,RED,GREEN,GREEN,,,GREEN,0.0,0.0,新品不进大促,只允许小预算测款，先补基础Listing和价格口径,无历史订单/销售记录，按新品观察,新品/无历史：只补基础 Listing 和价格口径；不上大促，广告日预算小额测 7 天，有订单再升级。,N,0,0.0,0.0,0.0,0,0.0,0,0,0,0,0,0,0,0,0,无历史订单/销售记录，按新品观察,小预算测款，先补图文与基础价格口径,212.99,159.469144485,0.0,0.0,0.0,0,0,0.0,0.0,0.0,0.0,True,False
N,0,T2398P313238,8T-Kayak,,,,0,0,0.0,0.0,0.0,57.20298679800001,0.2043036779813565,0.9048,0.9091,RED,GREEN,GREEN,,,GREEN,0.0,0.0,新品不进大促,只允许小预算测款，先补基础Listing和价格口径,无历史订单/销售记录，按新品观察,新品/无历史：只补基础 Listing 和价格口径；不上大促，广告日预算小额测 7 天，有订单再升级。,N,0,0.0,0.0,0.0,0,0.0,0,0,0,0,0,0,0,0,0,无历史订单/销售记录，按新品观察,小预算测款，先补图文与基础价格口径,279.99,222.787013202,0.0,0.0,0.0,0,0,0.0,0.0,0.0,0.0,True,False
N,0,T2398P151998,W6D-G-locker,6门更衣柜灰色,locker,,0,0,0.0,0.0,0.0,70.55020677800002,0.2106039188572793,0.5333333333333333,0.4614999999999999,RED,GREEN,GREEN,,,GREEN,0.0,0.0,新品不进大促,只允许小预算测款，先补基础Listing和价格口径,无历史订单/销售记录，按新品观察,新品/无历史：只补基础 Listing 和价格口径；不上大促，广告日预算小额测 7 天，有订单再升级。,N,0,0.0,0.0,0.0,0,0.0,0,0,0,0,0,0,0,0,0,无历史订单/销售记录，按新品观察,小预算测款，先补图文与基础价格口径,334.99,264.439793222,0.0,0.0,0.0,0,0,0.0,0.0,0.0,0.0,True,False
N,0,T2398P236613,TOOL-B03,黑色常规-对开门工具柜,工具,,0,0,0.0,0.0,0.0,24.096180168000014,0.147838396024296,0.0,0.0,RED,GREEN,RED,,,GREEN,0.0,0.0,新品不进大促,只允许小预算测款，先补基础Listing和价格口径,无历史订单/销售记录，按新品观察,新品/无历史：只补基础 Listing 和价格口径；不上大促，广告日预算小额测 7 天，有订单再升级。,N,0,0.0,0.0,0.0,0,0.0,0,0,0,0,0,0,0,0,0,无历史订单/销售记录，按新品观察,小预算测款，先补图文与基础价格口径,162.99,138.893819832,0.0,0.0,0.0,0,0,0.0,0.0,0.0,0.0,True,False
N,0,T2398P310005,VFC-4W-wheel,窄四白带轮子套装,文件柜,,0,0,0.0,0.0,0.0,0.0,0.0,0.8214285714285714,0.4167,RED,GREEN,,,,GREEN,0.0,0.0,新品不进大促,只允许小预算测款，先补基础Listing和价格口径,无历史订单/销售记录，按新品观察,新品/无历史：只补基础 Listing 和价格口径；不上大促，广告日预算小额测 7 天，有订单再升级。,N,0,0.0,0.0,0.0,0,0.0,0,0,0,0,0,0,0,0,0,无历史订单/销售记录，按新品观察,小预算测款，先补图文与基础价格口径,0.0,0.0,0.0,0.0,0.0,0,0,0.0,0.0,0.0,0.0,True,False
N,0,T2398P152545,FC-800B,"71""H三层文件柜黑",工具,,0,0,0.0,0.0,0.0,0.0,0.0,0.0,0.0,0,0,0,0,0.0,0,0.0,0.0,新品不进大促,只允许小预算测款，先补基础Listing和价格口径,无历史订单/销售记录，按新品观察,新品/无历史：只补基础 Listing 和价格口径；不上大促，广告日预算小额测 7 天，有订单再升级。,N,0,0.0,0.0,0.0,0,0.0,0,0,0,0,0,0,0,0,0,无历史订单/销售记录，按新品观察,小预算测款，先补图文与基础价格口径,0.0,0.0,0.0,0.0,0.0,0,0,0.0,0.0,0.0,0.0,False,False
N,0,T2398P182179,LFC-5W,宽卡5抽白色,文件柜,,0,0,0.0,0.0,0.0,66.83382482600001,0.2088622295259227,0.8214285714285714,0.7082999999999999,RED,GREEN,RED,,,GREEN,0.0,0.0,库存对照行不单独决策,该行是仓库/库存SKU映射，主决策以对应销售SKU为准,无历史订单/销售记录，按新品观察,新品/无历史：只补基础 Listing 和价格口径；不上大促，广告日预算小额测 7 天，有订单再升级。,N,0,0.0,0.0,0.0,0,0.0,0,0,0,0,0,0,0,0,0,无历史订单/销售记录，按新品观察,小预算测款，先补图文与基础价格口径,319.99,253.156175174,0.0,0.0,0.0,0,0,1.0,10.0,1.0,0.0,True,True
N,0,T2398P310088,VFC-5W-wheel,窄五白带轮子套装,文件柜,,0,0,0.0,0.0,0.0,0.0,0.0,0.8214285714285714,0.4167,RED,GREEN,,,,GREEN,0.0,0.0,新品不进大促,只允许小预算测款，先补基础Listing和价格口径,无历史订单/销售记录，按新品观察,新品/无历史：只补基础 Listing 和价格口径；不上大促，广告日预算小额测 7 天，有订单再升级。,N,0,0.0,0.0,0.0,0,0.0,0,0,0,0,0,0,0,0,0,无历史订单/销售记录，按新品观察,小预算测款，先补图文与基础价格口径,0.0,0.0,0.0,0.0,0.0,0,0,0.0,0.0,0.0,0.0,True,False
N,0,T2398P442672,P442672-Too-8,黑色金属上三抽下对开工具推车,工具,,0,0,0.0,0.0,0.0,0.0,0.0,0.0,0.0,0,0,0,0,0.0,0,0.0,0.0,新品不进大促,只允许小预算测款，先补基础Listing和价格口径,无历史订单/销售记录，按新品观察,新品/无历史：只补基础 Listing 和价格口径；不上大促，广告日预算小额测 7 天，有订单再升级。,N,0,0.0,0.0,0.0,0,0.0,0,0,0,0,0,0,0,0,0,无历史订单/销售记录，按新品观察,小预算测款，先补图文与基础价格口径,0.0,0.0,0.0,0.0,0.0,0,0,0.0,0.0,0.0,0.0,False,False
N,0,T2398P413030,Dresser-02,白色金属九抽斗柜,Dresser,,0,0,0.0,0.0,0.0,0.0,0.0,0.0,0.0,0,0,0,0,0.0,0,0.0,0.0,新品不进大促,只允许小预算测款，先补基础Listing和价格口径,无历史订单/销售记录，按新品观察,新品/无历史：只补基础 Listing 和价格口径；不上大促，广告日预算小额测 7 天，有订单再升级。,N,0,0.0,0.0,0.0,0,0.0,0,0,0,0,0,0,0,0,0,无历史订单/销售记录，按新品观察,小预算测款，先补图文与基础价格口径,0.0,0.0,0.0,0.0,0.0,0,0,0.0,0.0,0.0,0.0,False,False
N,0,T2398P411962,CT-04,深胡桃木色铁木结合半开合半升降带层板圆型咖啡桌,咖啡桌,,0,0,0.0,0.0,0.0,0.0,0.0,0.0,0.0,0,0,0,0,0.0,0,0.0,0.0,新品不进大促,只允许小预算测款，先补基础Listing和价格口径,无历史订单/销售记录，按新品观察,新品/无历史：只补基础 Listing 和价格口径；不上大促，广告日预算小额测 7 天，有订单再升级。,N,0,0.0,0.0,0.0,0,0.0,0,0,0,0,0,0,0,0,0,无历史订单/销售记录，按新品观察,小预算测款，先补图文与基础价格口径,0.0,0.0,0.0,0.0,0.0,0,0,0.0,0.0,0.0,0.0,False,False
N,0,T2398P465999,,黑色金属左分格右挂杆工具柜,,,0,0,0.0,0.0,0.0,0.0,0.0,0.0,0.0,0,0,0,0,0.0,0,0.0,0.0,新品不进大促,只允许小预算测款，先补基础Listing和价格口径,无历史订单/销售记录，按新品观察,新品/无历史：只补基础 Listing 和价格口径；不上大促，广告日预算小额测 7 天，有订单再升级。,N,0,0.0,0.0,0.0,0,0.0,0,0,0,0,0,0,0,0,0,无历史订单/销售记录，按新品观察,小预算测款，先补图文与基础价格口径,0.0,0.0,0.0,0.0,0.0,0,0,0.0,0.0,0.0,0.0,False,False
N,0,T2398P354182,CT-3ps,3件套-黑色玻璃钢制花边咖啡桌,咖啡桌,,0,0,0.0,0.0,0.0,108.459774533,0.3286759433104033,0.8056,0.875,RED,GREEN,GREEN,,,GREEN,0.0,0.0,新品不进大促,只允许小预算测款，先补基础Listing和价格口径,无历史订单/销售记录，按新品观察,新品/无历史：只补基础 Listing 和价格口径；不上大促，广告日预算小额测 7 天，有订单再升级。,N,0,0.0,0.0,0.0,0,0.0,0,0,0,0,0,0,0,0,0,无历史订单/销售记录，按新品观察,小预算测款，先补图文与基础价格口径,329.99,221.530225467,0.0,0.0,0.0,0,0,0.0,0.0,0.0,0.0,True,False
N,0,T2398P403870,Bed-116,"黑色金属不带床头板折叠床L190*W116*H33cm
75*46*17",床,,0,0,0.0,0.0,0.0,0.0,0.0,0.0,0.0,0,0,0,0,0.0,0,0.0,0.0,新品不进大促,只允许小预算测款，先补基础Listing和价格口径,无历史订单/销售记录，按新品观察,新品/无历史：只补基础 Listing 和价格口径；不上大促，广告日预算小额测 7 天，有订单再升级。,N,0,0.0,0.0,0.0,0,0.0,0,0,0,0,0,0,0,0,0,无历史订单/销售记录，按新品观察,小预算测款，先补图文与基础价格口径,0.0,0.0,0.0,0.0,0.0,0,0,0.0,0.0,0.0,0.0,False,False
N,0,T2398P350188,PT02-WH,白色压型上玻下铁中空对开门储物柜餐厨柜,餐边柜,,0,0,0.0,0.0,0.0,63.21175591300002,0.2528571379375176,0.9167,0.9474,RED,GREEN,GREEN,,,GREEN,0.0,0.0,新品不进大促,只允许小预算测款，先补基础Listing和价格口径,无历史订单/销售记录，按新品观察,新品/无历史：只补基础 Listing 和价格口径；不上大促，广告日预算小额测 7 天，有订单再升级。,N,0,0.0,0.0,0.0,0,0.0,0,0,0,0,0,0,0,0,0,无历史订单/销售记录，按新品观察,小预算测款，先补图文与基础价格口径,249.99,186.778244087,0.0,0.0,0.0,0,0,0.0,0.0,0.0,0.0,True,False
N,0,T2398P285652,W3D-B-locker 待上架变体,3门更衣柜黑色,locker,,0,0,0.0,0.0,0.0,0.0,0.0,0.0,0.0,0,0,0,0,0.0,0,0.0,0.0,新品不进大促,只允许小预算测款，先补基础Listing和价格口径,无历史订单/销售记录，按新品观察,新品/无历史：只补基础 Listing 和价格口径；不上大促，广告日预算小额测 7 天，有订单再升级。,N,0,0.0,0.0,0.0,0,0.0,0,0,0,0,0,0,0,0,0,无历史订单/销售记录，按新品观察,小预算测款，先补图文与基础价格口径,0.0,0.0,0.0,0.0,0.0,0,0,0.0,0.0,0.0,0.0,False,False
N,0,T2398P282152,W9D-B-locker待上架变体,9门更衣柜黑色,locker,,0,0,0.0,0.0,0.0,0.0,0.0,0.0,0.0,0,0,0,0,0.0,0,0.0,0.0,新品不进大促,只允许小预算测款，先补基础Listing和价格口径,无历史订单/销售记录，按新品观察,新品/无历史：只补基础 Listing 和价格口径；不上大促，广告日预算小额测 7 天，有订单再升级。,N,0,0.0,0.0,0.0,0,0.0,0,0,0,0,0,0,0,0,0,无历史订单/销售记录，按新品观察,小预算测款，先补图文与基础价格口径,0.0,0.0,0.0,0.0,0.0,0,0,0.0,0.0,0.0,0.0,False,False
N,0,T2398P154425,VFC-5W,窄卡5抽白色,文件柜,,0,0,0.0,0.0,0.0,52.51548852600001,0.2188236531772157,0.8929,0.9583,RED,GREEN,GREEN,,,GREEN,0.0,0.0,新品不进大促,只允许小预算测款，先补基础Listing和价格口径,无历史订单/销售记录，按新品观察,新品/无历史：只补基础 Listing 和价格口径；不上大促，广告日预算小额测 7 天，有订单再升级。,N,0,0.0,0.0,0.0,0,0.0,0,0,0,0,0,0,0,0,0,无历史订单/销售记录，按新品观察,小预算测款，先补图文与基础价格口径,239.99,187.474511474,0.0,0.0,0.0,0,0,0.0,0.0,0.0,0.0,True,False
N,0,T2398P403868,Bed-78,"黑色金属带床垫带储物袋折叠床L190*W78*H33cm
75*31*17",床,,0,0,0.0,0.0,0.0,0.0,0.0,0.0,0.0,0,0,0,0,0.0,0,0.0,0.0,新品不进大促,只允许小预算测款，先补基础Listing和价格口径,无历史订单/销售记录，按新品观察,新品/无历史：只补基础 Listing 和价格口径；不上大促，广告日预算小额测 7 天，有订单再升级。,N,0,0.0,0.0,0.0,0,0.0,0,0,0,0,0,0,0,0,0,无历史订单/销售记录，按新品观察,小预算测款，先补图文与基础价格口径,0.0,0.0,0.0,0.0,0.0,0,0,0.0,0.0,0.0,0.0,False,False
N,0,T2398P465998,,黑色金属上下对开中一抽带轮工具柜,,,0,0,0.0,0.0,0.0,0.0,0.0,0.0,0.0,0,0,0,0,0.0,0,0.0,0.0,新品不进大促,只允许小预算测款，先补基础Listing和价格口径,无历史订单/销售记录，按新品观察,新品/无历史：只补基础 Listing 和价格口径；不上大促，广告日预算小额测 7 天，有订单再升级。,N,0,0.0,0.0,0.0,0,0.0,0,0,0,0,0,0,0,0,0,无历史订单/销售记录，按新品观察,小预算测款，先补图文与基础价格口径,0.0,0.0,0.0,0.0,0.0,0,0,0.0,0.0,0.0,0.0,False,False
N,0,T2398P438826,,胡桃木色铁木两抽屉带铁架唱片桌,,,0,0,0.0,0.0,0.0,0.0,0.0,0.0,0.0,0,0,0,0,0.0,0,0.0,0.0,新品不进大促,只允许小预算测款，先补基础Listing和价格口径,无历史订单/销售记录，按新品观察,新品/无历史：只补基础 Listing 和价格口径；不上大促，广告日预算小额测 7 天，有订单再升级。,N,0,0.0,0.0,0.0,0,0.0,0,0,0,0,0,0,0,0,0,无历史订单/销售记录，按新品观察,小预算测款，先补图文与基础价格口径,0.0,0.0,0.0,0.0,0.0,0,0,0.0,0.0,0.0,0.0,False,False
N,0,T2398P286673,5T-Niudun,,,,0,0,0.0,0.0,0.0,25.57604550699999,0.2325306437585234,0.875,0.9,RED,GREEN,RED,,,GREEN,0.0,0.0,库存对照行不单独决策,该行是仓库/库存SKU映射，主决策以对应销售SKU为准,无历史订单/销售记录，按新品观察,新品/无历史：只补基础 Listing 和价格口径；不上大促，广告日预算小额测 7 天，有订单再升级。,N,0,0.0,0.0,0.0,0,0.0,0,0,0,0,0,0,0,0,0,无历史订单/销售记录，按新品观察,小预算测款，先补图文与基础价格口径,109.99,84.413954493,0.0,0.0,0.0,0,0,3.0,11.0,1.0,0.0,True,True
N,0,T2398P236505,TOOL-A02,套色压型-半对开门工具,工具,,0,0,0.0,0.0,0.0,21.474285233000003,0.1491373375442739,0.0,0.0,RED,GREEN,RED,,,GREEN,0.0,0.0,新品不进大促,只允许小预算测款，先补基础Listing和价格口径,无历史订单/销售记录，按新品观察,新品/无历史：只补基础 Listing 和价格口径；不上大促，广告日预算小额测 7 天，有订单再升级。,N,0,0.0,0.0,0.0,0,0.0,0,0,0,0,0,0,0,0,0,无历史订单/销售记录，按新品观察,小预算测款，先补图文与基础价格口径,143.99,122.515714767,0.0,0.0,0.0,0,0,0.0,0.0,0.0,0.0,True,False
N,0,T2398P407327,TOOL-M07,黑色金属上对开下抽屉带轮工具柜,工具,,0,0,0.0,0.0,0.0,0.0,0.0,0.0,0.0,0,0,0,0,0.0,0,0.0,0.0,新品不进大促,只允许小预算测款，先补基础Listing和价格口径,无历史订单/销售记录，按新品观察,新品/无历史：只补基础 Listing 和价格口径；不上大促，广告日预算小额测 7 天，有订单再升级。,N,0,0.0,0.0,0.0,0,0.0,0,0,0,0,0,0,0,0,0,无历史订单/销售记录，按新品观察,小预算测款，先补图文与基础价格口径,0.0,0.0,0.0,0.0,0.0,0,0,0.0,0.0,0.0,0.0,False,False
N,0,T2398P480398,,"黑色金属中型货架03
总承重5000lbs",,,0,0,0.0,0.0,0.0,0.0,0.0,0.0,0.0,0,0,0,0,0.0,0,0.0,0.0,新品不进大促,只允许小预算测款，先补基础Listing和价格口径,无历史订单/销售记录，按新品观察,新品/无历史：只补基础 Listing 和价格口径；不上大促，广告日预算小额测 7 天，有订单再升级。,N,0,0.0,0.0,0.0,0,0.0,0,0,0,0,0,0,0,0,0,无历史订单/销售记录，按新品观察,小预算测款，先补图文与基础价格口径,0.0,0.0,0.0,0.0,0.0,0,0,0.0,0.0,0.0,0.0,False,False
N,0,T2398P263577,Pantry-BH04,"W2735P186334（老）
黑上下对开玻璃餐边柜、电视柜、储物柜",餐边柜,,0,0,0.0,0.0,0.0,0.0,0.0,0.0,0.0,0,0,0,0,0.0,0,0.0,0.0,新品不进大促,只允许小预算测款，先补基础Listing和价格口径,无历史订单/销售记录，按新品观察,新品/无历史：只补基础 Listing 和价格口径；不上大促，广告日预算小额测 7 天，有订单再升级。,N,0,0.0,0.0,0.0,0,0.0,0,0,0,0,0,0,0,0,0,无历史订单/销售记录，按新品观察,小预算测款，先补图文与基础价格口径,0.0,0.0,0.0,0.0,0.0,0,0,0.0,0.0,0.0,0.0,False,False
N,0,T2398P480399,,"黑色金属中型货架04
总承重5000lbs",,,0,0,0.0,0.0,0.0,0.0,0.0,0.0,0.0,0,0,0,0,0.0,0,0.0,0.0,新品不进大促,只允许小预算测款，先补基础Listing和价格口径,无历史订单/销售记录，按新品观察,新品/无历史：只补基础 Listing 和价格口径；不上大促，广告日预算小额测 7 天，有订单再升级。,N,0,0.0,0.0,0.0,0,0.0,0,0,0,0,0,0,0,0,0,无历史订单/销售记录，按新品观察,小预算测款，先补图文与基础价格口径,0.0,0.0,0.0,0.0,0.0,0,0,0.0,0.0,0.0,0.0,False,False
N,0,T2398P342716,,"白色金属3抽窄卡
标签框款",,,0,0,0.0,0.0,0.0,0.0,0.0,0.0,0.0,0,0,0,0,0.0,0,0.0,0.0,新品不进大促,只允许小预算测款，先补基础Listing和价格口径,无历史订单/销售记录，按新品观察,新品/无历史：只补基础 Listing 和价格口径；不上大促，广告日预算小额测 7 天，有订单再升级。,N,0,0.0,0.0,0.0,0,0.0,0,0,0,0,0,0,0,0,0,无历史订单/销售记录，按新品观察,小预算测款，先补图文与基础价格口径,0.0,0.0,0.0,0.0,0.0,0,0,0.0,0.0,0.0,0.0,False,False
N,0,T2398P305829,2T-Kayak,,,,0,0,0.0,0.0,0.0,26.467435604,0.2036113209016078,0.8571428571428571,0.7273000000000001,RED,GREEN,RED,,,GREEN,0.0,0.0,库存对照行不单独决策,该行是仓库/库存SKU映射，主决策以对应销售SKU为准,无历史订单/销售记录，按新品观察,新品/无历史：只补基础 Listing 和价格口径；不上大促，广告日预算小额测 7 天，有订单再升级。,N,0,0.0,0.0,0.0,0,0.0,0,0,0,0,0,0,0,0,0,无历史订单/销售记录，按新品观察,小预算测款，先补图文与基础价格口径,129.99,103.522564396,0.0,0.0,0.0,0,0,6.0,12.666666666666666,4.521420241086148,0.0,True,True
N,0,T2398P465984,,黑色压型对开门大储物柜,,,0,0,0.0,0.0,0.0,0.0,0.0,0.0,0.0,0,0,0,0,0.0,0,0.0,0.0,新品不进大促,只允许小预算测款，先补基础Listing和价格口径,无历史订单/销售记录，按新品观察,新品/无历史：只补基础 Listing 和价格口径；不上大促，广告日预算小额测 7 天，有订单再升级。,N,0,0.0,0.0,0.0,0,0.0,0,0,0,0,0,0,0,0,0,无历史订单/销售记录，按新品观察,小预算测款，先补图文与基础价格口径,0.0,0.0,0.0,0.0,0.0,0,0,0.0,0.0,0.0,0.0,False,False
N,0,T2398P442675,P442675-Too-11,黑色金属上两抽下一开门工具推车,工具,,0,0,0.0,0.0,0.0,0.0,0.0,0.0,0.0,0,0,0,0,0.0,0,0.0,0.0,新品不进大促,只允许小预算测款，先补基础Listing和价格口径,无历史订单/销售记录，按新品观察,新品/无历史：只补基础 Listing 和价格口径；不上大促，广告日预算小额测 7 天，有订单再升级。,N,0,0.0,0.0,0.0,0,0.0,0,0,0,0,0,0,0,0,0,无历史订单/销售记录，按新品观察,小预算测款，先补图文与基础价格口径,0.0,0.0,0.0,0.0,0.0,0,0,0.0,0.0,0.0,0.0,False,False
N,0,T2398P313256,5T-dong-183-120,1830-1200-600-洞洞板,,,0,0,0.0,0.0,0.0,39.217294649,0.2203342583796842,0.75,0.85,RED,RED,RED,,,GREEN,0.0,0.0,库存对照行不单独决策,该行是仓库/库存SKU映射，主决策以对应销售SKU为准,无历史订单/销售记录，按新品观察,新品/无历史：只补基础 Listing 和价格口径；不上大促，广告日预算小额测 7 天，有订单再升级。,N,0,0.0,0.0,0.0,0,0.0,0,0,0,0,0,0,0,0,0,无历史订单/销售记录，按新品观察,小预算测款，先补图文与基础价格口径,177.99,138.772705351,0.0,0.0,0.0,0,0,12.0,11.166666666666666,2.3718747572794494,0.0,True,True
N,0,T2398P222836,TOOL-A07,套色压型-左四抽右单门工具推车,工具,,0,0,0.0,0.0,0.0,32.31795367000001,0.1405189515631114,0.9167,0.1052999999999999,RED,GREEN,RED,,,GREEN,0.0,0.0,新品不进大促,只允许小预算测款，先补基础Listing和价格口径,无历史订单/销售记录，按新品观察,新品/无历史：只补基础 Listing 和价格口径；不上大促，广告日预算小额测 7 天，有订单再升级。,N,0,0.0,0.0,0.0,0,0.0,0,0,0,0,0,0,0,0,0,无历史订单/销售记录，按新品观察,小预算测款，先补图文与基础价格口径,229.99,197.67204633,0.0,0.0,0.0,0,0,0.0,0.0,0.0,0.0,True,False
N,0,T2398S00003,,"黑色金属中型货架05
总承重6000lbs",,,0,0,0.0,0.0,0.0,0.0,0.0,0.0,0.0,0,0,0,0,0.0,0,0.0,0.0,新品不进大促,只允许小预算测款，先补基础Listing和价格口径,无历史订单/销售记录，按新品观察,新品/无历史：只补基础 Listing 和价格口径；不上大促，广告日预算小额测 7 天，有订单再升级。,N,0,0.0,0.0,0.0,0,0.0,0,0,0,0,0,0,0,0,0,无历史订单/销售记录，按新品观察,小预算测款，先补图文与基础价格口径,0.0,0.0,0.0,0.0,0.0,0,0,0.0,0.0,0.0,0.0,False,False
N,0,T2398P272122,Pantry-W1000,厨房餐边柜,餐边柜,,0,0,0.0,0.0,0.0,0.0,0.0,0.0,0.0,0,0,0,0,0.0,0,0.0,0.0,新品不进大促,只允许小预算测款，先补基础Listing和价格口径,无历史订单/销售记录，按新品观察,新品/无历史：只补基础 Listing 和价格口径；不上大促，广告日预算小额测 7 天，有订单再升级。,N,0,0.0,0.0,0.0,0,0.0,0,0,0,0,0,0,0,0,0,无历史订单/销售记录，按新品观察,小预算测款，先补图文与基础价格口径,0.0,0.0,0.0,0.0,0.0,0,0,0.0,0.0,0.0,0.0,False,False
N,0,T2398P305830,3T-Kayak,,,,0,0,0.0,0.0,0.0,29.746007789000004,0.203753735111994,0.9048,0.9091,RED,GREEN,RED,,,GREEN,0.0,0.0,库存对照行不单独决策,该行是仓库/库存SKU映射，主决策以对应销售SKU为准,无历史订单/销售记录，按新品观察,新品/无历史：只补基础 Listing 和价格口径；不上大促，广告日预算小额测 7 天，有订单再升级。,N,0,0.0,0.0,0.0,0,0.0,0,0,0,0,0,0,0,0,0,无历史订单/销售记录，按新品观察,小预算测款，先补图文与基础价格口径,145.99,116.243992211,0.0,0.0,0.0,0,0,10.0,11.7,4.617567397414008,0.0,True,True
N,0,T2398P438828,,火烧云棕色钢木L型一字型带插座办公桌,,,0,0,0.0,0.0,0.0,0.0,0.0,0.0,0.0,0,0,0,0,0.0,0,0.0,0.0,新品不进大促,只允许小预算测款，先补基础Listing和价格口径,无历史订单/销售记录，按新品观察,新品/无历史：只补基础 Listing 和价格口径；不上大促，广告日预算小额测 7 天，有订单再升级。,N,0,0.0,0.0,0.0,0,0.0,0,0,0,0,0,0,0,0,0,无历史订单/销售记录，按新品观察,小预算测款，先补图文与基础价格口径,0.0,0.0,0.0,0.0,0.0,0,0,0.0,0.0,0.0,0.0,False,False
N,0,T2398P391279,MFC-D02,黑色金属3抽转印圆弧活动柜,文件柜,,0,0,0.0,0.0,0.0,56.36743416300001,0.2684291354969285,0.8214285714285714,0.4167,RED,GREEN,,,,GREEN,0.0,0.0,新品不进大促,只允许小预算测款，先补基础Listing和价格口径,无历史订单/销售记录，按新品观察,新品/无历史：只补基础 Listing 和价格口径；不上大促，广告日预算小额测 7 天，有订单再升级。,N,0,0.0,0.0,0.0,0,0.0,0,0,0,0,0,0,0,0,0,无历史订单/销售记录，按新品观察,小预算测款，先补图文与基础价格口径,209.99,153.622565837,0.0,0.0,0.0,0,0,0.0,0.0,0.0,0.0,True,False
N,0,T2398P223005,TOOL-B04,黑色常规-对开门工具推车,工具,,0,0,0.0,0.0,0.0,24.174834241000013,0.1422132727866346,0.0,0.0,RED,GREEN,RED,,,GREEN,0.0,0.0,新品不进大促,只允许小预算测款，先补基础Listing和价格口径,无历史订单/销售记录，按新品观察,新品/无历史：只补基础 Listing 和价格口径；不上大促，广告日预算小额测 7 天，有订单再升级。,N,0,0.0,0.0,0.0,0,0.0,0,0,0,0,0,0,0,0,0,无历史订单/销售记录，按新品观察,小预算测款，先补图文与基础价格口径,169.99,145.815165759,0.0,0.0,0.0,0,0,0.0,0.0,0.0,0.0,True,False
N,0,T2398P465996,,白色金属上移门下2抽小文件柜,,,0,0,0.0,0.0,0.0,0.0,0.0,0.0,0.0,0,0,0,0,0.0,0,0.0,0.0,新品不进大促,只允许小预算测款，先补基础Listing和价格口径,无历史订单/销售记录，按新品观察,新品/无历史：只补基础 Listing 和价格口径；不上大促，广告日预算小额测 7 天，有订单再升级。,N,0,0.0,0.0,0.0,0,0.0,0,0,0,0,0,0,0,0,0,无历史订单/销售记录，按新品观察,小预算测款，先补图文与基础价格口径,0.0,0.0,0.0,0.0,0.0,0,0,0.0,0.0,0.0,0.0,False,False
N,0,T2398P465983,PT01-BK,黑色压型对开门中储物柜,,,0,0,0.0,0.0,0.0,0.0,0.0,0.0,0.0,0,0,0,0,0.0,0,0.0,0.0,新品不进大促,只允许小预算测款，先补基础Listing和价格口径,无历史订单/销售记录，按新品观察,新品/无历史：只补基础 Listing 和价格口径；不上大促，广告日预算小额测 7 天，有订单再升级。,N,0,0.0,0.0,0.0,0,0.0,0,0,0,0,0,0,0,0,0,无历史订单/销售记录，按新品观察,小预算测款，先补图文与基础价格口径,0.0,0.0,0.0,0.0,0.0,0,0,0.0,0.0,0.0,0.0,False,False
N,0,T2398P463332,,黑色深600带洞洞板五层置物架,,,0,0,0.0,0.0,0.0,0.0,0.0,0.0,0.0,0,0,0,0,0.0,0,0.0,0.0,新品不进大促,只允许小预算测款，先补基础Listing和价格口径,无历史订单/销售记录，按新品观察,新品/无历史：只补基础 Listing 和价格口径；不上大促，广告日预算小额测 7 天，有订单再升级。,N,0,0.0,0.0,0.0,0,0.0,0,0,0,0,0,0,0,0,0,无历史订单/销售记录，按新品观察,小预算测款，先补图文与基础价格口径,0.0,0.0,0.0,0.0,0.0,0,0,0.0,0.0,0.0,0.0,False,False
N,0,T2398P205946,6D-locker,6门书包柜,locker,,0,0,0.0,0.0,0.0,0.0,0.0,0.0,0.0,0,0,0,0,0.0,0,0.0,0.0,新品不进大促,只允许小预算测款，先补基础Listing和价格口径,无历史订单/销售记录，按新品观察,新品/无历史：只补基础 Listing 和价格口径；不上大促，广告日预算小额测 7 天，有订单再升级。,N,0,0.0,0.0,0.0,0,0.0,0,0,0,0,0,0,0,0,0,无历史订单/销售记录，按新品观察,小预算测款，先补图文与基础价格口径,0.0,0.0,0.0,0.0,0.0,0,0,0.0,0.0,0.0,0.0,False,False
N,0,T2398P154422,VFC-4W,窄卡4抽白色,文件柜,,0,0,0.0,0.0,0.0,44.633462616,0.2231784720036002,0.8214285714285714,0.7082999999999999,RED,GREEN,GREEN,,,GREEN,0.0,0.0,库存对照行不单独决策,该行是仓库/库存SKU映射，主决策以对应销售SKU为准,无历史订单/销售记录，按新品观察,新品/无历史：只补基础 Listing 和价格口径；不上大促，广告日预算小额测 7 天，有订单再升级。,N,0,0.0,0.0,0.0,0,0.0,0,0,0,0,0,0,0,0,0,无历史订单/销售记录，按新品观察,小预算测款，先补图文与基础价格口径,199.99,155.356537384,30.71,0.0,0.0,0,0,4.0,11.25,0.75,0.0,True,True
N,0,T2398P480394,,白色金属对开门2层板更衣柜,,,0,0,0.0,0.0,0.0,0.0,0.0,0.0,0.0,0,0,0,0,0.0,0,0.0,0.0,新品不进大促,只允许小预算测款，先补基础Listing和价格口径,无历史订单/销售记录，按新品观察,新品/无历史：只补基础 Listing 和价格口径；不上大促，广告日预算小额测 7 天，有订单再升级。,N,0,0.0,0.0,0.0,0,0.0,0,0,0,0,0,0,0,0,0,无历史订单/销售记录，按新品观察,小预算测款，先补图文与基础价格口径,0.0,0.0,0.0,0.0,0.0,0,0,0.0,0.0,0.0,0.0,False,False
N,0,T2398P223007,TOOL-B07,黑色常规-左四抽右单门工具推车,工具,,0,0,0.0,0.0,0.0,32.48465900900001,0.1412437888995174,0.9167,0.1052999999999999,RED,GREEN,RED,,,GREEN,0.0,0.0,新品不进大促,只允许小预算测款，先补基础Listing和价格口径,无历史订单/销售记录，按新品观察,新品/无历史：只补基础 Listing 和价格口径；不上大促，广告日预算小额测 7 天，有订单再升级。,N,0,0.0,0.0,0.0,0,0.0,0,0,0,0,0,0,0,0,0,无历史订单/销售记录，按新品观察,小预算测款，先补图文与基础价格口径,229.99,197.505340991,0.0,0.0,0.0,0,0,0.0,0.0,0.0,0.0,True,False
N,0,T2398P211225,3T-B,3层置物架-黑,,,0,0,0.0,0.0,0.0,12.722828506999988,0.1383066475377757,0.7222222222222222,0.7,RED,GREEN,GREEN,,,GREEN,0.0,0.0,库存对照行不单独决策,该行是仓库/库存SKU映射，主决策以对应销售SKU为准,无历史订单/销售记录，按新品观察,新品/无历史：只补基础 Listing 和价格口径；不上大促，广告日预算小额测 7 天，有订单再升级。,N,0,0.0,0.0,0.0,0,0.0,0,0,0,0,0,0,0,0,0,无历史订单/销售记录，按新品观察,小预算测款，先补图文与基础价格口径,91.99,79.267171493,52.81,122.5,2.0,0,0,3.0,10.0,0.6666666666666666,0.0,True,True
N,0,T2398P223006,TOOL-B05,黑色常规-上一抽下对开工具推车,工具,,0,0,0.0,0.0,0.0,28.990564129999996,0.1449600686534326,0.9167,0.1052999999999999,RED,GREEN,RED,,,GREEN,0.0,0.0,新品不进大促,只允许小预算测款，先补基础Listing和价格口径,无历史订单/销售记录，按新品观察,新品/无历史：只补基础 Listing 和价格口径；不上大促，广告日预算小额测 7 天，有订单再升级。,N,0,0.0,0.0,0.0,0,0.0,0,0,0,0,0,0,0,0,0,无历史订单/销售记录，按新品观察,小预算测款，先补图文与基础价格口径,199.99,170.99943587,0.0,0.0,0.0,0,0,0.0,0.0,0.0,0.0,True,False
N,0,T2398P391280,MFC-D03,白色金属3抽圆弧活动柜,文件柜,,0,0,0.0,0.0,0.0,55.25975289600001,0.2708944207853326,0.8214285714285714,0.4167,RED,GREEN,,,,GREEN,0.0,0.0,新品不进大促,只允许小预算测款，先补基础Listing和价格口径,无历史订单/销售记录，按新品观察,新品/无历史：只补基础 Listing 和价格口径；不上大促，广告日预算小额测 7 天，有订单再升级。,N,0,0.0,0.0,0.0,0,0.0,0,0,0,0,0,0,0,0,0,无历史订单/销售记录，按新品观察,小预算测款，先补图文与基础价格口径,203.99,148.730247104,0.0,0.0,0.0,0,0,0.0,0.0,0.0,0.0,True,False
N,0,T2398P152542,FC-914B,"72""H四层文件柜黑",工具,,0,0,0.0,0.0,0.0,0.0,0.0,0.0,0.0,0,0,0,0,0.0,0,0.0,0.0,新品不进大促,只允许小预算测款，先补基础Listing和价格口径,无历史订单/销售记录，按新品观察,新品/无历史：只补基础 Listing 和价格口径；不上大促，广告日预算小额测 7 天，有订单再升级。,N,0,0.0,0.0,0.0,0,0.0,0,0,0,0,0,0,0,0,0,无历史订单/销售记录，按新品观察,小预算测款，先补图文与基础价格口径,0.0,0.0,0.0,0.0,0.0,0,0,0.0,0.0,0.0,0.0,False,False
N,0,T2398S00001,S00001-BC,"白色金属上可调层架中二抽下双对开门书柜
(分A/B包)",,,0,0,0.0,0.0,0.0,0.0,0.0,0.0,0.0,0,0,0,0,0.0,0,0.0,0.0,新品不进大促,只允许小预算测款，先补基础Listing和价格口径,无历史订单/销售记录，按新品观察,新品/无历史：只补基础 Listing 和价格口径；不上大促，广告日预算小额测 7 天，有订单再升级。,N,0,0.0,0.0,0.0,0,0.0,0,0,0,0,0,0,0,0,0,无历史订单/销售记录，按新品观察,小预算测款，先补图文与基础价格口径,0.0,0.0,0.0,0.0,0.0,0,0,0.0,0.0,0.0,0.0,False,False
N,0,T2398P154423,VFC-5B,窄卡5抽黑色,文件柜,,0,0,0.0,0.0,0.0,54.844122306,0.2193852646345853,0.8929,0.9583,RED,GREEN,GREEN,,,GREEN,0.0,0.0,库存对照行不单独决策,该行是仓库/库存SKU映射，主决策以对应销售SKU为准,无历史订单/销售记录，按新品观察,新品/无历史：只补基础 Listing 和价格口径；不上大促，广告日预算小额测 7 天，有订单再升级。,N,0,0.0,0.0,0.0,0,0.0,0,0,0,0,0,0,0,0,0,无历史订单/销售记录，按新品观察,小预算测款，先补图文与基础价格口径,249.99,195.145877694,0.0,0.0,0.0,0,0,2.0,10.0,1.0,0.0,True,True
N,0,T2398P480397,,"黑色金属中型货架02
总承重4000lbs",,,0,0,0.0,0.0,0.0,0.0,0.0,0.0,0.0,0,0,0,0,0.0,0,0.0,0.0,新品不进大促,只允许小预算测款，先补基础Listing和价格口径,无历史订单/销售记录，按新品观察,新品/无历史：只补基础 Listing 和价格口径；不上大促，广告日预算小额测 7 天，有订单再升级。,N,0,0.0,0.0,0.0,0,0.0,0,0,0,0,0,0,0,0,0,无历史订单/销售记录，按新品观察,小预算测款，先补图文与基础价格口径,0.0,0.0,0.0,0.0,0.0,0,0,0.0,0.0,0.0,0.0,False,False
N,0,T2398S00002,S00002-BC,"白色金属上固定层架中二抽下双对开门书柜
(分A/B包)",,,0,0,0.0,0.0,0.0,0.0,0.0,0.0,0.0,0,0,0,0,0.0,0,0.0,0.0,新品不进大促,只允许小预算测款，先补基础Listing和价格口径,无历史订单/销售记录，按新品观察,新品/无历史：只补基础 Listing 和价格口径；不上大促，广告日预算小额测 7 天，有订单再升级。,N,0,0.0,0.0,0.0,0,0.0,0,0,0,0,0,0,0,0,0,无历史订单/销售记录，按新品观察,小预算测款，先补图文与基础价格口径,0.0,0.0,0.0,0.0,0.0,0,0,0.0,0.0,0.0,0.0,False,False
N,0,T2398P272089,,专利款4抽窄卡-黑,,,0,0,0.0,0.0,0.0,0.0,0.0,0.0,0.0,0,0,0,0,0.0,0,0.0,0.0,新品不进大促,只允许小预算测款，先补基础Listing和价格口径,无历史订单/销售记录，按新品观察,新品/无历史：只补基础 Listing 和价格口径；不上大促，广告日预算小额测 7 天，有订单再升级。,N,0,0.0,0.0,0.0,0,0.0,0,0,0,0,0,0,0,0,0,无历史订单/销售记录，按新品观察,小预算测款，先补图文与基础价格口径,0.0,0.0,0.0,0.0,0.0,0,0,0.0,0.0,0.0,0.0,False,False
N,0,T2398P442674,P442674-Too-10,黑色金属上一抽左下一开门右下两小抽一大抽工具推车,工具,,0,0,0.0,0.0,0.0,0.0,0.0,0.0,0.0,0,0,0,0,0.0,0,0.0,0.0,新品不进大促,只允许小预算测款，先补基础Listing和价格口径,无历史订单/销售记录，按新品观察,新品/无历史：只补基础 Listing 和价格口径；不上大促，广告日预算小额测 7 天，有订单再升级。,N,0,0.0,0.0,0.0,0,0.0,0,0,0,0,0,0,0,0,0,无历史订单/销售记录，按新品观察,小预算测款，先补图文与基础价格口径,0.0,0.0,0.0,0.0,0.0,0,0,0.0,0.0,0.0,0.0,False,False
N,0,T2398P272102,VF-ZH-4W,4抽窄卡组合柜-白,文件柜,,0,0,0.0,0.0,0.0,56.22492769500002,0.21878255066345,0.8214285714285714,0.7082999999999999,RED,GREEN,GREEN,,,GREEN,0.0,0.0,库存对照行不单独决策,该行是仓库/库存SKU映射，主决策以对应销售SKU为准,无历史订单/销售记录，按新品观察,新品/无历史：只补基础 Listing 和价格口径；不上大促，广告日预算小额测 7 天，有订单再升级。,N,0,0.0,0.0,0.0,0,0.0,0,0,0,0,0,0,0,0,0,无历史订单/销售记录，按新品观察,小预算测款，先补图文与基础价格口径,256.99,200.765072305,29.58,0.0,0.0,0,0,10.0,12.0,1.414842342910258,0.0,True,True
N,0,T2398P290413,Bed-96,"75*38inch
双人便携式折叠床",床,,0,0,0.0,0.0,0.0,0.0,0.0,0.0,0.0,0,0,0,0,0.0,0,0.0,0.0,新品不进大促,只允许小预算测款，先补基础Listing和价格口径,无历史订单/销售记录，按新品观察,新品/无历史：只补基础 Listing 和价格口径；不上大促，广告日预算小额测 7 天，有订单再升级。,N,0,0.0,0.0,0.0,0,0.0,0,0,0,0,0,0,0,0,0,无历史订单/销售记录，按新品观察,小预算测款，先补图文与基础价格口径,0.0,0.0,0.0,0.0,0.0,0,0,0.0,0.0,0.0,0.0,False,False
N,0,T2398P391278,MFC-D01,白灰套色金属2抽活动柜,文件柜,,0,0,0.0,0.0,0.0,51.84861810300001,0.2729018269540502,0.8214285714285714,0.4167,RED,GREEN,,,,GREEN,0.0,0.0,新品不进大促,只允许小预算测款，先补基础Listing和价格口径,无历史订单/销售记录，按新品观察,新品/无历史：只补基础 Listing 和价格口径；不上大促，广告日预算小额测 7 天，有订单再升级。,N,0,0.0,0.0,0.0,0,0.0,0,0,0,0,0,0,0,0,0,无历史订单/销售记录，按新品观察,小预算测款，先补图文与基础价格口径,189.99,138.141381897,0.0,0.0,0.0,0,0,0.0,0.0,0.0,0.0,True,False
N,0,T2398P480395,,黑色金属3层置物架H990*W1220*D457,,,0,0,0.0,0.0,0.0,0.0,0.0,0.0,0.0,0,0,0,0,0.0,0,0.0,0.0,新品不进大促,只允许小预算测款，先补基础Listing和价格口径,无历史订单/销售记录，按新品观察,新品/无历史：只补基础 Listing 和价格口径；不上大促，广告日预算小额测 7 天，有订单再升级。,N,0,0.0,0.0,0.0,0,0.0,0,0,0,0,0,0,0,0,0,无历史订单/销售记录，按新品观察,小预算测款，先补图文与基础价格口径,0.0,0.0,0.0,0.0,0.0,0,0,0.0,0.0,0.0,0.0,False,False
N,0,T2398P403871,Bed-96-1,"黑色金属带床头板折叠床L190*W96*H33cm
75*38*17",床,,0,0,0.0,0.0,0.0,0.0,0.0,0.0,0.0,0,0,0,0,0.0,0,0.0,0.0,新品不进大促,只允许小预算测款，先补基础Listing和价格口径,无历史订单/销售记录，按新品观察,新品/无历史：只补基础 Listing 和价格口径；不上大促，广告日预算小额测 7 天，有订单再升级。,N,0,0.0,0.0,0.0,0,0.0,0,0,0,0,0,0,0,0,0,无历史订单/销售记录，按新品观察,小预算测款，先补图文与基础价格口径,0.0,0.0,0.0,0.0,0.0,0,0,0.0,0.0,0.0,0.0,False,False
N,0,T2398P465997,,黑色金属对开门4层板带轮工具柜,,,0,0,0.0,0.0,0.0,0.0,0.0,0.0,0.0,0,0,0,0,0.0,0,0.0,0.0,新品不进大促,只允许小预算测款，先补基础Listing和价格口径,无历史订单/销售记录，按新品观察,新品/无历史：只补基础 Listing 和价格口径；不上大促，广告日预算小额测 7 天，有订单再升级。,N,0,0.0,0.0,0.0,0,0.0,0,0,0,0,0,0,0,0,0,无历史订单/销售记录，按新品观察,小预算测款，先补图文与基础价格口径,0.0,0.0,0.0,0.0,0.0,0,0,0.0,0.0,0.0,0.0,False,False
N,0,T2398P413023,TOOL-B08,黑色金属3层层板对开门工具柜,工具,,0,0,0.0,0.0,0.0,39.90561495,0.1425251435765563,0.0,0.0,RED,GREEN,RED,,,GREEN,0.0,0.0,新品不进大促,只允许小预算测款，先补基础Listing和价格口径,无历史订单/销售记录，按新品观察,新品/无历史：只补基础 Listing 和价格口径；不上大促，广告日预算小额测 7 天，有订单再升级。,N,0,0.0,0.0,0.0,0,0.0,0,0,0,0,0,0,0,0,0,无历史订单/销售记录，按新品观察,小预算测款，先补图文与基础价格口径,279.99,240.08438505,0.0,0.0,0.0,0,0,0.0,0.0,0.0,0.0,True,False
N,0,T2398S00004,,"黑色金属中型货架06
总承重6000lbs",,,0,0,0.0,0.0,0.0,0.0,0.0,0.0,0.0,0,0,0,0,0.0,0,0.0,0.0,新品不进大促,只允许小预算测款，先补基础Listing和价格口径,无历史订单/销售记录，按新品观察,新品/无历史：只补基础 Listing 和价格口径；不上大促，广告日预算小额测 7 天，有订单再升级。,N,0,0.0,0.0,0.0,0,0.0,0,0,0,0,0,0,0,0,0,无历史订单/销售记录，按新品观察,小预算测款，先补图文与基础价格口径,0.0,0.0,0.0,0.0,0.0,0,0,0.0,0.0,0.0,0.0,False,False
N,0,T2398P463322,,黑色深457带洞洞板五层置物架,,,0,0,0.0,0.0,0.0,0.0,0.0,0.0,0.0,0,0,0,0,0.0,0,0.0,0.0,新品不进大促,只允许小预算测款，先补基础Listing和价格口径,无历史订单/销售记录，按新品观察,新品/无历史：只补基础 Listing 和价格口径；不上大促，广告日预算小额测 7 天，有订单再升级。,N,0,0.0,0.0,0.0,0,0.0,0,0,0,0,0,0,0,0,0,无历史订单/销售记录，按新品观察,小预算测款，先补图文与基础价格口径,0.0,0.0,0.0,0.0,0.0,0,0,0.0,0.0,0.0,0.0,False,False
N,0,T2398P413029,Dresser-01,白色金属七抽斗柜,Dresser,,0,0,0.0,0.0,0.0,0.0,0.0,0.0,0.0,0,0,0,0,0.0,0,0.0,0.0,新品不进大促,只允许小预算测款，先补基础Listing和价格口径,无历史订单/销售记录，按新品观察,新品/无历史：只补基础 Listing 和价格口径；不上大促，广告日预算小额测 7 天，有订单再升级。,N,0,0.0,0.0,0.0,0,0.0,0,0,0,0,0,0,0,0,0,无历史订单/销售记录，按新品观察,小预算测款，先补图文与基础价格口径,0.0,0.0,0.0,0.0,0.0,0,0,0.0,0.0,0.0,0.0,False,False
