平台,UPC,Part,WarehouseSKU,类目,ChineseName,ProcurementCost,YBBaseCost,小促销2C,大促销2C,大促折后价,大促2C利润,YBPromo2CMargin,小促销2B,大促销2B,YBPromo2BNetPrice,YBPromo2BProfit,YBPromo2BMargin
Bizoe,已上,3T-B,T2398P211225,,3层置物架-黑,43.0,70.0,5,8,64.4,8.52000000000001,0.132298136645963,10,13,60.9,5.72,0.0939244663382594
Bizoe,已上,3T-W,T2398P211228,,3层置物架-白,43.0,70.0,5,8,64.4,8.52000000000001,0.132298136645963,10,13,60.9,5.72,0.0939244663382594
Bizoe,已上,5T-wangge,T2398P306288,,网格货架,45.0,80.0,5,8,73.6,13.88,0.188586956521739,10,13,69.6,10.68,0.153448275862069
Bizoe,已上,5T-dong-198-120,T2398P313255,,1980-1200-457-洞洞板,65.0,110.0,5,8,101.2,15.96,0.157707509881423,10,13,95.7,11.56,0.120794148380355
Bizoe,已上,5T-dong-183-120,T2398P313256,,1830-1200-600-洞洞板,76.0,120.0,5,8,110.4,12.32,0.111594202898551,10,13,104.4,7.52000000000001,0.0720306513409963
Bizoe,已上,2T-Kayak,T2398P305829,,,50.0,95.0,5,8,87.4,19.92,0.2279176201373,10,13,82.65,16.12,0.195039322444041
Bizoe,下架,3T-Kayak,T2398P305830,,,58.0,110.0,5,8,101.2,22.96,0.226877470355731,10,13,95.7,18.56,0.193939393939394
Bizoe,已上,4T-Kayak,T2398P305831,,,75.0,140.0,5,8,128.8,28.04,0.217701863354037,10,13,121.8,22.44,0.18423645320197
Bizoe,已上,8T-Kayak,T2398P313238,,,102.0,215.0,5,8,197.8,56.24,0.28432760364004,10,13,187.05,47.64,0.254691259021652
变体,已上,5T-1600-800,T2398P160408,,,43.0,85.0,5,8,78.2,19.56,0.250127877237852,10,13,73.95,16.16,0.218526031102096
,已上,5T-1830-900,T2398P160409,,,45.0,89.0,5,8,81.88,20.504,0.250415241817294,10,13,77.43,16.944,0.218829910887253
,已上,5T-1980-1200,T2398P160410,,,60.0,120.0,5,8,110.4,28.32,0.256521739130435,10,13,104.4,23.52,0.225287356321839
,已上,5T-1830-1200,T2398P160411,,,68.0,140.0,5,8,128.8,35.04,0.272049689440994,10,13,121.8,29.44,0.241707717569787
Bizoe,已上,6T-2095-122,T2398P252494,,,70.0,150.0,5,8,138.0,40.4,0.292753623188406,10,13,130.5,34.4,0.26360153256705
Bizoe,已上,5T-Niudun,T2398P286673,,,45.0,108.0,5,8,99.36,34.488,0.347101449275362,10,13,93.96,30.168,0.321072796934866
变体,已上,VFC-2B,T2398P154414,文件柜,窄卡2抽黑色,52.9,80.0,5,8,73.6,5.98,0.08125,10,13,69.6,2.78,0.0399425287356322
,已上,VFC-2W,T2398P154416,文件柜,窄卡2抽白色,52.9,80.0,5,8,73.6,5.98,0.08125,10,13,69.6,2.78,0.0399425287356322
变体,已上,VFC-3B,T2398P154418,文件柜,窄卡3抽黑色,70.9,120.0,5,8,110.4,17.42,0.157789855072464,10,13,104.4,12.62,0.12088122605364
,已上,VFC-3W,T2398P154419,文件柜,窄卡3抽白色,70.9,120.0,5,8,110.4,17.42,0.157789855072464,10,13,104.4,12.62,0.12088122605364
变体,已上,VFC-4B,T2398P154421,文件柜,窄卡4抽黑色,87.3,140.0,5,8,128.8,15.74,0.1222049689441,10,13,121.8,10.14,0.0832512315270936
,已上,VFC-4W,T2398P154422,文件柜,窄卡4抽白色,87.4,140.0,5,8,128.8,15.64,0.121428571428572,10,13,121.8,10.04,0.0824302134646962
变体,已上,VFC-5B,T2398P154423,文件柜,窄卡5抽黑色,105.3,170.0,5,8,156.4,19.82,0.126726342710997,10,13,147.9,13.02,0.0880324543610548
,已上,VFC-5W,T2398P154425,文件柜,窄卡5抽白色,105.5,170.0,5,8,156.4,19.62,0.125447570332481,10,13,147.9,12.82,0.0866801893171062
变体,已上,LFC-2B,T2398P154427,文件柜,宽卡2抽黑色,75.4,135.0,5,8,124.2,23.96,0.192914653784219,10,13,117.45,18.56,0.158024691358025
,已上,LFC-2W,T2398P154428,文件柜,宽卡2抽白色,75.4,135.0,5,8,124.2,23.96,0.192914653784219,10,13,117.45,18.56,0.158024691358025
变体,已上,LFC-3B,T2398P154445,文件柜,宽卡3抽黑色,90.48,155.0,5,8,142.6,23.6,0.165497896213184,10,13,134.85,17.4,0.129032258064516
,已上,LFC-3W,T2398P154447,文件柜,宽卡3抽白色,90.94,155.0,5,8,142.6,23.14,0.162272089761571,10,13,134.85,16.94,0.125621060437523
变体,已上,LFC-4B,T2398P154450,文件柜,宽卡4抽黑色,113.22,200.0,5,8,184.0,33.98,0.184673913043478,10,13,174.0,25.98,0.149310344827586
,已上,LFC-4W,T2398P154452,文件柜,宽卡4抽白色,113.22,200.0,5,8,184.0,33.98,0.184673913043478,10,13,174.0,25.98,0.149310344827586
,已上,LFC-4B-400,,文件柜,宽卡4抽黑色,113.22,180.0,5,8,165.6,19.26,0.116304347826087,10,13,156.6,12.06,0.0770114942528736
,已上,LFC-4W-400,,文件柜,宽卡4抽白色,113.22,180.0,5,8,165.6,19.26,0.116304347826087,10,13,156.6,12.06,0.0770114942528736
变体,已上,LFC-5B,T2398P182180,文件柜,宽卡5抽黑色,145.0,245.0,5,8,225.4,35.32,0.156699201419698,10,13,213.15,25.52,0.119727891156463
,已上,LFC-5W,T2398P182179,文件柜,宽卡5抽白色,145.0,245.0,5,8,225.4,35.32,0.156699201419698,10,13,213.15,25.52,0.119727891156463
变体,已上,MFC-D3-B,T2398P152001,文件柜,3抽鹅颈活动柜黑色,68.0,105.0,5,8,96.6,9.28,0.0960662525879917,10,13,91.35,5.08,0.0556102900930487
,已上,MFC-D3-W,T2398P152000,文件柜,3抽鹅颈活动柜白色,68.0,105.0,5,8,96.6,9.28,0.0960662525879917,10,13,91.35,5.08,0.0556102900930487
,已上,MFC-D3B,,,,68.0,125.0,5,10,112.5,22.0,0.195555555555556,10,15,106.25,17.0,0.16
,已上,MFC-D3W,,,,68.0,125.0,5,10,112.5,22.0,0.195555555555556,10,15,106.25,17.0,0.16
变体,已上,MFC-D2-B,T2398P171197,文件柜,2抽鹅颈活动柜黑色,70.0,110.0,5,8,101.2,10.96,0.108300395256917,10,13,95.7,6.56,0.0685475444096134
,已上,MFC-D2-W,T2398P171203,文件柜,2抽鹅颈活动柜白色,70.0,110.0,5,8,101.2,10.96,0.108300395256917,10,13,95.7,6.56,0.0685475444096134
,已上,MFC-D2B,,文件柜,2抽鹅颈活动柜黑色,70.0,130.0,5,10,117.0,23.6,0.201709401709402,10,15,110.5,18.4,0.166515837104072
,已上,MFC-D2W,,文件柜,2抽鹅颈活动柜白色,70.0,130.0,5,10,117.0,23.6,0.201709401709402,10,15,110.5,18.4,0.166515837104072
变体,已上,VF-ZH-4B,T2398P272100,文件柜,4抽窄卡组合柜-黑,115.0,185.0,5,8,170.2,21.16,0.124324324324324,10,13,160.95,13.76,0.0854923889406648
,已上,VF-ZH-4W,T2398P272102,文件柜,4抽窄卡组合柜-白,115.0,185.0,5,8,170.2,21.16,0.124324324324324,10,13,160.95,13.76,0.0854923889406648
变体,已上,LFC-2B-680,T2398P272106,文件柜,680宽二抽-黑,64.2,120.0,5,8,110.4,24.12,0.218478260869565,10,13,104.4,19.32,0.185057471264368
,已上,LFC-2W-680,T2398P272107,文件柜,680宽二抽-白,64.2,120.0,5,8,110.4,24.12,0.218478260869565,10,13,104.4,19.32,0.185057471264368
变体,已上,VFC-4B-wheel,T2398P310002,文件柜,窄四黑带轮子套装,91.1,159.425,5,8,146.671,26.2368,0.17888198757764,10,13,138.69975,19.8598,0.143185550082102
,已上,VFC-4W-wheel,T2398P310005,文件柜,窄四白带轮子套装,91.0,159.25,5,8,146.51,26.208,0.17888198757764,10,13,138.5475,19.838,0.143185550082102
变体,已上,VFC-5B-wheel,T2398P310087,文件柜,窄五黑带轮子套装,107.3,187.775,5,8,172.753,30.9024,0.17888198757764,10,13,163.36425,23.3914,0.143185550082102
,已上,VFC-5W-wheel,T2398P310088,文件柜,窄五白带轮子套装,107.1,187.425,5,8,172.431,30.8448,0.17888198757764,10,13,163.05975,23.3478,0.143185550082102
,已上,MFC-D01,T2398P391278,文件柜,白灰套色金属2抽活动柜,74.1,129.675,5,8,119.301,21.3408,0.17888198757764,10,13,112.81725,16.1538,0.143185550082102
变体,已上,MFC-D02,T2398P391279,文件柜,黑色金属3抽转印圆弧活动柜,84.0,147.0,5,8,135.24,24.192,0.17888198757764,10,13,127.89,18.312,0.143185550082102
,已上,MFC-D03,T2398P391280,文件柜,白色金属3抽圆弧活动柜,81.4,142.45,5,8,131.054,23.4432,0.17888198757764,10,13,123.9315,17.7452,0.143185550082102
,已上,MFC-D04,T2398P391281,文件柜,白色金属3抽窄活动柜,74.0,129.5,5,8,119.14,21.312,0.17888198757764,10,13,112.665,16.132,0.143185550082102
,已上,CT-3ps,T2398P354182,咖啡桌,3件套-黑色玻璃钢制花边咖啡桌,110.0,187.0,5,8,172.04,27.632,0.160613810741688,10,13,162.69,20.152,0.123867478025693
,已上,CT-01,T2398P354183,咖啡桌,"火烧云钢木结合
半升降咖啡桌",80.0,136.0,5,8,125.12,20.096,0.160613810741688,10,13,118.32,14.656,0.123867478025693
,已上,CT-02,T2398P354184,咖啡桌,火烧云钢木半开合咖啡桌,75.0,127.5,5,8,117.3,18.84,0.160613810741688,10,13,110.925,13.74,0.123867478025693
没有图片,758548397631,CT-03,T2398P411961,咖啡桌,深胡桃木色铁木结合半开合推拉卷帘带层板圆型咖啡桌,110.0,187.0,5,8,172.04,27.632,0.160613810741688,10,13,162.69,20.152,0.123867478025693
没有图片,758548397624,CT-04,T2398P411962,咖啡桌,深胡桃木色铁木结合半开合半升降带层板圆型咖啡桌,110.0,187.0,5,8,172.04,27.632,0.160613810741688,10,13,162.69,20.152,0.123867478025693
没有图片,758548397617,CT-05,T2398P411963,咖啡桌,深胡桃木色铁木结合卷帘带层板升降矩形咖啡桌,95.0,161.5,5,8,148.58,23.864,0.160613810741688,10,13,140.505,17.404,0.123867478025693
变体,已上,PT01-WH,T2398P350187,餐边柜,白色压型对开门餐厨柜,80.0,136.0,5,8,125.12,20.096,0.160613810741688,10,13,118.32,14.656,0.123867478025693
,待上变体,PT01-BK,T2398P465983,,黑色压型对开门中储物柜,80.0,136.0,5,8,125.12,20.096,0.160613810741688,10,13,118.32,14.656,0.123867478025693
,已上,PT02-WH,T2398P350188,餐边柜,白色压型上玻下铁中空对开门储物柜餐厨柜,95.0,161.5,5,8,148.58,23.864,0.160613810741688,10,13,140.505,17.404,0.123867478025693
,已上,PT03-WH,T2398P350189,餐边柜,白色压型通对玻储物柜餐厨柜,95.0,161.5,5,8,148.58,23.864,0.160613810741688,10,13,140.505,17.404,0.123867478025693
,已上,PT04-WH,T2398P350190,餐边柜,白色金属上对开下2抽压型储物柜,100.0,170.0,5,8,156.4,25.12,0.160613810741688,10,13,147.9,18.32,0.123867478025693
,已上,PT05-WH,T2398P350191,餐边柜,白色金属中对开压型储物柜,58.0,98.6,5,8,90.712,14.5696,0.160613810741688,10,13,85.782,10.6256,0.123867478025693
没有图片,758548397662,PT06-WH,T2398P350192,餐边柜,白色上玻下铁对开门储物柜,95.0,161.5,5,8,148.58,23.864,0.160613810741688,10,13,140.505,17.404,0.123867478025693
没有图片 变体,758548397655,Pantry-07,T2398P350193,餐边柜,白色通铁对开门储物柜,90.0,153.0,5,8,140.76,22.608,0.160613810741688,10,13,133.11,16.488,0.123867478025693
没有图片,758548397648,Pantry-W1000,T2398P272122,餐边柜,厨房餐边柜,115.0,195.5,5,8,179.86,28.888,0.160613810741688,10,13,170.085,21.068,0.123867478025693
没有图片,758548397600,Pantry-08,T2398P413027,餐边柜,白色金属上下对开门K字储物柜,115.0,195.5,5,8,179.86,28.888,0.160613810741688,10,13,170.085,21.068,0.123867478025693
没有图片,758548397594,Pantry-09,T2398P413028,餐边柜,白色金属上下对开中空下一抽K字储物柜,130.0,221.0,5,8,203.32,32.656,0.160613810741688,10,13,192.27,23.816,0.123867478025693
没有图片,758548397587,Pantry-BH04,T2398P263577,餐边柜,"W2735P186334（老）
黑上下对开玻璃餐边柜、电视柜、储物柜",130.0,221.0,5,8,203.32,32.656,0.160613810741688,10,13,192.27,23.816,0.123867478025693
,已上,6D-locker,T2398P205946,locker,6门书包柜,85.0,144.5,5,8,132.94,21.352,0.160613810741688,10,13,125.715,15.572,0.123867478025693
,已上,9D-locker,T2398P205947,locker,9门书包柜,92.0,156.4,5,8,143.888,23.1104,0.160613810741688,10,13,136.068,16.8544,0.123867478025693
变体,已上,W3D-G-locker,T2398P151995,locker,3门更衣柜灰色,130.0,221.0,5,8,203.32,32.656,0.160613810741688,10,13,192.27,23.816,0.123867478025693
,758548397549,W3D-B-locker 待上架变体,T2398P285652,locker,3门更衣柜黑色,130.0,221.0,5,8,203.32,32.656,0.160613810741688,10,13,192.27,23.816,0.123867478025693
变体,已上,W6D-G-locker,T2398P151998,locker,6门更衣柜灰色,135.0,229.5,5,8,211.14,33.912,0.160613810741688,10,13,199.665,24.732,0.123867478025693
,758548397525,W6D-B-locker待上架变体,T2398P282146,locker,6门更衣柜黑色,135.0,229.5,5,8,211.14,33.912,0.160613810741688,10,13,199.665,24.732,0.123867478025693
变体,已上,W9D-G-locker,T2398P251437,locker,9门更衣柜灰色,140.0,238.0,5,8,218.96,35.168,0.160613810741688,10,13,207.06,25.648,0.123867478025693
,758548397501,W9D-B-locker待上架变体,T2398P282152,locker,9门更衣柜黑色,140.0,238.0,5,8,218.96,35.168,0.160613810741688,10,13,207.06,25.648,0.123867478025693
变体,758548397495,TOOL-A01,T2398P236483,工具,套色压型-单节工具柜,45.0,76.5,5,8,70.38,11.304,0.160613810741688,10,13,66.555,8.24400000000001,0.123867478025693
,758548397419,TOOL-B01,T2398P236482,工具,黑色常规-单节工具柜,44.0,74.8,5,8,68.816,11.0528,0.160613810741688,10,13,65.076,8.0608,0.123867478025693
变体,758548397402,TOOL-B02,T2398P374169,工具,半对开门工具柜-黑色,65.0,110.5,5,8,101.66,16.328,0.160613810741688,10,13,96.135,11.908,0.123867478025693
,758548397488,TOOL-A02,T2398P236505,工具,套色压型-半对开门工具,65.0,110.5,5,8,101.66,16.328,0.160613810741688,10,13,96.135,11.908,0.123867478025693
变体,758548397471,TOOL-A03,T2398P236567,工具,套色压型-对开门工具柜,61.0,103.7,5,8,95.404,15.3232,0.160613810741688,10,13,90.219,11.1752,0.123867478025693
,758548397396,TOOL-B03,T2398P236613,工具,黑色常规-对开门工具柜,75.0,127.5,5,8,117.3,18.84,0.160613810741688,10,13,110.925,13.74,0.123867478025693
变体,758548397464,TOOL-A04,T2398P222831,工具,套色压型-对开门工具推车,75.0,127.5,5,8,117.3,18.84,0.160613810741688,10,13,110.925,13.74,0.123867478025693
,758548397389,TOOL-B04,T2398P223005,工具,黑色常规-对开门工具推车,78.0,132.6,5,8,121.992,19.5936,0.160613810741688,10,13,115.362,14.2896,0.123867478025693
变体,758548397457,TOOL-A05,T2398P222833,工具,套色压型-上一抽下对开工具推车,86.0,146.2,5,8,134.504,21.6032,0.160613810741688,10,13,127.194,15.7552,0.123867478025693
,758548397372,TOOL-B05,T2398P223006,工具,黑色常规-上一抽下对开工具推车,92.0,156.4,5,8,143.888,23.1104,0.160613810741688,10,13,136.068,16.8544,0.123867478025693
变体,758548397440,TOOL-A06,T2398P222835,工具,套色压型-三抽工具推车-,92.0,156.4,5,8,143.888,23.1104,0.160613810741688,10,13,136.068,16.8544,0.123867478025693
,758548397365,TOOL-B06,T2398P242683,工具,黑色常规-三抽工具推车,95.0,161.5,5,8,148.58,23.864,0.160613810741688,10,13,140.505,17.404,0.123867478025693
变体,758548397433,TOOL-A07,T2398P222836,工具,套色压型-左四抽右单门工具推车,105.0,178.5,5,8,164.22,26.376,0.160613810741688,10,13,155.295,19.236,0.123867478025693
,758548397358,TOOL-B07,T2398P223007,工具,黑色常规-左四抽右单门工具推车,105.0,178.5,5,8,164.22,26.376,0.160613810741688,10,13,155.295,19.236,0.123867478025693
变体,758548397426,TOOL-A08,T2398P222838,工具,套色压型-对开门工具柜(3隔板,125.0,212.5,5,8,195.5,31.4,0.160613810741688,10,13,184.875,22.9,0.123867478025693
,758548397341,TOOL-B08,T2398P413023,工具,黑色金属3层层板对开门工具柜,125.0,212.5,5,8,195.5,31.4,0.160613810741688,10,13,184.875,22.9,0.123867478025693
变体,758548397815,FC-800B,T2398P152545,工具,"71""H三层文件柜黑",85.0,144.5,5,8,132.94,21.352,0.160613810741688,10,13,125.715,15.572,0.123867478025693
,758548397808,FC-800W,T2398P152544,工具,"71""H三层文件柜白",95.0,161.5,5,8,148.58,23.864,0.160613810741688,10,13,140.505,17.404,0.123867478025693
,758548397792,FC-914B,T2398P152542,工具,"72""H四层文件柜黑",90.0,153.0,5,8,140.76,22.608,0.160613810741688,10,13,133.11,16.488,0.123867478025693
变体,758548397334,Bed-96,T2398P290413,床,"75*38inch
双人便携式折叠床",130.0,221.0,5,8,203.32,32.656,0.160613810741688,10,13,192.27,23.816,0.123867478025693
,758548397327,Bed-96-1,T2398P403871,床,"黑色金属带床头板折叠床L190*W96*H33cm
75*38*17",140.0,238.0,5,8,218.96,35.168,0.160613810741688,10,13,207.06,25.648,0.123867478025693
变体,758548397310,Bed-78-1,T2398P403867,床,"黑色金属带床垫带床头板带储物袋折叠床L190*W78*H33cm
75*31*17",135.0,229.5,5,8,211.14,33.912,0.160613810741688,10,13,199.665,24.732,0.123867478025693
,758548397303,Bed-78,T2398P403868,床,"黑色金属带床垫带储物袋折叠床L190*W78*H33cm
75*31*17",130.0,221.0,5,8,203.32,32.656,0.160613810741688,10,13,192.27,23.816,0.123867478025693
变体,758548397297,Bed-116-1,T2398P403869,床,"黑色金属带床头板折叠床L190*W116*H33cm
75*46*17",160.0,272.0,5,8,250.24,40.192,0.160613810741688,10,13,236.64,29.312,0.123867478025693
,758548397280,Bed-116,T2398P403870,床,"黑色金属不带床头板折叠床L190*W116*H33cm
75*46*17",150.0,255.0,5,8,234.6,37.68,0.160613810741688,10,13,221.85,27.48,0.123867478025693
,758548397273,TOOL-M07,T2398P407327,工具,黑色金属上对开下抽屉带轮工具柜,100.0,170.0,5,8,156.4,25.12,0.160613810741688,10,13,147.9,18.32,0.123867478025693
,758548397266,Desk-01,W2735P332342,,火烧云棕色钢木L型一字型带插座办公桌,100.0,170.0,5,8,156.4,25.12,0.160613810741688,10,13,147.9,18.32,0.123867478025693
,758548397259,record-desk-Brown,W2735P332344,,胡桃木色铁木两抽屉带铁架唱片桌,70.0,119.0,5,8,109.48,17.584,0.160613810741688,10,13,103.53,12.824,0.123867478025693
,758548397242,record-desk-Black,W2735P332345,,黑色铁木结合柜门带插座掀盖唱片桌,75.0,127.5,5,8,117.3,18.84,0.160613810741688,10,13,110.925,13.74,0.123867478025693
,758548397235,Shoe-01,T2398P413025,鞋柜,白色金属上2抽下2翻门鞋柜,80.0,136.0,5,8,125.12,20.096,0.160613810741688,10,13,118.32,14.656,0.123867478025693
,758548397228,Shoe-02,T2398P413026,鞋柜,白色金属上3抽下4翻门鞋柜,115.0,195.5,5,8,179.86,28.888,0.160613810741688,10,13,170.085,21.068,0.123867478025693
,758548397211,Dresser-01,T2398P413029,Dresser,白色金属七抽斗柜,115.0,195.5,5,8,179.86,28.888,0.160613810741688,10,13,170.085,21.068,0.123867478025693
,758548397204,Dresser-02,T2398P413030,Dresser,白色金属九抽斗柜,135.0,229.5,5,8,211.14,33.912,0.160613810741688,10,13,199.665,24.732,0.123867478025693
,758548397198,Media-01,T2398P413024,,黑色金属对开门玻璃媒体柜,90.0,153.0,5,8,140.76,22.608,0.160613810741688,10,13,133.11,16.488,0.123867478025693
,758548397181,800FC-B-Wheel,T2398P442668,工具,黑色金属带轮中文件柜（4层板）,90.0,153.0,5,8,140.76,22.608,0.160613810741688,10,13,133.11,16.488,0.123867478025693
,758548397174,P442669,T2398P442669,,黑色金属矮文件柜（2层板）,55.0,93.5,5,8,86.02,13.816,0.160613810741688,10,13,81.345,10.076,0.123867478025693
,758548397167,P442670,T2398P442670,,白色金属下对开门上三镂空转角柜,70.0,119.0,5,8,109.48,17.584,0.160613810741688,10,13,103.53,12.824,0.123867478025693
,758548397150,P442671,T2398P442671,,白色金属上下两门中镂空一抽屉浴室窄柜,63.0,107.1,5,8,98.532,15.8256,0.160613810741688,10,13,93.177,11.5416,0.123867478025693
,758548397143,P442672-Too-8,T2398P442672,工具,黑色金属上三抽下对开工具推车,95.0,161.5,5,8,148.58,23.864,0.160613810741688,10,13,140.505,17.404,0.123867478025693
,758548397136,P442673-Too-9,T2398P442673,工具,黑色金属五小抽一大抽工具推车,95.0,161.5,5,8,148.58,23.864,0.160613810741688,10,13,140.505,17.404,0.123867478025693
,758548397129,P442674-Too-10,T2398P442674,工具,黑色金属上一抽左下一开门右下两小抽一大抽工具推车,100.0,170.0,5,8,156.4,25.12,0.160613810741688,10,13,147.9,18.32,0.123867478025693
,758548397112,P442675-Too-11,T2398P442675,工具,黑色金属上两抽下一开门工具推车,80.0,136.0,5,8,125.12,20.096,0.160613810741688,10,13,118.32,14.656,0.123867478025693
,758548397105,P442676-BC,T2398P442676,,白色金属下对开门上四镂空书柜,75.0,127.5,5,8,117.3,18.84,0.160613810741688,10,13,110.925,13.74,0.123867478025693
,758548397099,S00001-BC,T2398S00001,,"白色金属上可调层架中二抽下双对开门书柜
(分A/B包)",170.0,289.0,5,8,265.88,42.704,0.160613810741688,10,13,251.43,31.144,0.123867478025693
,758548397082,S00002-BC,T2398S00002,,"白色金属上固定层架中二抽下双对开门书柜
(分A/B包)",170.0,289.0,5,8,265.88,42.704,0.160613810741688,10,13,251.43,31.144,0.123867478025693
