供应商SKU,Wayfair Listing,产品名,类目,SKU价值分层,促销准入,定价分组,库存状态,可用库存,总可售含在途,5月订单数,YB历史订单数,5月回款额,YB历史回款额,5月毛利,YB历史毛利,5月毛利率,YB历史毛利率,当前Base预估毛利率,当前Base,美国前台价,Base前台价比例,平台空间率,Wayfair Total Cost,客诉扣款记录数,客诉扣款金额,广告花费,广告订单,ROAS,Listing问题,系统总建议,运营主动作,执行前检查,复盘指标,详情锚点
MFC-D3-B,DMOM1022,3抽鹅颈活动柜黑色,文件柜,B,禁止促销/先修复,不建议提价,库存不足,,,0,58.0,0,5060.2,0,812.588,0,0.1605841666337299,0.2204232804232804,105.0,139.99,0.7500535752553753,0.1833231381955854,114.326593884,,,130.41,1.0,0,Required Tags 78.6%；Reviews 12,库存锁定+Listing补齐：等可售恢复时同步补 Required Tags/Review 承接，避免库存回来后流量仍不转化。；查库存映射；同步处理 Required Tags 78.6%；Reviews 12，补 TAG、标题关键词、主图/尺寸图和QA。,库存锁定+Listing补齐：等可售恢复时同步补 Required Tags/Review 承接，避免库存回来后流量仍不转化。,查库存映射；同步处理 Required Tags 78.6%；Reviews 12，补 TAG、标题关键词、主图/尺寸图和QA。,复盘 Listing Health、可售恢复后7天 CVR、广告点击到订单转化。,sku-MFC-D3-B
MFC-D3-W,DMOM1022,3抽鹅颈活动柜白色,文件柜,B,禁止促销/先修复,不建议提价,库存不足,,,0,44.0,0,6164.55,0,1188.546,0,0.192803367642407,0.2204232804232804,105.0,141.99,0.7394886963870695,0.1926346890344391,114.637800504,,,130.41,1.0,0,Required Tags 78.6%；Reviews 12,库存锁定+Listing补齐：等可售恢复时同步补 Required Tags/Review 承接，避免库存回来后流量仍不转化。；查库存映射；同步处理 Required Tags 78.6%；Reviews 12，补 TAG、标题关键词、主图/尺寸图和QA。,库存锁定+Listing补齐：等可售恢复时同步补 Required Tags/Review 承接，避免库存回来后流量仍不转化。,查库存映射；同步处理 Required Tags 78.6%；Reviews 12，补 TAG、标题关键词、主图/尺寸图和QA。,复盘 Listing Health、可售恢复后7天 CVR、广告点击到订单转化。,sku-MFC-D3-W
VF-ZH-4B,DMOM1029,4抽窄卡组合柜-黑,文件柜,C,禁止促销/先修复,不建议提价,库存不足,,,0,27.0,0,4404.85,0,1035.559,0,0.2350951791774975,0.2493093093093092,185.0,255.99,0.7226844798624946,0.2173749965428337,200.344174635,,,29.58,0.0,0,Reviews 6,库存锁定+价格护栏：可售恢复前不提 Base；先复核 Base/前台价比例，避免库存回来后价格继续压转化。；查库存映射；核对 Base/前台价 72.3%、平台空间 21.7%。,库存锁定+价格护栏：可售恢复前不提 Base；先复核 Base/前台价比例，避免库存回来后价格继续压转化。,查库存映射；核对 Base/前台价 72.3%、平台空间 21.7%。,复盘可售恢复、价格竞争百分位、CVR 和真实订单毛利。,sku-VF-ZH-4B
LFC-2W,DMOM1018,宽卡2抽白色,文件柜,B,暂不促销,不建议提价,库存不足,,,0,16.0,0,1669.95,0,363.353,0,0.2175831611724901,0.3194238683127571,135.0,192.99,0.699518109746619,0.2286169735996684,148.869210265,,,28.05,3.0,0,Reviews 5,库存锁定+评价承接：库存恢复前补 Review/QA/卖点说明；先解决信任问题，再恢复轻促或广告。；查库存映射；同步处理 Reviews 5，补评价承接、QA 和主图卖点。,库存锁定+评价承接：库存恢复前补 Review/QA/卖点说明；先解决信任问题，再恢复轻促或广告。,查库存映射；同步处理 Reviews 5，补评价承接、QA 和主图卖点。,复盘 Review 数、CVR、加购/下单转化和恢复后7天订单。,sku-LFC-2W
LFC-4W,DMOM1027,宽卡4抽白色,文件柜,C,禁止促销/先修复,不建议提价,库存不足,,,0,8.0,0,1236.0,0,256.08,0,0.2071844660194174,0.3109999999999999,200.0,279.99,0.7143112254009072,0.2232188869066752,217.490943855,,,20.55,0.0,0,Reviews 4,库存锁定+评价承接：库存恢复前补 Review/QA/卖点说明；先解决信任问题，再恢复轻促或广告。；查库存映射；同步处理 Reviews 4，补评价承接、QA 和主图卖点。,库存锁定+评价承接：库存恢复前补 Review/QA/卖点说明；先解决信任问题，再恢复轻促或广告。,查库存映射；同步处理 Reviews 4，补评价承接、QA 和主图卖点。,复盘 Review 数、CVR、加购/下单转化和恢复后7天订单。,sku-LFC-4W
5T-Niudun,DMOM1005,,,C,禁止促销/先修复,不建议提价,库存不足,,,0,3.0,0,178.2,0,32.508,0,0.1824242424242424,0.1824242424242424,108.0,109.99,0.9819074461314664,0.2325306437585234,84.413954493,,,0.0,0.0,0,,库存锁定+价格护栏：可售恢复前不提 Base；先复核 Base/前台价比例，避免库存回来后价格继续压转化。；查库存映射；核对 Base/前台价 98.2%、平台空间 23.3%。,库存锁定+价格护栏：可售恢复前不提 Base；先复核 Base/前台价比例，避免库存回来后价格继续压转化。,查库存映射；核对 Base/前台价 98.2%、平台空间 23.3%。,复盘可售恢复、价格竞争百分位、CVR 和真实订单毛利。,sku-5T-Niudun
LFC-5W,DMOM1024,宽卡5抽白色,文件柜,C,禁止促销/先修复,不建议提价,库存不足,,,0,2.0,0,207.0,0,49.58,0,0.2395169082125604,0.2395169082125603,230.0,319.99,0.7187724616394262,0.2088622295259227,253.156175174,,,0.0,0.0,0,,先锁库存：当天核对库存映射和可售数；无可售先暂停促销/加预算，确认可售后再恢复轻促或广告。；查库存映射、仓库可售、在途 ETA；当前可用 0，含在途 0。,先锁库存：当天核对库存映射和可售数；无可售先暂停促销/加预算，确认可售后再恢复轻促或广告。,查库存映射、仓库可售、在途 ETA；当前可用 0，含在途 0。,复盘缺货天数、可售恢复时间、恢复后7天订单和广告花费是否回收。,sku-LFC-5W
LFC-5B,DMOM1024,宽卡5抽黑色,文件柜,C,禁止促销/先修复,不建议提价,库存不足,,,0,1.0,0,207.0,0,49.58,0,0.2395169082125604,0.2395169082125603,230.0,329.99,0.6969908179035729,0.2148069358222976,259.105859248,,,0.0,0.0,0,,先锁库存：当天核对库存映射和可售数；无可售先暂停促销/加预算，确认可售后再恢复轻促或广告。；查库存映射、仓库可售、在途 ETA；当前可用 0，含在途 0。,先锁库存：当天核对库存映射和可售数；无可售先暂停促销/加预算，确认可售后再恢复轻促或广告。,查库存映射、仓库可售、在途 ETA；当前可用 0，含在途 0。,复盘缺货天数、可售恢复时间、恢复后7天订单和广告花费是否回收。,sku-LFC-5B
8T-Kayak,DMOM1002,,,N,新品不进大促,不建议提价,库存不足,,,0,,0,,0,,0,,0.4128682170542635,215.0,279.99,0.7678845673059752,0.2043036779813565,222.787013202,,,0.0,0.0,0,,尾部只保留基础监控：不进大促、不加广告；等出现订单、可售库存和平台空间同时改善后再升级。；确认是否有新品上架计划、样品图文是否完整、是否存在库存/价格基础错误。,尾部只保留基础监控：不进大促、不加广告；等出现订单、可售库存和平台空间同时改善后再升级。,确认是否有新品上架计划、样品图文是否完整、是否存在库存/价格基础错误。,复盘是否新增订单、可售库存是否恢复、平台空间率是否仍高于18%。,sku-8T-Kayak
CT-3ps,DMOM1041,3件套-黑色玻璃钢制花边咖啡桌,咖啡桌,N,新品不进大促,不建议提价,库存不足,,,0,,0,,0,,0,,0.3006138107416878,187.0,329.99,0.5666838389042093,0.3286759433104033,221.530225467,,,0.0,0.0,0,,尾部只保留基础监控：不进大促、不加广告；等出现订单、可售库存和平台空间同时改善后再升级。；确认是否有新品上架计划、样品图文是否完整、是否存在库存/价格基础错误。,尾部只保留基础监控：不进大促、不加广告；等出现订单、可售库存和平台空间同时改善后再升级。,确认是否有新品上架计划、样品图文是否完整、是否存在库存/价格基础错误。,复盘是否新增订单、可售库存是否恢复、平台空间率是否仍高于18%。,sku-CT-3ps
W9D-G-locker,DMOM1048,9门更衣柜灰色,locker,N,新品不进大促,不建议提价,库存不足,,,0,,0,,0,,0,,0.3006138107416879,238.0,349.99,0.6800194291265464,0.2091600973770679,276.786057519,,,0.0,0.0,0,Required Tags 53.3%,尾部只保留基础监控：不进大促、不加广告；等出现订单、可售库存和平台空间同时改善后再升级。；确认是否有新品上架计划、样品图文是否完整、是否存在库存/价格基础错误。,尾部只保留基础监控：不进大促、不加广告；等出现订单、可售库存和平台空间同时改善后再升级。,确认是否有新品上架计划、样品图文是否完整、是否存在库存/价格基础错误。,复盘是否新增订单、可售库存是否恢复、平台空间率是否仍高于18%。,sku-W9D-G-locker
W6D-G-locker,DMOM1049,6门更衣柜灰色,locker,N,新品不进大促,不建议提价,库存不足,,,0,,0,,0,,0,,0.3020037807183365,230.0,334.99,0.6865876593331144,0.2106039188572793,264.439793222,,,0.0,0.0,0,Required Tags 53.3%,尾部只保留基础监控：不进大促、不加广告；等出现订单、可售库存和平台空间同时改善后再升级。；确认是否有新品上架计划、样品图文是否完整、是否存在库存/价格基础错误。,尾部只保留基础监控：不进大促、不加广告；等出现订单、可售库存和平台空间同时改善后再升级。,确认是否有新品上架计划、样品图文是否完整、是否存在库存/价格基础错误。,复盘是否新增订单、可售库存是否恢复、平台空间率是否仍高于18%。,sku-W6D-G-locker
TOOL-A06,DMOM1068,套色压型-三抽工具推车-,工具,N,新品不进大促,不建议提价,库存不足,,,0,,0,,0,,0,,0.3006138107416879,156.4,219.99,0.7109414064275649,0.1501978158405748,175.050751915,,,0.0,0.0,0,,尾部只保留基础监控：不进大促、不加广告；等出现订单、可售库存和平台空间同时改善后再升级。；确认是否有新品上架计划、样品图文是否完整、是否存在库存/价格基础错误。,尾部只保留基础监控：不进大促、不加广告；等出现订单、可售库存和平台空间同时改善后再升级。,确认是否有新品上架计划、样品图文是否完整、是否存在库存/价格基础错误。,复盘是否新增订单、可售库存是否恢复、平台空间率是否仍高于18%。,sku-TOOL-A06
TOOL-B05,DMOM1067,黑色常规-上一抽下对开工具推车,工具,N,新品不进大促,不建议提价,库存不足,,,0,,0,,0,,0,,0.3006138107416879,156.4,215.99,0.7241075975739617,0.1449600686534326,170.99943587,,,0.0,0.0,0,,尾部只保留基础监控：不进大促、不加广告；等出现订单、可售库存和平台空间同时改善后再升级。；确认是否有新品上架计划、样品图文是否完整、是否存在库存/价格基础错误。,尾部只保留基础监控：不进大促、不加广告；等出现订单、可售库存和平台空间同时改善后再升级。,确认是否有新品上架计划、样品图文是否完整、是否存在库存/价格基础错误。,复盘是否新增订单、可售库存是否恢复、平台空间率是否仍高于18%。,sku-TOOL-B05
TOOL-B04,DMOM1069,黑色常规-对开门工具推车,工具,N,新品不进大促,不建议提价,库存不足,,,0,,0,,0,,0,,0.3006138107416879,132.6,183.99,0.7206913419207565,0.1422132727866346,145.815165759,,,0.0,0.0,0,,尾部只保留基础监控：不进大促、不加广告；等出现订单、可售库存和平台空间同时改善后再升级。；确认是否有新品上架计划、样品图文是否完整、是否存在库存/价格基础错误。,尾部只保留基础监控：不进大促、不加广告；等出现订单、可售库存和平台空间同时改善后再升级。,确认是否有新品上架计划、样品图文是否完整、是否存在库存/价格基础错误。,复盘是否新增订单、可售库存是否恢复、平台空间率是否仍高于18%。,sku-TOOL-B04
TOOL-B07,DMOM1074,黑色常规-左四抽右单门工具推车,工具,N,新品不进大促,不建议提价,库存不足,,,0,,0,,0,,0,,0.3006138107416878,178.5,249.99,0.7140285611424456,0.1412437888995174,197.505340991,,,0.0,0.0,0,,尾部只保留基础监控：不进大促、不加广告；等出现订单、可售库存和平台空间同时改善后再升级。；确认是否有新品上架计划、样品图文是否完整、是否存在库存/价格基础错误。,尾部只保留基础监控：不进大促、不加广告；等出现订单、可售库存和平台空间同时改善后再升级。,确认是否有新品上架计划、样品图文是否完整、是否存在库存/价格基础错误。,复盘是否新增订单、可售库存是否恢复、平台空间率是否仍高于18%。,sku-TOOL-B07
TOOL-A02,DMOM1070,套色压型-半对开门工具,工具,N,新品不进大促,不建议提价,库存不足,,,0,,0,,0,,0,,0.3006138107416878,110.5,154.99,0.7129492225304858,0.1491373375442739,122.515714767,,,0.0,0.0,0,,尾部只保留基础监控：不进大促、不加广告；等出现订单、可售库存和平台空间同时改善后再升级。；确认是否有新品上架计划、样品图文是否完整、是否存在库存/价格基础错误。,尾部只保留基础监控：不进大促、不加广告；等出现订单、可售库存和平台空间同时改善后再升级。,确认是否有新品上架计划、样品图文是否完整、是否存在库存/价格基础错误。,复盘是否新增订单、可售库存是否恢复、平台空间率是否仍高于18%。,sku-TOOL-A02
TOOL-A07,DMOM1074,套色压型-左四抽右单门工具推车,工具,N,新品不进大促,不建议提价,库存不足,,,0,,0,,0,,0,,0.3006138107416878,178.5,249.99,0.7140285611424456,0.1405189515631114,197.67204633,,,0.0,0.0,0,,尾部只保留基础监控：不进大促、不加广告；等出现订单、可售库存和平台空间同时改善后再升级。；确认是否有新品上架计划、样品图文是否完整、是否存在库存/价格基础错误。,尾部只保留基础监控：不进大促、不加广告；等出现订单、可售库存和平台空间同时改善后再升级。,确认是否有新品上架计划、样品图文是否完整、是否存在库存/价格基础错误。,复盘是否新增订单、可售库存是否恢复、平台空间率是否仍高于18%。,sku-TOOL-A07
TOOL-A03,DMOM1062,套色压型-对开门工具柜,工具,N,新品不进大促,不建议提价,库存不足,,,0,,0,,0,,0,,0.3006138107416878,103.7,145.99,0.7103226248373176,0.1491841095227591,115.702452946,,,0.0,0.0,0,,尾部只保留基础监控：不进大促、不加广告；等出现订单、可售库存和平台空间同时改善后再升级。；确认是否有新品上架计划、样品图文是否完整、是否存在库存/价格基础错误。,尾部只保留基础监控：不进大促、不加广告；等出现订单、可售库存和平台空间同时改善后再升级。,确认是否有新品上架计划、样品图文是否完整、是否存在库存/价格基础错误。,复盘是否新增订单、可售库存是否恢复、平台空间率是否仍高于18%。,sku-TOOL-A03
TOOL-B03,DMOM1062,黑色常规-对开门工具柜,工具,N,新品不进大促,不建议提价,库存不足,,,0,,0,,0,,0,,0.3006138107416878,127.5,175.99,0.7244729814193988,0.147838396024296,138.893819832,,,0.0,0.0,0,,尾部只保留基础监控：不进大促、不加广告；等出现订单、可售库存和平台空间同时改善后再升级。；确认是否有新品上架计划、样品图文是否完整、是否存在库存/价格基础错误。,尾部只保留基础监控：不进大促、不加广告；等出现订单、可售库存和平台空间同时改善后再升级。,确认是否有新品上架计划、样品图文是否完整、是否存在库存/价格基础错误。,复盘是否新增订单、可售库存是否恢复、平台空间率是否仍高于18%。,sku-TOOL-B03
TOOL-A04,DMOM1069,套色压型-对开门工具推车,工具,N,新品不进大促,不建议提价,库存不足,,,0,,0,,0,,0,,0.3006138107416878,127.5,178.99,0.712330297781999,0.1485769836194951,141.327706489,,,0.0,0.0,0,,尾部只保留基础监控：不进大促、不加广告；等出现订单、可售库存和平台空间同时改善后再升级。；确认是否有新品上架计划、样品图文是否完整、是否存在库存/价格基础错误。,尾部只保留基础监控：不进大促、不加广告；等出现订单、可售库存和平台空间同时改善后再升级。,确认是否有新品上架计划、样品图文是否完整、是否存在库存/价格基础错误。,复盘是否新增订单、可售库存是否恢复、平台空间率是否仍高于18%。,sku-TOOL-A04
TOOL-B08,DMOM1077,黑色金属3层层板对开门工具柜,工具,N,新品不进大促,不建议提价,库存不足,,,0,,0,,0,,0,,0.3006138107416878,212.5,299.99,0.7083569452315077,0.1425251435765563,240.08438505,,,0.0,0.0,0,,尾部只保留基础监控：不进大促、不加广告；等出现订单、可售库存和平台空间同时改善后再升级。；确认是否有新品上架计划、样品图文是否完整、是否存在库存/价格基础错误。,尾部只保留基础监控：不进大促、不加广告；等出现订单、可售库存和平台空间同时改善后再升级。,确认是否有新品上架计划、样品图文是否完整、是否存在库存/价格基础错误。,复盘是否新增订单、可售库存是否恢复、平台空间率是否仍高于18%。,sku-TOOL-B08
TOOL-A01,DMOM1072,套色压型-单节工具柜,工具,N,新品不进大促,不建议提价,库存不足,,,0,,0,,0,,0,,0.3006138107416878,76.5,108.99,0.7018992568125516,0.1500092367487007,86.690557944,,,0.0,0.0,0,,尾部只保留基础监控：不进大促、不加广告；等出现订单、可售库存和平台空间同时改善后再升级。；确认是否有新品上架计划、样品图文是否完整、是否存在库存/价格基础错误。,尾部只保留基础监控：不进大促、不加广告；等出现订单、可售库存和平台空间同时改善后再升级。,确认是否有新品上架计划、样品图文是否完整、是否存在库存/价格基础错误。,复盘是否新增订单、可售库存是否恢复、平台空间率是否仍高于18%。,sku-TOOL-A01
TOOL-B06,DMOM1068,黑色常规-三抽工具推车,工具,N,新品不进大促,不建议提价,库存不足,,,0,,0,,0,,0,,0.3006138107416879,161.5,226.99,0.7114850874487862,0.1432929217677032,179.899919358,,,0.0,0.0,0,,尾部只保留基础监控：不进大促、不加广告；等出现订单、可售库存和平台空间同时改善后再升级。；确认是否有新品上架计划、样品图文是否完整、是否存在库存/价格基础错误。,尾部只保留基础监控：不进大促、不加广告；等出现订单、可售库存和平台空间同时改善后再升级。,确认是否有新品上架计划、样品图文是否完整、是否存在库存/价格基础错误。,复盘是否新增订单、可售库存是否恢复、平台空间率是否仍高于18%。,sku-TOOL-B06
TOOL-B02,DMOM1070,半对开门工具柜-黑色,工具,N,新品不进大促,不建议提价,库存不足,,,0,,0,,0,,0,,0.3006138107416878,110.5,154.99,0.7129492225304858,0.1482523716924787,122.643141,,,0.0,0.0,0,,尾部只保留基础监控：不进大促、不加广告；等出现订单、可售库存和平台空间同时改善后再升级。；确认是否有新品上架计划、样品图文是否完整、是否存在库存/价格基础错误。,尾部只保留基础监控：不进大促、不加广告；等出现订单、可售库存和平台空间同时改善后再升级。,确认是否有新品上架计划、样品图文是否完整、是否存在库存/价格基础错误。,复盘是否新增订单、可售库存是否恢复、平台空间率是否仍高于18%。,sku-TOOL-B02
TOOL-A08,DMOM1077,套色压型-对开门工具柜(3隔板,工具,N,新品不进大促,不建议提价,库存不足,,,0,,0,,0,,0,,0.3006138107416878,212.5,299.99,0.7083569452315077,0.1423529824279439,240.13258845,,,0.0,0.0,0,,尾部只保留基础监控：不进大促、不加广告；等出现订单、可售库存和平台空间同时改善后再升级。；确认是否有新品上架计划、样品图文是否完整、是否存在库存/价格基础错误。,尾部只保留基础监控：不进大促、不加广告；等出现订单、可售库存和平台空间同时改善后再升级。,确认是否有新品上架计划、样品图文是否完整、是否存在库存/价格基础错误。,复盘是否新增订单、可售库存是否恢复、平台空间率是否仍高于18%。,sku-TOOL-A08
TOOL-A05,DMOM1067,套色压型-上一抽下对开工具推车,工具,N,新品不进大促,不建议提价,库存不足,,,0,,0,,0,,0,,0.3006138107416878,146.2,203.99,0.7167017991077993,0.1513067890520554,161.243223148,,,0.0,0.0,0,,尾部只保留基础监控：不进大促、不加广告；等出现订单、可售库存和平台空间同时改善后再升级。；确认是否有新品上架计划、样品图文是否完整、是否存在库存/价格基础错误。,尾部只保留基础监控：不进大促、不加广告；等出现订单、可售库存和平台空间同时改善后再升级。,确认是否有新品上架计划、样品图文是否完整、是否存在库存/价格基础错误。,复盘是否新增订单、可售库存是否恢复、平台空间率是否仍高于18%。,sku-TOOL-A05
TOOL-B01,DMOM1072,黑色常规-单节工具柜,工具,N,新品不进大促,不建议提价,库存不足,,,0,,0,,0,,0,,0.3006138107416879,74.8,106.99,0.6991307598841013,0.1511022243824381,84.881288584,,,0.0,0.0,0,,尾部只保留基础监控：不进大促、不加广告；等出现订单、可售库存和平台空间同时改善后再升级。；确认是否有新品上架计划、样品图文是否完整、是否存在库存/价格基础错误。,尾部只保留基础监控：不进大促、不加广告；等出现订单、可售库存和平台空间同时改善后再升级。,确认是否有新品上架计划、样品图文是否完整、是否存在库存/价格基础错误。,复盘是否新增订单、可售库存是否恢复、平台空间率是否仍高于18%。,sku-TOOL-B01
3T-W,DMOM1017,3层置物架-白,,C,禁止促销/先修复,先修成本,库存不足,,,0,9.0,0,553.0,0,132.82,0,0.2401808318264014,0.2574603174603174,70.0,92.99,0.7527691149585978,0.1360466841380793,80.339018842,1.0,67.66,52.81,2.0,0,Required Tags 72.2%；Reviews 1,库存恢复前先闭环客诉：核对包装/配件/说明书问题；可售恢复后只做小流量验证，不直接放大促销。；查库存映射和客诉明细；当前可用 0，含在途 0，客诉/扣款 1 条。,库存恢复前先闭环客诉：核对包装/配件/说明书问题；可售恢复后只做小流量验证，不直接放大促销。,查库存映射和客诉明细；当前可用 0，含在途 0，客诉/扣款 1 条。,复盘可售恢复、Damage/Missing/Defect 反馈、扣款金额和恢复后7天转化。,sku-3T-W
3T-B,DMOM1017,3层置物架-黑,,C,禁止促销/先修复,先修成本,库存不足,,,0,3.0,0,189.0,0,48.66,0,0.2574603174603174,0.2574603174603174,70.0,91.99,0.7609522774214589,0.1383066475377757,79.267171493,,,52.81,2.0,0,Required Tags 72.2%；Reviews 1,尾部只保留基础监控：不进大促、不加广告；等出现订单、可售库存和平台空间同时改善后再升级。；确认是否有新品上架计划、样品图文是否完整、是否存在库存/价格基础错误。,尾部只保留基础监控：不进大促、不加广告；等出现订单、可售库存和平台空间同时改善后再升级。,确认是否有新品上架计划、样品图文是否完整、是否存在库存/价格基础错误。,复盘是否新增订单、可售库存是否恢复、平台空间率是否仍高于18%。,sku-3T-B
5T-dong-183-120,DMOM1015,1830-1200-600-洞洞板,,C,禁止促销/先修复,先修成本,库存不足,,,0,23.0,0,2212.08,0,255.3552,0,0.1154366930671585,0.2362962962962962,120.0,177.99,0.6741951795044665,0.2203342583796842,138.772705351,,,0.0,0.0,0,Required Tags 75.0%；Reviews 6,库存锁定+Listing补齐：等可售恢复时同步补 Required Tags/Review 承接，避免库存回来后流量仍不转化。；查库存映射；同步处理 Required Tags 75.0%；Reviews 6，补 TAG、标题关键词、主图/尺寸图和QA。,库存锁定+Listing补齐：等可售恢复时同步补 Required Tags/Review 承接，避免库存回来后流量仍不转化。,查库存映射；同步处理 Required Tags 75.0%；Reviews 6，补 TAG、标题关键词、主图/尺寸图和QA。,复盘 Listing Health、可售恢复后7天 CVR、广告点击到订单转化。,sku-5T-dong-183-120
VFC-4B,DMOM1023,窄卡4抽黑色,文件柜,C,禁止促销/先修复,先修成本,库存不足,,,0,17.0,0,1960.0,0,358.3,0,0.1828061224489796,0.2471428571428571,140.0,199.99,0.7000350017500875,0.2234241604880244,155.307402144,1.0,152.51,30.71,0.0,0,Reviews 6,库存恢复前先闭环客诉：核对包装/配件/说明书问题；可售恢复后只做小流量验证，不直接放大促销。；查库存映射和客诉明细；当前可用 0，含在途 0，客诉/扣款 1 条。,库存恢复前先闭环客诉：核对包装/配件/说明书问题；可售恢复后只做小流量验证，不直接放大促销。,查库存映射和客诉明细；当前可用 0，含在途 0，客诉/扣款 1 条。,复盘可售恢复、Damage/Missing/Defect 反馈、扣款金额和恢复后7天转化。,sku-VFC-4B
VFC-2W,DMOM1026,窄卡2抽白色,文件柜,C,禁止促销/先修复,先修成本,库存不足,,,0,12.0,0,710.4,0,32.976,0,0.0464189189189189,0.2052777777777777,80.0,118.99,0.6723254054962602,0.2280093253214556,91.85917038,,,0.0,0.0,0,Reviews 3,库存锁定+评价承接：库存恢复前补 Review/QA/卖点说明；先解决信任问题，再恢复轻促或广告。；查库存映射；同步处理 Reviews 3，补评价承接、QA 和主图卖点。,库存锁定+评价承接：库存恢复前补 Review/QA/卖点说明；先解决信任问题，再恢复轻促或广告。,查库存映射；同步处理 Reviews 3，补评价承接、QA 和主图卖点。,复盘 Review 数、CVR、加购/下单转化和恢复后7天订单。,sku-VFC-2W
VFC-4W,DMOM1023,窄卡4抽白色,文件柜,C,禁止促销/先修复,先修成本,库存不足,,,0,4.0,0,365.4,0,-6.124000000000002,0,-0.016759715380405,0.2463492063492063,140.0,199.99,0.7000350017500875,0.2231784720036002,155.356537384,,,30.71,0.0,0,Reviews 6,库存锁定+评价承接：库存恢复前补 Review/QA/卖点说明；先解决信任问题，再恢复轻促或广告。；查库存映射；同步处理 Reviews 6，补评价承接、QA 和主图卖点。,库存锁定+评价承接：库存恢复前补 Review/QA/卖点说明；先解决信任问题，再恢复轻促或广告。,查库存映射；同步处理 Reviews 6，补评价承接、QA 和主图卖点。,复盘 Review 数、CVR、加购/下单转化和恢复后7天订单。,sku-VFC-4W
5T-dong-198-120,DMOM1015,1980-1200-457-洞洞板,,C,禁止促销/先修复,先修成本,库存不足,,,0,3.0,0,198.0,0,-8.880000000000003,0,-0.0448484848484848,0.2834343434343433,110.0,164.99,0.6667070731559488,0.2201844991514637,128.661759485,,,0.0,0.0,0,Required Tags 75.0%；Reviews 6,库存锁定+Listing补齐：等可售恢复时同步补 Required Tags/Review 承接，避免库存回来后流量仍不转化。；查库存映射；同步处理 Required Tags 75.0%；Reviews 6，补 TAG、标题关键词、主图/尺寸图和QA。,库存锁定+Listing补齐：等可售恢复时同步补 Required Tags/Review 承接，避免库存回来后流量仍不转化。,查库存映射；同步处理 Required Tags 75.0%；Reviews 6，补 TAG、标题关键词、主图/尺寸图和QA。,复盘 Listing Health、可售恢复后7天 CVR、广告点击到订单转化。,sku-5T-dong-198-120
5T-wangge,DMOM1016,网格货架,,C,禁止促销/先修复,先修成本,库存不足,,,0,3.0,0,0.0,0,-135.0,0,,0.3149999999999999,80.0,114.99,0.6957126706670146,0.2198681564396903,89.707360691,,,9.73,0.0,0,Required Tags 75.0%；Reviews 3,库存锁定+Listing补齐：等可售恢复时同步补 Required Tags/Review 承接，避免库存回来后流量仍不转化。；查库存映射；同步处理 Required Tags 75.0%；Reviews 3，补 TAG、标题关键词、主图/尺寸图和QA。,库存锁定+Listing补齐：等可售恢复时同步补 Required Tags/Review 承接，避免库存回来后流量仍不转化。,查库存映射；同步处理 Required Tags 75.0%；Reviews 3，补 TAG、标题关键词、主图/尺寸图和QA。,复盘 Listing Health、可售恢复后7天 CVR、广告点击到订单转化。,sku-5T-wangge
VFC-5W-wheel,DMOM1030,窄五白带轮子套装,文件柜,N,新品不进大促,待确认价格,库存不足,,,0,,0,,0,,0,,0.2599999999999999,175.0,,,0.0,,,,0.0,0.0,0,,尾部只保留基础监控：不进大促、不加广告；等出现订单、可售库存和平台空间同时改善后再升级。；确认是否有新品上架计划、样品图文是否完整、是否存在库存/价格基础错误。,尾部只保留基础监控：不进大促、不加广告；等出现订单、可售库存和平台空间同时改善后再升级。,确认是否有新品上架计划、样品图文是否完整、是否存在库存/价格基础错误。,复盘是否新增订单、可售库存是否恢复、平台空间率是否仍高于18%。,sku-VFC-5W-wheel
VFC-4W-wheel,DMOM1030,窄四白带轮子套装,文件柜,N,新品不进大促,待确认价格,库存不足,,,0,,0,,0,,0,,0.2659259259259258,150.0,,,0.0,,,,0.0,0.0,0,,尾部只保留基础监控：不进大促、不加广告；等出现订单、可售库存和平台空间同时改善后再升级。；确认是否有新品上架计划、样品图文是否完整、是否存在库存/价格基础错误。,尾部只保留基础监控：不进大促、不加广告；等出现订单、可售库存和平台空间同时改善后再升级。,确认是否有新品上架计划、样品图文是否完整、是否存在库存/价格基础错误。,复盘是否新增订单、可售库存是否恢复、平台空间率是否仍高于18%。,sku-VFC-4W-wheel
VFC-5B-wheel,DMOM1030,窄五黑带轮子套装,文件柜,N,新品不进大促,待确认价格,库存不足,,,0,,0,,0,,0,,0.2587301587301586,175.0,,,0.0,,,,0.0,0.0,0,,尾部只保留基础监控：不进大促、不加广告；等出现订单、可售库存和平台空间同时改善后再升级。；确认是否有新品上架计划、样品图文是否完整、是否存在库存/价格基础错误。,尾部只保留基础监控：不进大促、不加广告；等出现订单、可售库存和平台空间同时改善后再升级。,确认是否有新品上架计划、样品图文是否完整、是否存在库存/价格基础错误。,复盘是否新增订单、可售库存是否恢复、平台空间率是否仍高于18%。,sku-VFC-5B-wheel
VFC-4B-wheel,DMOM1030,窄四黑带轮子套装,文件柜,N,新品不进大促,待确认价格,库存不足,,,0,,0,,0,,0,,0.2651851851851852,150.0,,,0.0,,,,0.0,0.0,0,,尾部只保留基础监控：不进大促、不加广告；等出现订单、可售库存和平台空间同时改善后再升级。；确认是否有新品上架计划、样品图文是否完整、是否存在库存/价格基础错误。,尾部只保留基础监控：不进大促、不加广告；等出现订单、可售库存和平台空间同时改善后再升级。,确认是否有新品上架计划、样品图文是否完整、是否存在库存/价格基础错误。,复盘是否新增订单、可售库存是否恢复、平台空间率是否仍高于18%。,sku-VFC-4B-wheel
6D-locker,DMOM1045,6门书包柜,locker,N,新品不进大促,待确认价格,库存不足,,,0,,0,,0,,0,,0.2886590038314175,145.0,,,0.0,,,,0.0,0.0,0,,尾部只保留基础监控：不进大促、不加广告；等出现订单、可售库存和平台空间同时改善后再升级。；确认是否有新品上架计划、样品图文是否完整、是否存在库存/价格基础错误。,尾部只保留基础监控：不进大促、不加广告；等出现订单、可售库存和平台空间同时改善后再升级。,确认是否有新品上架计划、样品图文是否完整、是否存在库存/价格基础错误。,复盘是否新增订单、可售库存是否恢复、平台空间率是否仍高于18%。,sku-6D-locker
9D-locker,DMOM1046,9门书包柜,locker,N,新品不进大促,待确认价格,库存不足,,,0,,0,,0,,0,,0.2847293447293447,156.0,,,0.0,,,,0.0,0.0,0,Required Tags 50.0%,尾部只保留基础监控：不进大促、不加广告；等出现订单、可售库存和平台空间同时改善后再升级。；确认是否有新品上架计划、样品图文是否完整、是否存在库存/价格基础错误。,尾部只保留基础监控：不进大促、不加广告；等出现订单、可售库存和平台空间同时改善后再升级。,确认是否有新品上架计划、样品图文是否完整、是否存在库存/价格基础错误。,复盘是否新增订单、可售库存是否恢复、平台空间率是否仍高于18%。,sku-9D-locker
MFC-D3W,DMOM1055,,,N,新品不进大促,待确认价格,库存不足,,,0,,0,,0,,0,,0.396,125.0,,,0.0,,,,0.0,0.0,0,,尾部只保留基础监控：不进大促、不加广告；等出现订单、可售库存和平台空间同时改善后再升级。；确认是否有新品上架计划、样品图文是否完整、是否存在库存/价格基础错误。,尾部只保留基础监控：不进大促、不加广告；等出现订单、可售库存和平台空间同时改善后再升级。,确认是否有新品上架计划、样品图文是否完整、是否存在库存/价格基础错误。,复盘是否新增订单、可售库存是否恢复、平台空间率是否仍高于18%。,sku-MFC-D3W
MFC-D2B,DMOM1056,2抽鹅颈活动柜黑色,文件柜,N,新品不进大促,待确认价格,库存不足,,,0,,0,,0,,0,,0.4015384615384614,130.0,,,0.0,,,,0.0,0.0,0,,尾部只保留基础监控：不进大促、不加广告；等出现订单、可售库存和平台空间同时改善后再升级。；确认是否有新品上架计划、样品图文是否完整、是否存在库存/价格基础错误。,尾部只保留基础监控：不进大促、不加广告；等出现订单、可售库存和平台空间同时改善后再升级。,确认是否有新品上架计划、样品图文是否完整、是否存在库存/价格基础错误。,复盘是否新增订单、可售库存是否恢复、平台空间率是否仍高于18%。,sku-MFC-D2B
MFC-D3B,DMOM1055,,,N,新品不进大促,待确认价格,库存不足,,,0,,0,,0,,0,,0.3673684210526315,125.0,,,0.2722403543533171,141.178093659,,,0.0,0.0,0,,尾部只保留基础监控：不进大促、不加广告；等出现订单、可售库存和平台空间同时改善后再升级。；确认是否有新品上架计划、样品图文是否完整、是否存在库存/价格基础错误。,尾部只保留基础监控：不进大促、不加广告；等出现订单、可售库存和平台空间同时改善后再升级。,确认是否有新品上架计划、样品图文是否完整、是否存在库存/价格基础错误。,复盘是否新增订单、可售库存是否恢复、平台空间率是否仍高于18%。,sku-MFC-D3B
MFC-D2W,DMOM1056,2抽鹅颈活动柜白色,文件柜,N,新品不进大促,待确认价格,库存不足,,,0,,0,,0,,0,,0.3731983805668015,130.0,,,0.2712858938379333,148.650390516,,,0.0,0.0,0,,尾部只保留基础监控：不进大促、不加广告；等出现订单、可售库存和平台空间同时改善后再升级。；确认是否有新品上架计划、样品图文是否完整、是否存在库存/价格基础错误。,尾部只保留基础监控：不进大促、不加广告；等出现订单、可售库存和平台空间同时改善后再升级。,确认是否有新品上架计划、样品图文是否完整、是否存在库存/价格基础错误。,复盘是否新增订单、可售库存是否恢复、平台空间率是否仍高于18%。,sku-MFC-D2W
MK-WB001B,DMOM1006,,,N,新品不进大促,待补成本,库存不足,,,0,,0,,0,,0,,,179.99,249.99,0.7199887995519821,0.2127892821472859,196.794807356,,,0.0,0.0,0,,尾部只保留基础监控：不进大促、不加广告；等出现订单、可售库存和平台空间同时改善后再升级。；确认是否有新品上架计划、样品图文是否完整、是否存在库存/价格基础错误。,尾部只保留基础监控：不进大促、不加广告；等出现订单、可售库存和平台空间同时改善后再升级。,确认是否有新品上架计划、样品图文是否完整、是否存在库存/价格基础错误。,复盘是否新增订单、可售库存是否恢复、平台空间率是否仍高于18%。,sku-MK-WB001B
YB-CW12A0720,DMOM1007,,,N,新品不进大促,待补成本,库存不足,,,0,,0,,0,,0,,,220.0,289.99,0.7586468498913755,0.1555732432876995,244.875315179,,,0.0,0.0,0,Required Tags 73.3%,尾部只保留基础监控：不进大促、不加广告；等出现订单、可售库存和平台空间同时改善后再升级。；确认是否有新品上架计划、样品图文是否完整、是否存在库存/价格基础错误。,尾部只保留基础监控：不进大促、不加广告；等出现订单、可售库存和平台空间同时改善后再升级。,确认是否有新品上架计划、样品图文是否完整、是否存在库存/价格基础错误。,复盘是否新增订单、可售库存是否恢复、平台空间率是否仍高于18%。,sku-YB-CW12A0720
YB-CW12S0768,DMOM1008,,,N,新品不进大促,待补成本,库存不足,,,0,,0,,0,,0,,,28.0,51.99,0.5385651086747452,0.2476756892671667,39.113340915,,,0.0,0.0,0,Required Tags 78.3%,尾部只保留基础监控：不进大促、不加广告；等出现订单、可售库存和平台空间同时改善后再升级。；确认是否有新品上架计划、样品图文是否完整、是否存在库存/价格基础错误。,尾部只保留基础监控：不进大促、不加广告；等出现订单、可售库存和平台空间同时改善后再升级。,确认是否有新品上架计划、样品图文是否完整、是否存在库存/价格基础错误。,复盘是否新增订单、可售库存是否恢复、平台空间率是否仍高于18%。,sku-YB-CW12S0768
YB-MSE3400003,DMOM1009,,,N,新品不进大促,待补成本,库存不足,,,0,,0,,0,,0,,,245.0,365.99,0.6694171971911801,0.2321740054755594,281.016635736,,,0.0,0.0,0,Required Tags 63.0%,尾部只保留基础监控：不进大促、不加广告；等出现订单、可售库存和平台空间同时改善后再升级。；确认是否有新品上架计划、样品图文是否完整、是否存在库存/价格基础错误。,尾部只保留基础监控：不进大促、不加广告；等出现订单、可售库存和平台空间同时改善后再升级。,确认是否有新品上架计划、样品图文是否完整、是否存在库存/价格基础错误。,复盘是否新增订单、可售库存是否恢复、平台空间率是否仍高于18%。,sku-YB-MSE3400003
YB-CW12S0714,IFOM4699,,,N,新品不进大促,待补成本,库存不足,,,0,,0,,0,,0,,,130.0,109.99,1.1819256296026912,0.1330100093815109,145.645648524,,,0.0,0.0,0,Required Tags 73.3%；Reviews 1,尾部只保留基础监控：不进大促、不加广告；等出现订单、可售库存和平台空间同时改善后再升级。；确认是否有新品上架计划、样品图文是否完整、是否存在库存/价格基础错误。,尾部只保留基础监控：不进大促、不加广告；等出现订单、可售库存和平台空间同时改善后再升级。,确认是否有新品上架计划、样品图文是否完整、是否存在库存/价格基础错误。,复盘是否新增订单、可售库存是否恢复、平台空间率是否仍高于18%。,sku-YB-CW12S0714
YB-CW12Y0719,DMOM1012,,,N,新品不进大促,待补成本,库存不足,,,0,,0,,0,,0,,,105.0,136.99,0.7664793050587634,0.1316274176436237,118.958360057,,,0.0,0.0,0,Required Tags 73.3%,尾部只保留基础监控：不进大促、不加广告；等出现订单、可售库存和平台空间同时改善后再升级。；确认是否有新品上架计划、样品图文是否完整、是否存在库存/价格基础错误。,尾部只保留基础监控：不进大促、不加广告；等出现订单、可售库存和平台空间同时改善后再升级。,确认是否有新品上架计划、样品图文是否完整、是否存在库存/价格基础错误。,复盘是否新增订单、可售库存是否恢复、平台空间率是否仍高于18%。,sku-YB-CW12Y0719
YB- CW12X0718,DMOM1011,,,N,新品不进大促,待补成本,库存不足,,,0,,0,,0,,0,,,155.0,207.99,0.7452281359680754,0.1695502030963027,172.725253258,,,0.0,0.0,0,Required Tags 73.3%,尾部只保留基础监控：不进大促、不加广告；等出现订单、可售库存和平台空间同时改善后再升级。；确认是否有新品上架计划、样品图文是否完整、是否存在库存/价格基础错误。,尾部只保留基础监控：不进大促、不加广告；等出现订单、可售库存和平台空间同时改善后再升级。,确认是否有新品上架计划、样品图文是否完整、是否存在库存/价格基础错误。,复盘是否新增订单、可售库存是否恢复、平台空间率是否仍高于18%。,sku-YB-CW12X0718
YB-CW12H0689,DMOM1013,,,N,新品不进大促,待补成本,库存不足,,,0,,0,,0,,0,,,235.0,309.99,0.7580889706119552,0.163755557605084,259.227414698,,,0.0,0.0,0,Required Tags 73.3%,尾部只保留基础监控：不进大促、不加广告；等出现订单、可售库存和平台空间同时改善后再升级。；确认是否有新品上架计划、样品图文是否完整、是否存在库存/价格基础错误。,尾部只保留基础监控：不进大促、不加广告；等出现订单、可售库存和平台空间同时改善后再升级。,确认是否有新品上架计划、样品图文是否完整、是否存在库存/价格基础错误。,复盘是否新增订单、可售库存是否恢复、平台空间率是否仍高于18%。,sku-YB-CW12H0689
5T-1600-800,DMOM1000,,,C,禁止促销/先修复,新品观察,库存不足,,,0,2.0,0,153.0,0,57.82,0,0.3779084967320261,0.3779084967320261,85.0,119.99,0.7083923660305026,0.217270549137428,93.919706809,,,61.6,4.0,0,Required Tags 75.0%；Reviews 8,库存锁定+Listing补齐：等可售恢复时同步补 Required Tags/Review 承接，避免库存回来后流量仍不转化。；查库存映射；同步处理 Required Tags 75.0%；Reviews 8，补 TAG、标题关键词、主图/尺寸图和QA。,库存锁定+Listing补齐：等可售恢复时同步补 Required Tags/Review 承接，避免库存回来后流量仍不转化。,查库存映射；同步处理 Required Tags 75.0%；Reviews 8，补 TAG、标题关键词、主图/尺寸图和QA。,复盘 Listing Health、可售恢复后7天 CVR、广告点击到订单转化。,sku-5T-1600-800
VFC-5W,DMOM1028,窄卡5抽白色,文件柜,N,新品不进大促,新品观察,库存不足,,,0,,0,,0,,0,,0.2504575163398692,170.0,239.99,0.7083628484520188,0.2188236531772157,187.474511474,,,0.0,0.0,0,,尾部只保留基础监控：不进大促、不加广告；等出现订单、可售库存和平台空间同时改善后再升级。；确认是否有新品上架计划、样品图文是否完整、是否存在库存/价格基础错误。,尾部只保留基础监控：不进大促、不加广告；等出现订单、可售库存和平台空间同时改善后再升级。,确认是否有新品上架计划、样品图文是否完整、是否存在库存/价格基础错误。,复盘是否新增订单、可售库存是否恢复、平台空间率是否仍高于18%。,sku-VFC-5W
VFC-2B,DMOM1026,窄卡2抽黑色,文件柜,N,新品不进大促,新品观察,库存不足,,,0,,0,,0,,0,,0.2052777777777777,80.0,119.99,0.6667222268522377,0.2225343928577381,93.288098201,,,0.0,0.0,0,Reviews 3,尾部只保留基础监控：不进大促、不加广告；等出现订单、可售库存和平台空间同时改善后再升级。；确认是否有新品上架计划、样品图文是否完整、是否存在库存/价格基础错误。,尾部只保留基础监控：不进大促、不加广告；等出现订单、可售库存和平台空间同时改善后再升级。,确认是否有新品上架计划、样品图文是否完整、是否存在库存/价格基础错误。,复盘是否新增订单、可售库存是否恢复、平台空间率是否仍高于18%。,sku-VFC-2B
MFC-D01,DMOM1031,白灰套色金属2抽活动柜,文件柜,N,新品不进大促,新品观察,库存不足,,,0,,0,,0,,0,,0.2956521739130435,125.0,174.99,0.7143265329447397,0.2729018269540502,138.141381897,,,0.0,0.0,0,,尾部只保留基础监控：不进大促、不加广告；等出现订单、可售库存和平台空间同时改善后再升级。；确认是否有新品上架计划、样品图文是否完整、是否存在库存/价格基础错误。,尾部只保留基础监控：不进大促、不加广告；等出现订单、可售库存和平台空间同时改善后再升级。,确认是否有新品上架计划、样品图文是否完整、是否存在库存/价格基础错误。,复盘是否新增订单、可售库存是否恢复、平台空间率是否仍高于18%。,sku-MFC-D01
MFC-D02,DMOM1031,黑色金属3抽转印圆弧活动柜,文件柜,N,新品不进大促,新品观察,库存不足,,,0,,0,,0,,0,,0.2878260869565217,140.0,194.99,0.717985537719883,0.2684291354969285,153.622565837,,,0.0,0.0,0,,尾部只保留基础监控：不进大促、不加广告；等出现订单、可售库存和平台空间同时改善后再升级。；确认是否有新品上架计划、样品图文是否完整、是否存在库存/价格基础错误。,尾部只保留基础监控：不进大促、不加广告；等出现订单、可售库存和平台空间同时改善后再升级。,确认是否有新品上架计划、样品图文是否完整、是否存在库存/价格基础错误。,复盘是否新增订单、可售库存是否恢复、平台空间率是否仍高于18%。,sku-MFC-D02
MFC-D03,DMOM1031,白色金属3抽圆弧活动柜,文件柜,N,新品不进大促,新品观察,库存不足,,,0,,0,,0,,0,,0.2846054750402575,135.0,189.99,0.7105637138796779,0.2708944207853326,148.730247104,,,0.0,0.0,0,,尾部只保留基础监控：不进大促、不加广告；等出现订单、可售库存和平台空间同时改善后再升级。；确认是否有新品上架计划、样品图文是否完整、是否存在库存/价格基础错误。,尾部只保留基础监控：不进大促、不加广告；等出现订单、可售库存和平台空间同时改善后再升级。,确认是否有新品上架计划、样品图文是否完整、是否存在库存/价格基础错误。,复盘是否新增订单、可售库存是否恢复、平台空间率是否仍高于18%。,sku-MFC-D03
MFC-D04,DMOM1031,白色金属3抽窄活动柜,文件柜,N,新品不进大促,新品观察,库存不足,,,0,,0,,0,,0,,0.2965217391304347,125.0,174.99,0.7143265329447397,0.2741568712616454,137.902936029,,,0.0,0.0,0,,尾部只保留基础监控：不进大促、不加广告；等出现订单、可售库存和平台空间同时改善后再升级。；确认是否有新品上架计划、样品图文是否完整、是否存在库存/价格基础错误。,尾部只保留基础监控：不进大促、不加广告；等出现订单、可售库存和平台空间同时改善后再升级。,确认是否有新品上架计划、样品图文是否完整、是否存在库存/价格基础错误。,复盘是否新增订单、可售库存是否恢复、平台空间率是否仍高于18%。,sku-MFC-D04
CT-02,DMOM1037,火烧云钢木半开合咖啡桌,咖啡桌,N,新品不进大促,新品观察,库存不足,,,0,,0,,0,,0,,0.3031114130434783,128.0,233.99,0.5470319244412154,0.3346806291850079,155.678079577,,,0.0,0.0,0,,尾部只保留基础监控：不进大促、不加广告；等出现订单、可售库存和平台空间同时改善后再升级。；确认是否有新品上架计划、样品图文是否完整、是否存在库存/价格基础错误。,尾部只保留基础监控：不进大促、不加广告；等出现订单、可售库存和平台空间同时改善后再升级。,确认是否有新品上架计划、样品图文是否完整、是否存在库存/价格基础错误。,复盘是否新增订单、可售库存是否恢复、平台空间率是否仍高于18%。,sku-CT-02
PT01-WH,DMOM1038,白色压型对开门餐厨柜,餐边柜,N,新品不进大促,新品观察,库存不足,,,0,,0,,0,,0,,0.3006138107416879,136.0,212.99,0.6385276304051833,0.2512834194797879,159.469144485,,,0.0,0.0,0,Required Tags 79.2%,尾部只保留基础监控：不进大促、不加广告；等出现订单、可售库存和平台空间同时改善后再升级。；确认是否有新品上架计划、样品图文是否完整、是否存在库存/价格基础错误。,尾部只保留基础监控：不进大促、不加广告；等出现订单、可售库存和平台空间同时改善后再升级。,确认是否有新品上架计划、样品图文是否完整、是否存在库存/价格基础错误。,复盘是否新增订单、可售库存是否恢复、平台空间率是否仍高于18%。,sku-PT01-WH
PT02-WH,DMOM1039,白色压型上玻下铁中空对开门储物柜餐厨柜,餐边柜,N,新品不进大促,新品观察,库存不足,,,0,,0,,0,,0,,0.3025872249060653,162.0,249.99,0.6480259210368414,0.2528571379375176,186.778244087,,,0.0,0.0,0,,尾部只保留基础监控：不进大促、不加广告；等出现订单、可售库存和平台空间同时改善后再升级。；确认是否有新品上架计划、样品图文是否完整、是否存在库存/价格基础错误。,尾部只保留基础监控：不进大促、不加广告；等出现订单、可售库存和平台空间同时改善后再升级。,确认是否有新品上架计划、样品图文是否完整、是否存在库存/价格基础错误。,复盘是否新增订单、可售库存是否恢复、平台空间率是否仍高于18%。,sku-PT02-WH
CT-01,DMOM1040,"火烧云钢木结合
半升降咖啡桌",咖啡桌,N,新品不进大促,新品观察,库存不足,,,0,,0,,0,,0,,0.3006138107416879,136.0,246.99,0.5506295801449451,0.3355583397586947,164.110445663,,,0.0,0.0,0,Required Tags 77.8%,尾部只保留基础监控：不进大促、不加广告；等出现订单、可售库存和平台空间同时改善后再升级。；确认是否有新品上架计划、样品图文是否完整、是否存在库存/价格基础错误。,尾部只保留基础监控：不进大促、不加广告；等出现订单、可售库存和平台空间同时改善后再升级。,确认是否有新品上架计划、样品图文是否完整、是否存在库存/价格基础错误。,复盘是否新增订单、可售库存是否恢复、平台空间率是否仍高于18%。,sku-CT-01
PT03-WH,DMOM1042,白色压型通对玻储物柜餐厨柜,餐边柜,N,新品不进大促,新品观察,库存不足,,,0,,0,,0,,0,,0.3025872249060653,162.0,249.99,0.6480259210368414,0.2540511987439497,186.479740826,,,29.3,0.0,0,Required Tags 79.2%,尾部只保留基础监控：不进大促、不加广告；等出现订单、可售库存和平台空间同时改善后再升级。；确认是否有新品上架计划、样品图文是否完整、是否存在库存/价格基础错误。,尾部只保留基础监控：不进大促、不加广告；等出现订单、可售库存和平台空间同时改善后再升级。,确认是否有新品上架计划、样品图文是否完整、是否存在库存/价格基础错误。,复盘是否新增订单、可售库存是否恢复、平台空间率是否仍高于18%。,sku-PT03-WH
PT04-WH,DMOM1043,白色金属上对开下2抽压型储物柜,餐边柜,N,新品不进大促,新品观察,库存不足,,,0,,0,,0,,0,,0.3006138107416879,170.0,259.99,0.6538713027424131,0.2530583896342167,194.197349279,,,0.0,0.0,0,Required Tags 79.2%,尾部只保留基础监控：不进大促、不加广告；等出现订单、可售库存和平台空间同时改善后再升级。；确认是否有新品上架计划、样品图文是否完整、是否存在库存/价格基础错误。,尾部只保留基础监控：不进大促、不加广告；等出现订单、可售库存和平台空间同时改善后再升级。,确认是否有新品上架计划、样品图文是否完整、是否存在库存/价格基础错误。,复盘是否新增订单、可售库存是否恢复、平台空间率是否仍高于18%。,sku-PT04-WH
PT05-WH,DMOM1044,白色金属中对开压型储物柜,餐边柜,N,新品不进大促,新品观察,库存不足,,,0,,0,,0,,0,,0.3031971892841457,99.0,169.99,0.5823871992470145,0.3078689927525149,117.655349922,,,0.0,0.0,0,,尾部只保留基础监控：不进大促、不加广告；等出现订单、可售库存和平台空间同时改善后再升级。；确认是否有新品上架计划、样品图文是否完整、是否存在库存/价格基础错误。,尾部只保留基础监控：不进大促、不加广告；等出现订单、可售库存和平台空间同时改善后再升级。,确认是否有新品上架计划、样品图文是否完整、是否存在库存/价格基础错误。,复盘是否新增订单、可售库存是否恢复、平台空间率是否仍高于18%。,sku-PT05-WH
W3D-G-locker,DMOM1047,3门更衣柜灰色,locker,N,新品不进大促,新品观察,库存不足,,,0,,0,,0,,0,,0.3006138107416878,221.0,319.99,0.6906465827057096,0.2081421724960155,253.386586223,,,0.0,0.0,0,,尾部只保留基础监控：不进大促、不加广告；等出现订单、可售库存和平台空间同时改善后再升级。；确认是否有新品上架计划、样品图文是否完整、是否存在库存/价格基础错误。,尾部只保留基础监控：不进大促、不加广告；等出现订单、可售库存和平台空间同时改善后再升级。,确认是否有新品上架计划、样品图文是否完整、是否存在库存/价格基础错误。,复盘是否新增订单、可售库存是否恢复、平台空间率是否仍高于18%。,sku-W3D-G-locker
LFC-4B-400,DMOM1054,宽卡4抽黑色,文件柜,N,新品不进大促,新品观察,库存不足,,,0,,0,,0,,0,,0.2563043478260869,180.0,279.99,0.6428801028608164,0.2121565285049425,204.831424154,,,0.0,0.0,0,,尾部只保留基础监控：不进大促、不加广告；等出现订单、可售库存和平台空间同时改善后再升级。；确认是否有新品上架计划、样品图文是否完整、是否存在库存/价格基础错误。,尾部只保留基础监控：不进大促、不加广告；等出现订单、可售库存和平台空间同时改善后再升级。,确认是否有新品上架计划、样品图文是否完整、是否存在库存/价格基础错误。,复盘是否新增订单、可售库存是否恢复、平台空间率是否仍高于18%。,sku-LFC-4B-400
LFC-4W-400,DMOM1053,宽卡4抽白色,文件柜,N,新品不进大促,新品观察,库存不足,,,0,,0,,0,,0,,0.2563043478260869,180.0,279.99,0.6428801028608164,0.2121565285049425,204.831424154,,,0.0,0.0,0,,尾部只保留基础监控：不进大促、不加广告；等出现订单、可售库存和平台空间同时改善后再升级。；确认是否有新品上架计划、样品图文是否完整、是否存在库存/价格基础错误。,尾部只保留基础监控：不进大促、不加广告；等出现订单、可售库存和平台空间同时改善后再升级。,确认是否有新品上架计划、样品图文是否完整、是否存在库存/价格基础错误。,复盘是否新增订单、可售库存是否恢复、平台空间率是否仍高于18%。,sku-LFC-4W-400
MFC-D2-B,DMOM1020,2抽鹅颈活动柜黑色,文件柜,B,禁止促销/先修复,维持观察,库存不足,,,0,80.0,0,7655.5,0,1596.1699999999998,0,0.2084997714061785,0.2329292929292928,110.0,157.99,0.6962465978859421,0.2266810076966897,122.176667594,2.0,93.5,229.78,5.0,0,Required Tags 78.6%；Reviews 14,库存恢复前先闭环客诉：核对包装/配件/说明书问题；可售恢复后只做小流量验证，不直接放大促销。；查库存映射和客诉明细；当前可用 0，含在途 0，客诉/扣款 2 条。,库存恢复前先闭环客诉：核对包装/配件/说明书问题；可售恢复后只做小流量验证，不直接放大促销。,查库存映射和客诉明细；当前可用 0，含在途 0，客诉/扣款 2 条。,复盘可售恢复、Damage/Missing/Defect 反馈、扣款金额和恢复后7天转化。,sku-MFC-D2-B
LFC-2W-680,DMOM1021,680宽二抽-白,文件柜,A,禁止促销/先修复,维持观察,库存不足,,,0,66.0,0,6870.0,0,2220.6,0,0.3232314410480349,0.3455555555555555,120.0,165.99,0.7229351165732875,0.2290269883908669,127.973810197,,,402.38,9.0,0,Reviews 11,库存锁定+广告减损：库存未恢复前暂停该 SKU 商品广告；恢复后只回开高意图词，预算按原来的30%试跑。；查库存 ETA，同时导出 WSP：该 SKU 5月广告 spend $402.38、orders 9、ROAS 0.00。,库存锁定+广告减损：库存未恢复前暂停该 SKU 商品广告；恢复后只回开高意图词，预算按原来的30%试跑。,查库存 ETA，同时导出 WSP：该 SKU 5月广告 spend $402.38、orders 9、ROAS 0.00。,复盘恢复前广告节省金额、恢复后7天订单、ROAS 和库存消耗速度。,sku-LFC-2W-680
LFC-2B-680,DMOM1021,680宽二抽-黑,文件柜,A,可参加5%-10%轻促,维持观察,库存不足,,,0,61.0,0,6448.8,0,2081.472,0,0.3227688872348344,0.3455555555555555,120.0,165.99,0.7229351165732875,0.2283869183746009,128.080055419,,,402.38,9.0,0,Reviews 11；客户反馈含 Damage/Missing/Defect,库存恢复前先闭环客诉：核对包装/配件/说明书问题；可售恢复后只做小流量验证，不直接放大促销。；查库存映射和客诉明细；当前可用 0，含在途 0，客诉/扣款 0 条。,库存恢复前先闭环客诉：核对包装/配件/说明书问题；可售恢复后只做小流量验证，不直接放大促销。,查库存映射和客诉明细；当前可用 0，含在途 0，客诉/扣款 0 条。,复盘可售恢复、Damage/Missing/Defect 反馈、扣款金额和恢复后7天转化。,sku-LFC-2B-680
4T-Kayak,DMOM1003,,,A,可参加5%-10%轻促,维持观察,库存不足,,,0,45.0,0,5577.6,0,2041.704,0,0.3660542168674698,0.3447619047619047,140.0,194.99,0.717985537719883,0.2063226057284989,154.759155109,,,32.69,2.0,0,Reviews 2,库存锁定+评价承接：库存恢复前补 Review/QA/卖点说明；先解决信任问题，再恢复轻促或广告。；查库存映射；同步处理 Reviews 2，补评价承接、QA 和主图卖点。,库存锁定+评价承接：库存恢复前补 Review/QA/卖点说明；先解决信任问题，再恢复轻促或广告。,查库存映射；同步处理 Reviews 2，补评价承接、QA 和主图卖点。,复盘 Review 数、CVR、加购/下单转化和恢复后7天订单。,sku-4T-Kayak
VFC-3B,DMOM1019,窄卡3抽黑色,文件柜,C,禁止促销/先修复,维持观察,库存不足,,,0,46.0,0,4759.2,0,1237.228,0,0.2599655404269625,0.2835185185185184,120.0,163.99,0.7317519360936642,0.2179802158546254,128.243424402,,,140.6,2.0,0,Required Tags 78.6%；Reviews 4,库存锁定+Listing补齐：等可售恢复时同步补 Required Tags/Review 承接，避免库存回来后流量仍不转化。；查库存映射；同步处理 Required Tags 78.6%；Reviews 4，补 TAG、标题关键词、主图/尺寸图和QA。,库存锁定+Listing补齐：等可售恢复时同步补 Required Tags/Review 承接，避免库存回来后流量仍不转化。,查库存映射；同步处理 Required Tags 78.6%；Reviews 4，补 TAG、标题关键词、主图/尺寸图和QA。,复盘 Listing Health、可售恢复后7天 CVR、广告点击到订单转化。,sku-VFC-3B
VFC-3W,DMOM1019,窄卡3抽白色,文件柜,B,禁止促销/先修复,维持观察,库存不足,,,0,20.0,0,2019.6,0,480.424,0,0.2378807684690038,0.2835185185185184,120.0,164.99,0.7273168070792169,0.2213641378932056,128.467130889,,,140.6,2.0,0,Required Tags 78.6%；Reviews 4,库存锁定+Listing补齐：等可售恢复时同步补 Required Tags/Review 承接，避免库存回来后流量仍不转化。；查库存映射；同步处理 Required Tags 78.6%；Reviews 4，补 TAG、标题关键词、主图/尺寸图和QA。,库存锁定+Listing补齐：等可售恢复时同步补 Required Tags/Review 承接，避免库存回来后流量仍不转化。,查库存映射；同步处理 Required Tags 78.6%；Reviews 4，补 TAG、标题关键词、主图/尺寸图和QA。,复盘 Listing Health、可售恢复后7天 CVR、广告点击到订单转化。,sku-VFC-3W
MFC-D2-W,DMOM1020,2抽鹅颈活动柜白色,文件柜,B,禁止促销/先修复,维持观察,库存不足,,,0,43.0,0,4083.2,0,828.208,0,0.2028330721003134,0.2329292929292928,110.0,154.99,0.7097232079488999,0.2283486013936383,119.59825027,2.0,100.86,229.78,5.0,0,Required Tags 78.6%；Reviews 14,库存恢复前先闭环客诉：核对包装/配件/说明书问题；可售恢复后只做小流量验证，不直接放大促销。；查库存映射和客诉明细；当前可用 0，含在途 0，客诉/扣款 2 条。,库存恢复前先闭环客诉：核对包装/配件/说明书问题；可售恢复后只做小流量验证，不直接放大促销。,查库存映射和客诉明细；当前可用 0，含在途 0，客诉/扣款 2 条。,复盘可售恢复、Damage/Missing/Defect 反馈、扣款金额和恢复后7天转化。,sku-MFC-D2-W
LFC-3W,DMOM1025,宽卡3抽白色,文件柜,A,谨慎参加5%轻促,维持观察,库存不足,,,0,52.0,0,6685.15,0,1679.006,0,0.251154573943741,0.2881003584229391,155.0,219.99,0.7045774807945815,0.2247148028955862,170.554990511,,,124.49,1.0,0,Reviews 8,库存锁定+关键词止损：库存未恢复前停低效词；恢复后先用精确高意图词测，不恢复广泛匹配。；查库存 ETA；广告 spend $124.49、orders 1、ROAS 0.00，先标记浪费词。,库存锁定+关键词止损：库存未恢复前停低效词；恢复后先用精确高意图词测，不恢复广泛匹配。,查库存 ETA；广告 spend $124.49、orders 1、ROAS 0.00，先标记浪费词。,复盘低效词花费下降、恢复后精确词订单和 ROAS。,sku-LFC-3W
LFC-2B,DMOM1018,宽卡2抽黑色,文件柜,A,谨慎参加5%轻促,维持观察,库存不足,,,0,36.0,0,4155.3,0,1256.5120000000002,0,0.302387793901764,0.3194238683127571,135.0,193.99,0.6959121604206402,0.2267546083921852,150.001873518,2.0,119.36,28.05,3.0,0,Reviews 5,库存恢复前先闭环客诉：核对包装/配件/说明书问题；可售恢复后只做小流量验证，不直接放大促销。；查库存映射和客诉明细；当前可用 0，含在途 0，客诉/扣款 2 条。,库存恢复前先闭环客诉：核对包装/配件/说明书问题；可售恢复后只做小流量验证，不直接放大促销。,查库存映射和客诉明细；当前可用 0，含在途 0，客诉/扣款 2 条。,复盘可售恢复、Damage/Missing/Defect 反馈、扣款金额和恢复后7天转化。,sku-LFC-2B
5T-1980-1200,DMOM1000,,,A,禁止促销/先修复,维持观察,库存不足,,,0,31.0,0,3096.0,0,1110.24,0,0.3586046511627907,0.3844444444444444,120.0,172.99,0.6936817157061101,0.2217294806520608,134.633017142,,,61.6,4.0,0,Required Tags 75.0%；Reviews 8,库存锁定+Listing补齐：等可售恢复时同步补 Required Tags/Review 承接，避免库存回来后流量仍不转化。；查库存映射；同步处理 Required Tags 75.0%；Reviews 8，补 TAG、标题关键词、主图/尺寸图和QA。,库存锁定+Listing补齐：等可售恢复时同步补 Required Tags/Review 承接，避免库存回来后流量仍不转化。,查库存映射；同步处理 Required Tags 75.0%；Reviews 8，补 TAG、标题关键词、主图/尺寸图和QA。,复盘 Listing Health、可售恢复后7天 CVR、广告点击到订单转化。,sku-5T-1980-1200
LFC-3B,DMOM1025,宽卡3抽黑色,文件柜,B,谨慎参加5%轻促,维持观察,库存不足,,,0,24.0,0,3262.75,0,895.465,0,0.2744509999233775,0.2913978494623655,155.0,219.99,0.7045774807945815,0.2235045769898631,170.821228108,1.0,98.35,124.49,1.0,0,Reviews 8,库存恢复前先闭环客诉：核对包装/配件/说明书问题；可售恢复后只做小流量验证，不直接放大促销。；查库存映射和客诉明细；当前可用 0，含在途 0，客诉/扣款 1 条。,库存恢复前先闭环客诉：核对包装/配件/说明书问题；可售恢复后只做小流量验证，不直接放大促销。,查库存映射和客诉明细；当前可用 0，含在途 0，客诉/扣款 1 条。,复盘可售恢复、Damage/Missing/Defect 反馈、扣款金额和恢复后7天转化。,sku-LFC-3B
VF-ZH-4W,DMOM1029,4抽窄卡组合柜-白,文件柜,C,禁止促销/先修复,维持观察,库存不足,,,0,18.0,0,2750.95,0,515.8929999999999,0,0.187532670531998,0.2493093093093092,185.0,256.99,0.7198723685746526,0.21878255066345,200.765072305,,,29.58,0.0,0,Reviews 6,库存锁定+评价承接：库存恢复前补 Review/QA/卖点说明；先解决信任问题，再恢复轻促或广告。；查库存映射；同步处理 Reviews 6，补评价承接、QA 和主图卖点。,库存锁定+评价承接：库存恢复前补 Review/QA/卖点说明；先解决信任问题，再恢复轻促或广告。,查库存映射；同步处理 Reviews 6，补评价承接、QA 和主图卖点。,复盘 Review 数、CVR、加购/下单转化和恢复后7天订单。,sku-VF-ZH-4W
LFC-4B,DMOM1027,宽卡4抽黑色,文件柜,B,禁止促销/先修复,维持观察,库存不足,,,0,41.0,0,6960.0,0,1900.38,0,0.2730431034482758,0.3109999999999999,200.0,285.99,0.6993251512290639,0.2187114426903039,223.440714505,,,20.55,0.0,0,Reviews 4,库存锁定+评价承接：库存恢复前补 Review/QA/卖点说明；先解决信任问题，再恢复轻促或广告。；查库存映射；同步处理 Reviews 4，补评价承接、QA 和主图卖点。,库存锁定+评价承接：库存恢复前补 Review/QA/卖点说明；先解决信任问题，再恢复轻促或广告。,查库存映射；同步处理 Reviews 4，补评价承接、QA 和主图卖点。,复盘 Review 数、CVR、加购/下单转化和恢复后7天订单。,sku-LFC-4B
5T-1830-1200,DMOM1000,,,B,禁止促销/先修复,维持观察,库存不足,,,0,18.0,0,2093.0,0,743.42,0,0.3551935021500239,0.4003174603174603,140.0,197.99,0.7071064195161372,0.2194751447194303,154.536116097,,,61.6,4.0,0,Required Tags 75.0%；Reviews 8,库存锁定+Listing补齐：等可售恢复时同步补 Required Tags/Review 承接，避免库存回来后流量仍不转化。；查库存映射；同步处理 Required Tags 75.0%；Reviews 8，补 TAG、标题关键词、主图/尺寸图和QA。,库存锁定+Listing补齐：等可售恢复时同步补 Required Tags/Review 承接，避免库存回来后流量仍不转化。,查库存映射；同步处理 Required Tags 75.0%；Reviews 8，补 TAG、标题关键词、主图/尺寸图和QA。,复盘 Listing Health、可售恢复后7天 CVR、广告点击到订单转化。,sku-5T-1830-1200
6T-2095-122,DMOM1000,,,B,禁止促销/先修复,维持观察,库存不足,,,0,12.0,0,1470.0,0,541.8,0,0.3685714285714285,0.4214814814814814,150.0,209.99,0.714319729510929,0.2197369106338397,163.847446136,,,61.6,4.0,0,Required Tags 75.0%；Reviews 8,库存锁定+Listing补齐：等可售恢复时同步补 Required Tags/Review 承接，避免库存回来后流量仍不转化。；查库存映射；同步处理 Required Tags 75.0%；Reviews 8，补 TAG、标题关键词、主图/尺寸图和QA。,库存锁定+Listing补齐：等可售恢复时同步补 Required Tags/Review 承接，避免库存回来后流量仍不转化。,查库存映射；同步处理 Required Tags 75.0%；Reviews 8，补 TAG、标题关键词、主图/尺寸图和QA。,复盘 Listing Health、可售恢复后7天 CVR、广告点击到订单转化。,sku-6T-2095-122
3T-Kayak,DMOM1004,,,C,禁止促销/先修复,维持观察,库存不足,,,0,11.0,0,1082.4,0,379.456,0,0.3505691056910568,0.354141414141414,110.0,145.99,0.7534762654976368,0.203753735111994,116.243992211,,,0.0,0.0,0,,库存锁定+价格护栏：可售恢复前不提 Base；先复核 Base/前台价比例，避免库存回来后价格继续压转化。；查库存映射；核对 Base/前台价 75.3%、平台空间 20.4%。,库存锁定+价格护栏：可售恢复前不提 Base；先复核 Base/前台价比例，避免库存回来后价格继续压转化。,查库存映射；核对 Base/前台价 75.3%、平台空间 20.4%。,复盘可售恢复、价格竞争百分位、CVR 和真实订单毛利。,sku-3T-Kayak
5T-1830-900,DMOM1000,,,C,禁止促销/先修复,维持观察,库存不足,,,0,9.0,0,551.8,0,113.692,0,0.2060384197172889,0.3782022471910112,89.0,139.99,0.6357596971212229,0.2190422165368955,109.326280107,,,61.6,4.0,0,Required Tags 75.0%；Reviews 8,库存锁定+Listing补齐：等可售恢复时同步补 Required Tags/Review 承接，避免库存回来后流量仍不转化。；查库存映射；同步处理 Required Tags 75.0%；Reviews 8，补 TAG、标题关键词、主图/尺寸图和QA。,库存锁定+Listing补齐：等可售恢复时同步补 Required Tags/Review 承接，避免库存回来后流量仍不转化。,查库存映射；同步处理 Required Tags 75.0%；Reviews 8，补 TAG、标题关键词、主图/尺寸图和QA。,复盘 Listing Health、可售恢复后7天 CVR、广告点击到订单转化。,sku-5T-1830-900
2T-Kayak,DMOM1001,,,C,禁止促销/先修复,维持观察,库存不足,,,0,9.0,0,747.9499999999999,0,253.073,0,0.3383555050471288,0.3552046783625729,95.0,129.99,0.7308254481113932,0.2036113209016078,103.522564396,,,0.0,0.0,0,Reviews 2,库存锁定+价格护栏：可售恢复前不提 Base；先复核 Base/前台价比例，避免库存回来后价格继续压转化。；查库存映射；核对 Base/前台价 73.1%、平台空间 20.4%。,库存锁定+价格护栏：可售恢复前不提 Base；先复核 Base/前台价比例，避免库存回来后价格继续压转化。,查库存映射；核对 Base/前台价 73.1%、平台空间 20.4%。,复盘可售恢复、价格竞争百分位、CVR 和真实订单毛利。,sku-2T-Kayak
VFC-5B,DMOM1028,窄卡5抽黑色,文件柜,C,暂不促销,维持观察,库存不足,,,0,3.0,0,459.0,0,115.56,0,0.2517647058823529,0.2517647058823529,170.0,249.99,0.6800272010880435,0.2193852646345853,195.145877694,,,0.0,0.0,0,,先锁库存：当天核对库存映射和可售数；无可售先暂停促销/加预算，确认可售后再恢复轻促或广告。；查库存映射、仓库可售、在途 ETA；当前可用 0，含在途 0。,先锁库存：当天核对库存映射和可售数；无可售先暂停促销/加预算，确认可售后再恢复轻促或广告。,查库存映射、仓库可售、在途 ETA；当前可用 0，含在途 0。,复盘缺货天数、可售恢复时间、恢复后7天订单和广告花费是否回收。,sku-VFC-5B
