Part,YBHistOrders,YBHistUnits,YBHistSellerRevenue,YBHistProcurementCost,YBHistGross,YBHistAvgSellerNet,YBHistAvgCost,YBHistZeroRevenueOrders,YBHistFirstOrderDate,YBHistLastOrderDate,YBHistMargin
2T-Kayak,9,9.0,747.9499999999999,450.0,253.073,83.10555555555555,50.0,0,2025-08-31 00:00:00,2025-11-29 00:00:00,0.33835550504712886
3T-B,2,2.0,126.0,86.0,32.44,63.0,43.0,0,2025-10-16 00:00:00,2026-02-16 00:00:00,0.25746031746031744
3T-KAYAK,3,3.0,293.7,174.0,102.078,97.89999999999999,58.0,0,2025-10-27 00:00:00,2026-01-05 00:00:00,0.34755873340143006
3T-Kayak,11,11.0,1082.4,638.0,379.456,98.4,58.0,0,2025-08-18 00:00:00,2026-01-12 00:00:00,0.35056910569105687
3T-W,8,8.0,490.0,344.0,116.6,61.25,43.0,0,2026-02-12 00:00:00,2026-06-01 00:00:00,0.23795918367346938
4T-Kayak,42,42.0,5206.6,3150.0,1917.964,123.96666666666667,75.0,0,2025-08-19 00:00:00,2026-06-03 00:00:00,0.36837168209580146
5T-1600-800,2,2.0,153.0,86.0,57.82,76.5,43.0,0,2025-11-02 00:00:00,2025-11-20 00:00:00,0.37790849673202614
5T-1830-1200,18,18.0,2093.0,1224.0,743.42,116.27777777777777,68.0,1,2025-08-31 00:00:00,2026-05-29 00:00:00,0.3551935021500239
5T-1830-900,9,9.0,551.8,405.0,113.69200000000001,61.3111111111111,45.0,2,2025-08-25 00:00:00,2026-05-29 00:00:00,0.2060384197172889
5T-1980-1200,31,31.0,3096.0,1860.0,1110.24,99.87096774193549,60.0,2,2025-08-26 00:00:00,2026-06-04 00:00:00,0.3586046511627907
5T-DONG-198-120,3,3.0,292.6,195.0,80.044,97.53333333333335,65.0,0,2025-10-04 00:00:00,2025-11-18 00:00:00,0.2735611756664388
5T-Niudun,3,3.0,178.2,135.0,32.508,59.4,45.0,0,2025-09-16 00:00:00,2026-03-12 00:00:00,0.18242424242424246
5T-dong-183-120,23,24.0,2212.08,1824.0,255.35519999999997,91.48173913043478,76.0,3,2025-09-13 00:00:00,2026-03-22 00:00:00,0.1154366930671585
5T-dong-198-120,3,3.0,198.0,195.0,-8.880000000000003,66.0,65.0,1,2025-09-20 22:39:06,2025-12-29 00:00:00,-0.04484848484848486
5T-wangge,3,3.0,0.0,135.0,-135.0,0.0,45.0,3,2025-09-20 22:43:03,2025-09-20 23:40:05,
6T-2095-122,12,12.0,1470.0,840.0,541.8,122.5,70.0,1,2025-09-20 20:46:02,2026-05-06 00:00:00,0.36857142857142855
CW12S0768,1,1.0,25.0,0.0,0.0,25.0,,0,2025-12-15 00:00:00,2025-12-15 00:00:00,0.0
LFC-2B,36,36.0,4155.3,2714.4,1256.5120000000002,115.42500000000001,75.4,1,2025-12-01 00:00:00,2026-06-03 00:00:00,0.302387793901764
LFC-2B-680,56,57.0,5920.8,3659.4,1906.152,103.90714285714286,64.2,1,2025-11-14 00:00:00,2026-06-03 00:00:00,0.32194162950952576
LFC-2W,16,16.0,1669.95,1206.4,363.353,104.371875,75.4,2,2025-11-16 00:00:00,2026-05-18 00:00:00,0.21758316117249019
LFC-2W-680,61,61.0,6330.0,3916.2000000000003,2034.0,103.77049180327869,64.2,1,2025-11-17 00:00:00,2026-06-04 00:00:00,0.32132701421800947
LFC-3B,23,23.0,3123.25,2081.04,854.815,135.79347826086956,90.48,0,2025-12-08 00:00:00,2026-05-19 00:00:00,0.27369406867845997
LFC-3W,51,50.0,6545.65,4547.0,1638.816,128.34607843137255,90.94,3,2025-11-19 00:00:00,2026-05-18 00:00:00,0.2503671904241749
LFC-4B,41,41.0,6960.0,4642.0199999999995,1900.38,169.7560975609756,113.21999999999998,1,2025-11-26 00:00:00,2026-05-19 00:00:00,0.27304310344827587
LFC-4W,8,8.0,1236.0,905.76,256.08,154.5,113.22,1,2025-11-29 00:00:00,2026-03-05 00:00:00,0.20718446601941745
LFC-5B,1,1.0,207.0,145.0,49.58,207.0,145.0,0,2026-05-09 00:00:00,2026-05-09 00:00:00,0.2395169082125604
LFC-5W,2,1.0,207.0,145.0,49.58,103.5,145.0,1,2026-01-26 00:00:00,2026-02-11 00:00:00,0.2395169082125604
MFC-D2-B,71,71.0,6748.5,4970.0,1373.59,95.04929577464789,70.0,1,2025-10-30 00:00:00,2026-06-04 00:00:00,0.20354004593613395
MFC-D2-W,41,41.0,3885.2,2870.0,782.088,94.76097560975609,70.0,1,2025-11-23 00:00:00,2026-05-28 00:00:00,0.2012992896118604
MFC-D3-B,58,58.0,5060.2,3944.0,812.588,87.2448275862069,68.0,2,2025-11-20 00:00:00,2026-06-02 00:00:00,0.1605841666337299
MFC-D3-W,44,69.0,6164.55,4692.0,1188.546,88.2,68.0,2,2025-11-26 00:00:00,2026-05-08 00:00:00,0.192803367642407
VF-ZH-4B,27,27.0,4404.85,3105.0,1035.559,163.1425925925926,115.0,0,2025-11-22 00:00:00,2026-05-25 00:00:00,0.2350951791774975
VF-ZH-4W,17,17.0,2584.45,1955.0,474.383,152.02647058823527,115.0,1,2025-10-27 00:00:00,2026-04-23 00:00:00,0.18355278685987347
VFC-2W,12,12.0,710.4,634.8,32.976,59.199999999999996,52.9,2,2025-11-17 00:00:00,2026-03-28 00:00:00,0.04641891891891892
VFC-3B,44,44.0,4549.2,3119.6000000000004,1181.628,103.39090909090909,70.9,1,2025-11-27 00:00:00,2026-06-01 00:00:00,0.25974413083619097
VFC-3W,17,17.0,1695.6,1205.3000000000002,388.564,99.74117647058823,70.9,1,2025-11-26 00:00:00,2026-04-20 00:00:00,0.22916017928756785
VFC-4B,17,17.0,1960.0,1484.1,358.3,115.29411764705883,87.3,1,2025-11-29 00:00:00,2026-05-14 00:00:00,0.1828061224489796
VFC-4W,4,4.0,365.4,349.6,-6.124000000000002,91.35,87.4,1,2025-11-28 00:00:00,2026-03-28 00:00:00,-0.016759715380405042
VFC-5B,3,3.0,459.0,315.9,115.56,153.0,105.3,0,2025-12-27 00:00:00,2026-03-06 00:00:00,0.25176470588235295
