供应商SKU,状态,Wayfair Listing/SKU,目录当前Base Cost,目录新Base Cost,当前B2B折扣,新B2B折扣,新B2B Base Cost,当前MAP(USD),新MAP(USD),当前MSRP(USD),新MSRP(USD),Castlegate目标数量,Castlegate清仓折扣,Castlegate清仓MAP,Castlegate库存,美国前台价,加拿大前台价,加拿大法语前台价,Cost Stack净零售价,Cost Stack Base Cost,Wholesale Cost,Total Cost,出仓成本,客诉退货成本,产品津贴成本,其他操作成本,B2C折扣,平台空间金额,平台空间率,供货价竞争百分位,发货成本竞争百分位,客诉退货竞争百分位,两份Catalog是否一致,Catalog与CostStack Base差额,Base Cost/美国前台价,定价诊断,定价处理建议
5T-1600-800,Live,DMOM1000,85,,10,,,,,179.99,,,,,,119.99,206.99,206.99,119.99,85.0,76.5,93.919706809,11.76725848,4.615792,-4.59,5.626656329,-0.1,26.07029319099999,0.21727054913742805,0.5,0.31,0.41,True,0.0,0.7083923660305026,定价结构暂无明显红灯,维持当前Base Cost，促销前再结合SKU准入
5T-1830-1200,Live,DMOM1000,140,,10,,,,,259.99,,,,,,197.99,346.99,346.99,197.99,140.0,126.0,154.536116097,19.54896388,7.986154,-7.56,8.560998217,-0.1,43.45388390300002,0.21947514471943036,0.97,0.69,0.31,True,0.0,0.7071064195161372,供货价市场竞争力弱,复核采购成本或Base Cost
5T-1830-900,Live,DMOM1000,89,,10,,,,,199.99,,,,,,139.99,229.99,229.99,139.99,89.0,80.1,109.326280107,22.24908781,5.400483,-4.806,6.382709297,-0.1,30.663719893000007,0.21904221653689554,0.5,0.94,0.31,True,0.0,0.6357596971212229,发货成本竞争力弱,复核包裹尺寸/配送方式
5T-1980-1200,Live,DMOM1000,120,,10,,,,,229.99,,,,,,172.99,299.99,299.99,172.99,120.0,108.0,134.633017142,18.44657308,7.050245,-6.48,7.616199062,-0.1,38.35698285800001,0.22172948065206086,0.78,0.44,0.38,True,0.0,0.6936817157061101,供货价市场竞争力弱,复核采购成本或Base Cost
6T-2095-122,Live,DMOM1000,150,,10,,,,,279.99,,,,,,209.99,359.99,359.99,209.99,150.0,135.0,163.847446136,19.33330606,8.605051,-8.1,9.009089076,-0.1,46.14255386400001,0.21973691063383974,1.0,0.65,0.32,True,0.0,0.714319729510929,供货价市场竞争力弱,复核采购成本或Base Cost
8T-Kayak,Live,DMOM1002,215,,10,,,,,,,,,,,279.99,469.99,469.99,279.99,215.0,193.5,222.787013202,18.03328132,11.464209,-11.61,11.399522882,-0.1,57.20298679800001,0.2043036779813565,0.82,0.64,0.36,True,0.0,0.7678845673059752,Base Cost / 前台价偏高；供货价市场竞争力弱,谨慎调高Base Cost，优先优化成本结构；复核采购成本或Base Cost
3T-Kayak,Live,DMOM1004,110,,10,,,,,,,,,,,145.99,257.99,257.99,145.99,110.0,99.0,116.243992211,10.78558576,6.015693,-5.94,6.382713451,-0.1,29.746007789000004,0.203753735111994,0.82,0.0,0.45,True,0.0,0.7534762654976368,Base Cost / 前台价偏高；供货价市场竞争力弱,谨慎调高Base Cost，优先优化成本结构；复核采购成本或Base Cost
2T-Kayak,Live,DMOM1001,95,,10,,,,,,,,,,,129.99,229.99,229.99,129.99,95.0,85.5,103.522564396,11.13589873,6.264078,-5.13,5.752587666,-0.1,26.467435604000002,0.20361132090160783,0.73,0.09,1.0,True,0.0,0.7308254481113932,Base Cost / 前台价偏高；供货价市场竞争力弱；客诉退货成本竞争力弱,谨慎调高Base Cost，优先优化成本结构；复核采购成本或Base Cost；回查Customer Feedback和退货原因
4T-Kayak,Live,DMOM1003,140,,10,,,,,,,,,,,194.99,316.99,316.99,194.99,140.0,126.0,154.759155109,20.65774687,7.409247,-7.56,8.252161239,-0.1,40.230844891000004,0.20632260572849892,1.0,0.82,0.0,True,0.0,0.717985537719883,供货价市场竞争力弱；发货成本竞争力弱,复核采购成本或Base Cost；复核包裹尺寸/配送方式
5T-Niudun,Live,DMOM1005,108,,10,,,,,,,,,,,109.99,199.99,199.99,109.99,108.0,59.4,84.413954493,18.67553923,4.607873,-3.564,5.294542263,-0.45,25.57604550699999,0.23253064375852342,0.59,0.76,0.24,True,0.0,0.9819074461314665,Base Cost / 前台价偏高；发货成本竞争力弱,谨慎调高Base Cost，优先优化成本结构；复核包裹尺寸/配送方式
MK-WB001B,Live,DMOM1006,179.99,,10,,,,,359.99,,,,,,249.99,419.99,419.99,249.99,179.99,161.991,196.794807356,21.55307263,11.6919192,-9.71946,11.278275526,-0.1,53.195192644,0.2127892821472859,0.85,0.38,0.0,True,0.0,0.7199887995519821,供货价市场竞争力弱,复核采购成本或Base Cost
YB-CW12A0720,Live,DMOM1007,220,,10,,,,,,,,,,,289.99,509.99,509.99,289.99,220.0,198.0,244.875315179,31.80981304,13.994415,-11.88,12.951087139,-0.1,45.114684821,0.15557324328769956,0.09,1.0,0.45,True,0.0,0.7586468498913755,Base Cost / 前台价偏高；发货成本竞争力弱,谨慎调高Base Cost，优先优化成本结构；复核包裹尺寸/配送方式
YB-CW12S0768,Live,DMOM1008,28,,10,,,,,,,,,,,51.99,106.99,106.99,51.99,28.0,25.2,39.113340915,9.99075361,2.487786,-1.512,2.946801305,-0.1,12.876659085,0.24767568926716677,0.14,0.86,1.0,True,0.0,0.5385651086747452,发货成本竞争力弱；客诉退货成本竞争力弱,复核包裹尺寸/配送方式；回查Customer Feedback和退货原因
YB-MSE3400003,Live,DMOM1009,245,,10,,,,,,,,,,,365.99,559.99,559.99,365.99,245.0,220.5,281.016635736,36.27984007,21.577302,-13.23,15.889493666,-0.1,84.973364264,0.23217400547555941,0.18,1.0,0.45,True,0.0,0.6694171971911801,发货成本竞争力弱,复核包裹尺寸/配送方式
YB-CW12S0714,Live,IFOM4699,130,,10,,,,,,,,,,,109.99,204.99,204.99,167.99,130.0,117.0,145.645648524,20.01412669,7.936482,-7.02,7.715039834,-0.1,22.344351476000014,0.1330100093815109,0.0,0.91,1.0,True,0.0,1.1819256296026912,Base Cost / 前台价偏高；发货成本竞争力弱；客诉退货成本竞争力弱,谨慎调高Base Cost，优先优化成本结构；复核包裹尺寸/配送方式；回查Customer Feedback和退货原因
YB-CW12Y0719,Live,DMOM1012,105,,10,,,,,,,,,,,136.99,257.99,257.99,136.99,105.0,94.5,118.958360057,16.44927568,7.1512,-5.67,6.527884377,-0.1,18.031639943000016,0.13162741764362373,0.0,1.0,0.89,True,0.0,0.7664793050587634,Base Cost / 前台价偏高；发货成本竞争力弱；客诉退货成本竞争力弱,谨慎调高Base Cost，优先优化成本结构；复核包裹尺寸/配送方式；回查Customer Feedback和退货原因
YB- CW12X0718,Live,DMOM1011,155,,10,,,,,,,,,,,207.99,369.99,369.99,207.99,155.0,139.5,172.725253258,22.65148141,9.738351,-8.37,9.205420848,-0.1,35.264746742,0.1695502030963027,0.0,0.64,0.36,True,0.0,0.7452281359680754,Base Cost / 前台价偏高,谨慎调高Base Cost，优先优化成本结构
YB-CW12H0689,Live,DMOM1013,235,,10,,,,,,,,,,,309.99,559.99,559.99,309.99,235.0,211.5,259.227414698,32.20172764,15.258837,-12.69,12.956850058,-0.1,50.76258530199999,0.163755557605084,0.25,0.83,0.33,True,0.0,0.7580889706119552,Base Cost / 前台价偏高；发货成本竞争力弱,谨慎调高Base Cost，优先优化成本结构；复核包裹尺寸/配送方式
3T-B,Live,DMOM1017,70,,10,,,,,,,,,,,91.99,189.99,189.99,91.99,70.0,63.0,79.267171493,10.36726408,3.866968,-3.78,5.812939413,-0.1,12.722828506999988,0.13830664753777572,0.0,0.35,0.0,True,0.0,0.7609522774214589,Base Cost / 前台价偏高,谨慎调高Base Cost，优先优化成本结构
5T-dong-183-120,Live,DMOM1015,120,,10,,,,,,,,,,,177.99,345.99,345.99,177.99,120.0,108.0,138.772705351,21.90390955,7.55553,-6.48,7.793265801,-0.1,39.217294648999996,0.2203342583796842,0.21,0.79,0.84,True,0.0,0.6741951795044665,发货成本竞争力弱；客诉退货成本竞争力弱,复核包裹尺寸/配送方式；回查Customer Feedback和退货原因
5T-dong-198-120,Live,DMOM1015,110,,10,,,,,,,,,,,164.99,319.99,319.99,164.99,110.0,99.0,128.661759485,20.97987133,7.348579,-5.94,7.273309155,-0.1,36.328240515000005,0.22018449915146374,0.16,0.63,0.95,True,0.0,0.6667070731559488,客诉退货成本竞争力弱,回查Customer Feedback和退货原因
5T-wangge,Live,DMOM1016,80,,10,,,,,,,,,,,114.99,199.99,199.99,114.99,80.0,72.0,89.707360691,11.64287275,4.970187,-4.32,5.414300941,-0.1,25.28263930899999,0.21986815643969032,0.55,0.09,0.91,True,0.0,0.6957126706670146,客诉退货成本竞争力弱,回查Customer Feedback和退货原因
3T-W,Live,DMOM1017,70,,10,,,,,,,,,,,92.99,193.99,193.99,92.99,70.0,63.0,80.339018842,10.53461371,4.771167,-3.78,5.813238132,-0.1,12.650981157999993,0.1360466841380793,0.0,0.0,0.59,True,0.0,0.7527691149585978,Base Cost / 前台价偏高,谨慎调高Base Cost，优先优化成本结构
LFC-2B,Live,DMOM1018,135,,10,,,,,,,,,,,193.99,394.99,394.99,193.99,135.0,121.5,150.001873518,18.63488071,8.302772,-7.29,8.854220808,-0.1,43.98812648200001,0.22675460839218523,0.71,0.14,0.1,True,0.0,0.6959121604206402,供货价市场竞争力弱,复核采购成本或Base Cost
LFC-2W,Live,DMOM1018,135,,10,,,,,,,,,,,192.99,389.99,389.99,192.99,135.0,121.5,148.869210265,17.73159091,8.103432,-7.29,8.824187355,-0.1,44.12078973500002,0.22861697359966845,0.71,0.19,0.05,True,0.0,0.699518109746619,供货价市场竞争力弱,复核采购成本或Base Cost
MFC-D2-B,Live,DMOM1020,110,,10,,,,,,,,,,,157.99,325.99,325.99,157.99,110.0,99.0,122.176667594,14.54125936,7.087852,-5.94,7.487556234,-0.1,35.813332406000015,0.22668100769668975,0.55,0.77,0.0,True,0.0,0.6962465978859421,发货成本竞争力弱,复核包裹尺寸/配送方式
MFC-D2-W,Live,DMOM1020,110,,10,,,,,,,,,,,154.99,319.99,319.99,154.99,110.0,99.0,119.59825027,11.85266233,7.322832,-5.94,7.36275594,-0.1,35.391749730000015,0.22834860139363838,0.55,0.0,0.0,True,0.0,0.7097232079488999,定价结构暂无明显红灯,维持当前Base Cost，促销前再结合SKU准入
VFC-3B,Live,DMOM1019,120,,10,,,,,,,,,,,163.99,339.99,339.99,163.99,120.0,108.0,128.243424402,12.04694299,6.947577,-6.48,7.728904412,-0.1,35.74657559800002,0.2179802158546254,0.4,0.15,0.3,True,0.0,0.7317519360936642,Base Cost / 前台价偏高,谨慎调高Base Cost，优先优化成本结构
VFC-3W,Live,DMOM1019,120,,10,,,,,,,,,,,164.99,339.99,339.99,164.99,120.0,108.0,128.467130889,12.1107601,7.071774,-6.48,7.764596789,-0.1,36.522869111000006,0.22136413789320566,0.4,0.4,0.3,True,0.0,0.7273168070792169,Base Cost / 前台价偏高,谨慎调高Base Cost，优先优化成本结构
MFC-D3-B,Live,DMOM1022,105,,10,,,,,,,,,,,139.99,306.99,306.99,139.99,105.0,94.5,114.326593884,11.8686952,6.840258,-5.67,6.787640684,-0.1,25.663406116000004,0.1833231381955854,0.17,0.33,0.22,True,0.0,0.7500535752553753,Base Cost / 前台价偏高,谨慎调高Base Cost，优先优化成本结构
MFC-D3-W,Live,DMOM1022,105,,10,,,,,,,,,,,141.99,309.99,309.99,141.99,105.0,94.5,114.637800504,11.92171894,7.023708,-5.67,6.862373564,-0.1,27.35219949600001,0.19263468903443912,0.17,0.06,0.22,True,0.0,0.7394886963870695,Base Cost / 前台价偏高,谨慎调高Base Cost，优先优化成本结构
VFC-4B,Live,DMOM1023,140,,10,,,,,,,,,,,199.99,409.99,409.99,199.99,140.0,126.0,155.307402144,18.34723216,9.468536,-7.56,9.051633984,-0.1,44.682597856,0.2234241604880244,0.55,0.23,0.05,True,0.0,0.7000350017500875,定价结构暂无明显红灯,维持当前Base Cost，促销前再结合SKU准入
VFC-4W,Live,DMOM1023,140,,10,,,,,,,,,,,199.99,415.99,415.99,199.99,140.0,126.0,155.356537384,18.40298044,9.461137,-7.56,9.052419944,-0.1,44.633462616,0.2231784720036002,0.55,0.18,0.05,True,0.0,0.7000350017500875,定价结构暂无明显红灯,维持当前Base Cost，促销前再结合SKU准入
LFC-3W,Live,DMOM1025,155,,10,,,,,,,,,,,219.99,449.99,449.99,219.99,155.0,139.5,170.554990511,20.23670065,9.34044,-8.37,9.847849861,-0.1,49.43500948900001,0.2247148028955862,0.6,0.6,0.1,True,0.0,0.7045774807945815,定价结构暂无明显红灯,维持当前Base Cost，促销前再结合SKU准入
LFC-3B,Live,DMOM1025,155,,10,,,,,,,,,,,219.99,449.99,449.99,219.99,155.0,139.5,170.821228108,20.08066834,9.778272,-8.37,9.832287768,-0.1,49.168771891999995,0.22350457698986315,0.6,0.6,0.3,True,0.0,0.7045774807945815,定价结构暂无明显红灯,维持当前Base Cost，促销前再结合SKU准入
LFC-2B-680,Live,DMOM1021,120,,10,,,,,,,,,,,165.99,335.99,335.99,165.99,120.0,108.0,128.080055419,12.16556527,6.574002,-6.48,7.820488149,-0.1,37.90994458100002,0.22838691837460098,0.48,0.05,0.0,True,0.0,0.7229351165732875,Base Cost / 前台价偏高,谨慎调高Base Cost，优先优化成本结构
LFC-2W-680,Live,DMOM1021,120,,10,,,,,,,,,,,165.99,335.99,335.99,165.99,120.0,108.0,127.973810197,12.2239333,6.402213,-6.48,7.827663897,-0.1,38.016189803,0.22902698839086694,0.48,0.38,0.0,True,0.0,0.7229351165732875,Base Cost / 前台价偏高,谨慎调高Base Cost，优先优化成本结构
VFC-5B,Live,DMOM1028,170,,10,,,,,,,,,,,249.99,519.99,519.99,249.99,170.0,153.0,195.145877694,28.12110025,12.278337,-9.18,10.926440444,-0.1,54.844122306,0.21938526463458538,0.48,0.78,0.39,True,0.0,0.6800272010880435,发货成本竞争力弱,复核包裹尺寸/配送方式
VFC-5W,Live,DMOM1028,170,,10,,,,,,,,,,,239.99,499.99,499.99,239.99,170.0,153.0,187.474511474,21.23388229,11.869936,-9.18,10.550693184,-0.1,52.51548852600001,0.21882365317721575,0.48,0.35,0.39,True,0.0,0.7083628484520188,定价结构暂无明显红灯,维持当前Base Cost，促销前再结合SKU准入
LFC-4B,Live,DMOM1027,200,,10,,,,,,,,,,,285.99,589.99,589.99,285.99,200.0,180.0,223.440714505,28.29924325,13.647753,-10.8,12.293718255,-0.1,62.54928549500002,0.21871144269030393,0.76,0.38,0.29,True,0.0,0.6993251512290639,供货价市场竞争力弱,复核采购成本或Base Cost
LFC-4W,Live,DMOM1027,200,,10,,,,,,,,,,,279.99,579.99,579.99,279.99,200.0,180.0,217.490943855,22.33145275,13.907538,-10.8,12.051953105,-0.1,62.499056145,0.2232188869066752,0.76,0.33,0.29,True,0.0,0.7143112254009072,供货价市场竞争力弱,复核采购成本或Base Cost
VF-ZH-4B,Live,DMOM1029,185,,10,,,,,,,,,,,255.99,539.99,539.99,255.99,185.0,166.5,200.344174635,20.86900351,11.783667,-9.99,11.181504125,-0.1,55.64582536500001,0.21737499654283374,0.63,0.53,0.0,True,0.0,0.7226844798624946,Base Cost / 前台价偏高,谨慎调高Base Cost，优先优化成本结构
VF-ZH-4W,Live,DMOM1029,185,,10,,,,,,,,,,,256.99,539.99,539.99,256.99,185.0,166.5,200.765072305,20.88000646,12.170103,-9.99,11.204962845,-0.1,56.22492769500002,0.21878255066345,0.63,0.21,0.0,True,0.0,0.7198723685746526,定价结构暂无明显红灯,维持当前Base Cost，促销前再结合SKU准入
LFC-5B,Live,DMOM1024,230,,10,,,,,,,,,,,329.99,709.99,709.99,329.99,230.0,207.0,259.105859248,31.47060781,19.215971,-12.42,13.839280438,-0.1,70.88414075200001,0.21480693582229765,0.73,0.73,0.64,True,0.0,0.6969908179035729,供货价市场竞争力弱；发货成本竞争力弱,复核采购成本或Base Cost；复核包裹尺寸/配送方式
LFC-5W,Live,DMOM1024,230,,10,,,,,,,,,,,319.99,679.99,679.99,319.99,230.0,207.0,253.156175174,25.97290525,19.161351,-12.42,13.441918924,-0.1,66.83382482600001,0.2088622295259227,0.73,0.5,0.64,True,0.0,0.7187724616394262,供货价市场竞争力弱,复核采购成本或Base Cost
VFC-2B,Live,DMOM1026,80,,10,,,,,,,,,,,119.99,249.99,249.99,119.99,80.0,72.0,93.288098201,14.2044643,5.351533,-4.32,6.052100901,-0.1,26.701901798999998,0.22253439285773813,0.0,0.0,0.29,True,0.0,0.6667222268522377,定价结构暂无明显红灯,维持当前Base Cost，促销前再结合SKU准入
VFC-2W,Live,DMOM1026,80,,10,,,,,,,,,,,118.99,239.99,239.99,118.99,80.0,72.0,91.85917038,12.9752776,5.183645,-4.32,6.02024778,-0.1,27.13082962,0.2280093253214556,0.0,0.33,0.29,True,0.0,0.6723254054962602,定价结构暂无明显红灯,维持当前Base Cost，促销前再结合SKU准入
VFC-5W-wheel,"Live, Some Stores",DMOM1030,175,,10,,,,,,,,,,,,475.99,475.99,,,,,,,,,,,0.0,,,,True,,,缺少美国前台价；5月 Cost Stack 无匹配,先确认是否仍可售或是否仅部分店铺可售；等有效Cost Stack或用订单利润表补验
VFC-4W-wheel,"Live, Some Stores",DMOM1030,150,,10,,,,,,,,,,,,399.99,399.99,,,,,,,,,,,0.0,,,,True,,,缺少美国前台价；5月 Cost Stack 无匹配,先确认是否仍可售或是否仅部分店铺可售；等有效Cost Stack或用订单利润表补验
VFC-5B-wheel,"Live, Some Stores",DMOM1030,175,,10,,,,,,,,,,,,439.99,439.99,,,,,,,,,,,0.0,,,,True,,,缺少美国前台价；5月 Cost Stack 无匹配,先确认是否仍可售或是否仅部分店铺可售；等有效Cost Stack或用订单利润表补验
VFC-4B-wheel,"Live, Some Stores",DMOM1030,150,,10,,,,,,,,,,,,374.99,374.99,,,,,,,,,,,0.0,,,,True,,,缺少美国前台价；5月 Cost Stack 无匹配,先确认是否仍可售或是否仅部分店铺可售；等有效Cost Stack或用订单利润表补验
MFC-D01,Live,DMOM1031,125,,10,,,,,,,,,,,174.99,299.99,299.99,189.99,125.0,115.0,138.141381897,12.45845332,8.913526,-6.9,8.669402577,-0.08,51.84861810300001,0.27290182695405024,,,,True,0.0,0.7143265329447397,定价结构暂无明显红灯,维持当前Base Cost，促销前再结合SKU准入
MFC-D02,Live,DMOM1031,140,,10,,,,,,,,,,,194.99,359.99,359.99,209.99,140.0,128.8,153.622565837,13.45573975,9.664301,-7.728,9.430525087,-0.08,56.36743416300001,0.2684291354969285,,,,True,0.0,0.717985537719883,定价结构暂无明显红灯,维持当前Base Cost，促销前再结合SKU准入
MFC-D03,Live,DMOM1031,135,,10,,,,,,,,,,,189.99,319.99,319.99,203.99,135.0,124.2,148.730247104,13.3776712,9.403036,-7.452,9.201539904,-0.08,55.25975289600001,0.27089442078533266,,,,True,0.0,0.7105637138796779,定价结构暂无明显红灯,维持当前Base Cost，促销前再结合SKU准入
MFC-D04,Live,DMOM1031,125,,10,,,,,,,,,,,174.99,319.99,319.99,189.99,125.0,115.0,137.902936029,12.30451681,8.82603,-6.9,8.672389219,-0.08,52.08706397100002,0.27415687126164545,,,,True,0.0,0.7143265329447397,定价结构暂无明显红灯,维持当前Base Cost，促销前再结合SKU准入
CT-02,Live,DMOM1037,128,,10,,,,,,,,,,,233.99,389.99,389.99,233.99,128.0,117.76,155.678079577,17.93865595,16.618941,-7.0656,10.426082627,-0.08,78.311920423,0.3346806291850079,0.18,0.18,0.45,True,0.0,0.5470319244412154,定价结构暂无明显红灯,维持当前Base Cost，促销前再结合SKU准入
PT01-WH,Live,DMOM1038,136,,10,,,,,,,,,,,212.99,359.99,359.99,212.99,136.0,125.12,159.469144485,20.19038347,11.308146,-7.5072,10.357815015,-0.08,53.52085551500002,0.2512834194797879,0.0,0.0,0.0,True,0.0,0.6385276304051833,定价结构暂无明显红灯,维持当前Base Cost，促销前再结合SKU准入
PT02-WH,Live,DMOM1039,162,,10,,,,,,,,,,,249.99,419.99,419.99,249.99,162.0,149.04,186.778244087,21.31886698,13.636974,-8.9424,11.724803107,-0.08,63.21175591300002,0.2528571379375176,0.55,0.18,0.09,True,0.0,0.6480259210368414,定价结构暂无明显红灯,维持当前Base Cost，促销前再结合SKU准入
CT-01,Live,DMOM1040,136,,10,,,,,,,,,,,246.99,409.99,409.99,246.99,136.0,125.12,164.110445663,17.93855116,17.671158,-7.5072,10.887936503,-0.08,82.879554337,0.3355583397586947,0.36,0.09,0.0,True,0.0,0.5506295801449451,定价结构暂无明显红灯,维持当前Base Cost，促销前再结合SKU准入
CT-3ps,Live,DMOM1041,187,,10,,,,,,,,,,,329.99,549.99,549.99,329.99,187.0,172.04,221.530225467,21.19490041,24.786618,-10.3224,13.831107057,-0.08,108.459774533,0.32867594331040334,1.0,1.0,0.7,True,0.0,0.5666838389042093,供货价市场竞争力弱；发货成本竞争力弱,复核采购成本或Base Cost；复核包裹尺寸/配送方式
PT03-WH,Live,DMOM1042,162,,10,,,,,,,,,,,249.99,419.99,419.99,249.99,162.0,149.04,186.479740826,20.98144318,13.676877,-8.9424,11.723820646,-0.08,63.510259174,0.2540511987439497,0.5,0.0,0.18,True,0.0,0.6480259210368414,定价结构暂无明显红灯,维持当前Base Cost，促销前再结合SKU准入
PT04-WH,Live,DMOM1043,170,,10,,,,,,,,,,,259.99,429.99,429.99,259.99,170.0,156.4,194.197349279,20.9738983,14.122738,-9.384,12.084712979,-0.08,65.792650721,0.2530583896342167,0.33,0.1,0.36,True,0.0,0.6538713027424131,定价结构暂无明显红灯,维持当前Base Cost，促销前再结合SKU准入
PT05-WH,Live,DMOM1044,99,,10,,,,,,,,,,,169.99,289.99,289.99,169.99,99.0,91.08,117.655349922,12.22697221,10.875865,-5.4648,8.937312712,-0.08,52.33465007800001,0.3078689927525149,0.29,0.05,0.47,True,0.0,0.5823871992470145,定价结构暂无明显红灯,维持当前Base Cost，促销前再结合SKU准入
6D-locker,"Live, Some Stores",DMOM1045,145,,10,,,,,,,,,,,,359.99,359.99,,,,,,,,,,,0.0,,,,True,,,缺少美国前台价；5月 Cost Stack 无匹配,先确认是否仍可售或是否仅部分店铺可售；等有效Cost Stack或用订单利润表补验
9D-locker,"Live, Some Stores",DMOM1046,156,,10,,,,,,,,,,,,389.99,389.99,,,,,,,,,,,0.0,,,,True,,,缺少美国前台价；5月 Cost Stack 无匹配,先确认是否仍可售或是否仅部分店铺可售；等有效Cost Stack或用订单利润表补验
W3D-G-locker,Live,DMOM1047,221,,10,,,,,,,,,,,319.99,569.99,569.99,319.99,221.0,203.32,253.386586223,30.1440712,17.633087,-12.1992,14.488628023,-0.08,66.60341377700001,0.20814217249601555,0.69,0.51,0.46,True,0.0,0.6906465827057096,定价结构暂无明显红灯,维持当前Base Cost，促销前再结合SKU准入
W9D-G-locker,Live,DMOM1048,238,,10,,,,,,,,,,,349.99,589.99,589.99,349.99,238.0,218.96,276.786057519,31.14366301,24.318799,-13.1376,15.501195509,-0.08,73.20394248100001,0.20916009737706795,0.81,0.52,0.67,True,0.0,0.6800194291265464,供货价市场竞争力弱,复核采购成本或Base Cost
W6D-G-locker,Live,DMOM1049,230,,10,,,,,,,,,,,334.99,569.99,569.99,334.99,230.0,211.6,264.439793222,27.42152221,23.160564,-12.696,14.953707012,-0.08,70.55020677800002,0.21060391885727936,0.75,0.51,0.66,True,0.0,0.6865876593331144,供货价市场竞争力弱,复核采购成本或Base Cost
LFC-4B-400,Live,DMOM1054,180,,10,,,,,,,,,,,279.99,509.99,509.99,259.99,180.0,165.6,204.831424154,24.5765785,13.302884,-9.936,11.287961654,-0.08,55.15857584600002,0.21215652850494257,0.0,0.05,0.1,True,0.0,0.6428801028608164,定价结构暂无明显红灯,维持当前Base Cost，促销前再结合SKU准入
LFC-4W-400,Live,DMOM1053,180,,10,,,,,,,,,,,279.99,509.99,509.99,259.99,180.0,165.6,204.831424154,24.5765785,13.302884,-9.936,11.287961654,-0.08,55.15857584600002,0.21215652850494257,0.43,0.48,0.26,True,0.0,0.6428801028608164,定价结构暂无明显红灯,维持当前Base Cost，促销前再结合SKU准入
MFC-D3W,Unpurchasable,DMOM1055,125,,,,,,,,,,,,,,,,,,,,,,,,,,0.0,,,,True,,,缺少美国前台价；5月 Cost Stack 无匹配,先确认是否仍可售或是否仅部分店铺可售；等有效Cost Stack或用订单利润表补验
MFC-D2B,Unpurchasable,DMOM1056,130,,,,,,,,,,,,,,,,,,,,,,,,,,0.0,,,,True,,,缺少美国前台价；5月 Cost Stack 无匹配,先确认是否仍可售或是否仅部分店铺可售；等有效Cost Stack或用订单利润表补验
MFC-D3B,Unpurchasable,DMOM1055,125,,,,,,,,,,,,,,,,193.99,125.0,118.75,141.178093659,11.4359125,9.316327,-7.125,8.800854159,-0.05,52.811906341,0.27224035435331717,,,,True,0.0,,缺少美国前台价,先确认是否仍可售或是否仅部分店铺可售
MFC-D2W,Unpurchasable,DMOM1056,130,,,,,,,,,,,,,,,,203.99,130.0,123.5,148.650390516,13.10930401,10.291234,-7.41,9.159852506,-0.05,55.33960948400002,0.27128589383793333,,,,True,0.0,,缺少美国前台价,先确认是否仍可售或是否仅部分店铺可售
TOOL-A06,Live,DMOM1068,156.4,,,,,,,,,,,,,219.99,379.99,379.99,205.99,156.4,143.888,175.050751915,19.35971314,10.0347348,-8.63328,10.401583975,-0.08,30.939248085000003,0.1501978158405748,0.78,0.4,0.25,True,0.0,0.7109414064275649,供货价市场竞争力弱,复核采购成本或Base Cost
TOOL-B05,Live,DMOM1067,156.4,,,,,,,,,,,,,215.99,369.99,369.99,199.99,156.4,143.888,170.99943587,15.77673346,9.7968062,-8.63328,10.17117621,-0.08,28.990564129999996,0.14496006865343264,0.78,0.26,0.28,True,0.0,0.7241075975739617,Base Cost / 前台价偏高；供货价市场竞争力弱,谨慎调高Base Cost，优先优化成本结构；复核采购成本或Base Cost
TOOL-B04,Live,DMOM1069,132.6,,,,,,,,,,,,,183.99,319.99,319.99,169.99,132.6,121.992,145.815165759,13.85016931,8.2457132,-7.31952,9.046803249,-0.08,24.174834241000013,0.1422132727866346,0.69,0.32,0.13,True,0.0,0.7206913419207565,Base Cost / 前台价偏高,谨慎调高Base Cost，优先优化成本结构
TOOL-B07,Live,DMOM1074,178.5,,,,,,,,,,,,,249.99,424.99,424.99,229.99,178.5,164.22,197.505340991,20.41159516,11.430257,-9.8532,11.296688831,-0.08,32.48465900900001,0.14124378889951741,0.88,0.44,0.27,True,0.0,0.7140285611424456,供货价市场竞争力弱,复核采购成本或Base Cost
TOOL-A02,Live,DMOM1070,110.5,,,,,,,,,,,,,154.99,269.99,269.99,143.99,110.5,101.66,122.515714767,11.88326101,7.00808,-6.0996,8.063973757,-0.08,21.474285233000003,0.1491373375442739,0.49,0.21,0.2,True,0.0,0.7129492225304858,定价结构暂无明显红灯,维持当前Base Cost，促销前再结合SKU准入
TOOL-A07,Live,DMOM1074,178.5,,,,,,,,,,,,,249.99,429.99,429.99,229.99,178.5,164.22,197.67204633,20.55620536,11.453256,-9.8532,11.29578497,-0.08,32.31795367000001,0.14051895156311148,0.88,0.44,0.27,True,0.0,0.7140285611424456,供货价市场竞争力弱,复核采购成本或Base Cost
TOOL-A03,Live,DMOM1062,103.7,,,,,,,,,,,,,145.99,254.99,254.99,135.99,103.7,95.404,115.702452946,11.56019344,6.7067314,-5.72424,7.755768106,-0.08,20.287547054000015,0.14918410952275912,0.42,0.2,0.33,True,0.0,0.7103226248373176,定价结构暂无明显红灯,维持当前Base Cost，促销前再结合SKU准入
TOOL-B03,Live,DMOM1062,127.5,,,,,,,,,,,,,175.99,299.99,299.99,162.99,127.5,117.3,138.893819832,11.79104581,8.080482,-7.038,8.760292022,-0.08,24.096180168000018,0.14783839602429608,0.65,0.21,0.36,True,0.0,0.7244729814193988,Base Cost / 前台价偏高,谨慎调高Base Cost，优先优化成本结构
TOOL-A04,Live,DMOM1069,127.5,,,,,,,,,,,,,178.99,309.99,309.99,165.99,127.5,117.3,141.327706489,14.14431484,8.0244,-7.038,8.896991649,-0.08,24.662293511,0.14857698361949515,0.65,0.34,0.13,True,0.0,0.712330297781999,定价结构暂无明显红灯,维持当前Base Cost，促销前再结合SKU准入
TOOL-B08,Live,DMOM1077,212.5,,,,,,,,,,,,,299.99,529.99,529.99,279.99,212.5,195.5,240.08438505,26.11122805,17.11356,-11.73,13.089597,-0.08,39.90561495,0.1425251435765563,0.27,0.37,0.61,True,0.0,0.7083569452315077,定价结构暂无明显红灯,维持当前Base Cost，促销前再结合SKU准入
TOOL-A01,Live,DMOM1072,76.5,,,,,,,,,,,,,108.99,189.99,189.99,101.99,76.5,70.38,86.690557944,8.62418722,5.446441,-4.2228,6.462729724,-0.08,15.29944205599999,0.15000923674870076,0.23,0.04,0.65,True,0.0,0.7018992568125516,定价结构暂无明显红灯,维持当前Base Cost，促销前再结合SKU准入
TOOL-B06,Live,DMOM1068,161.5,,,,,,,,,,,,,226.99,389.99,389.99,209.99,161.5,148.58,179.899919358,19.28960863,10.401842,-8.9148,10.543268728,-0.08,30.090080642000004,0.14329292176770322,0.8,0.39,0.29,True,0.0,0.7114850874487862,供货价市场竞争力弱,复核采购成本或Base Cost
TOOL-B02,Live,DMOM1070,110.5,,,,,,,,,,,,,154.99,269.99,269.99,143.99,110.5,101.66,122.643141,12.0216886,6.995381,-6.0996,8.0656714,-0.08,21.34685900000001,0.1482523716924787,0.49,0.23,0.2,True,0.0,0.7129492225304858,定价结构暂无明显红灯,维持当前Base Cost，促销前再结合SKU准入
TOOL-A08,Live,DMOM1077,212.5,,,,,,,,,,,,,299.99,529.99,529.99,279.99,212.5,195.5,240.13258845,26.15943145,17.11356,-11.73,13.089597,-0.08,39.85741155000002,0.14235298242794395,0.29,0.39,0.62,True,0.0,0.7083569452315077,定价结构暂无明显红灯,维持当前Base Cost，促销前再结合SKU准入
TOOL-A05,Live,DMOM1067,146.2,,,,,,,,,,,,,203.99,349.99,349.99,189.99,146.2,134.504,161.243223148,15.72475762,9.2903376,-8.07024,9.794367928,-0.08,28.74677685200001,0.1513067890520554,0.69,0.26,0.29,True,0.0,0.7167017991077993,定价结构暂无明显红灯,维持当前Base Cost，促销前再结合SKU准入
TOOL-B01,Live,DMOM1072,74.8,,,,,,,,,,,,,106.99,187.99,187.99,99.99,74.8,68.816,84.881288584,8.52620857,5.2845936,-4.12896,6.383446414,-0.08,15.108711415999991,0.15110222438243817,0.22,0.05,0.71,True,0.0,0.6991307598841013,客诉退货成本竞争力弱,回查Customer Feedback和退货原因
