Reporting Month,Supplier Part Number,Composite Part Number,Component Part Number,Manufacturer Part Number,Composite Manufacturer Part Number,Component Manufacturer Part Number,Product Class,Wayfair SKU,Wayfair Brand,Product Name,Premium Brand Strategic Item,Premium Brand Strategic Item Health,Exclusivity Violation,Revenue,Unit Sold,Total Impressions,Impression Percentile (by Class),Impression Rank (by Class),Unique Visits,Conversion Rate,Class Conversion Rate,Percent Required Tags Completed,Percent Recommended Tags Completed,Tag Health,Full Product Image,Image Health,Castlegate Target Status,Availability Rate,Availability Health,Percent Fast Delivery Badging,Median Estimated Delivery Days,Delivery Speed Health,Lifetime Review Count,Lifetime Average Customer Review Rating,Review Count Health,Review Rating Health,Price Competitiveness Health,Incidents and Returns Protection Level,Incidents and Returns Health
May 2026,5T-1600-800,,,5T-1600-800,,,Shelving & Racks,DMOM1000,Wayfair Canada (French),"Étagère de rangement à 5 niveaux pour le garage, support réglable en métal robuste avec capacité de 2000 lb, tablette utilitaire pour le garage, le sous-sol, la cuisine et l'entrepôt, noir",No,N/A,No,,,,,,,,,75,73.68,RED,YES,GREEN,Low Velocity/Non-Target,,,,,,8,4.5,YELLOW,GREEN,,,GREEN
May 2026,5T-1600-800,,,5T-1600-800,,,Shelving & Racks,DMOM1000,Wayfair Canada (English),"5-Tier Garage Storage Shelving Unit, Heavy Duty Adjustable Metal Rack with 2000 lbs Capacity, Utility Shelf for Garage, Basement, Kitchen & Warehouse, Black",No,N/A,No,,,35,91,533,,,1.16,75,73.68,RED,YES,GREEN,Low Velocity/Non-Target,100,GREEN,,,,8,4.5,YELLOW,GREEN,,,GREEN
May 2026,5T-1600-800,,,5T-1600-800,,,Shelving & Racks,DMOM1000,Wayfair US,"5-Tier Garage Storage Shelving Unit, Heavy Duty Adjustable Metal Rack with 2000 lbs Capacity, Utility Shelf for Garage, Basement, Kitchen & Warehouse, Black",No,N/A,No,,,1232,98,172,16,0,2.41,75,75,RED,YES,GREEN,Low Velocity/Non-Target,100,GREEN,,,,8,4.5,YELLOW,GREEN,,,GREEN
May 2026,5T-1830-1200,,,5T-1830-1200,,,Shelving & Racks,DMOM1000,Wayfair Canada (French),"Étagère de rangement à 5 niveaux pour le garage, support réglable en métal robuste avec capacité de 2000 lb, tablette utilitaire pour le garage, le sous-sol, la cuisine et l'entrepôt, noir",No,N/A,No,,,,,,,,,75,73.68,RED,YES,GREEN,Low Velocity/Non-Target,,,,,,8,4.5,YELLOW,GREEN,,,GREEN
May 2026,5T-1830-1200,,,5T-1830-1200,,,Shelving & Racks,DMOM1000,Wayfair Canada (English),"5-Tier Garage Storage Shelving Unit, Heavy Duty Adjustable Metal Rack with 2000 lbs Capacity, Utility Shelf for Garage, Basement, Kitchen & Warehouse, Black",No,N/A,No,,,35,91,533,2,0,1.16,75,73.68,RED,YES,GREEN,Low Velocity/Non-Target,100,GREEN,,,,8,4.5,YELLOW,GREEN,,,GREEN
May 2026,5T-1830-1200,,,5T-1830-1200,,,Shelving & Racks,DMOM1000,Wayfair US,"5-Tier Garage Storage Shelving Unit, Heavy Duty Adjustable Metal Rack with 2000 lbs Capacity, Utility Shelf for Garage, Basement, Kitchen & Warehouse, Black",No,N/A,No,223.72,2,1232,98,172,18,5.56,2.41,75,75,RED,YES,GREEN,Low Velocity/Non-Target,100,GREEN,,,,8,4.5,YELLOW,GREEN,,,GREEN
May 2026,5T-1830-900,,,5T-1830-900,,,Shelving & Racks,DMOM1000,Wayfair Canada (French),"Étagère de rangement à 5 niveaux pour le garage, support réglable en métal robuste avec capacité de 2000 lb, tablette utilitaire pour le garage, le sous-sol, la cuisine et l'entrepôt, noir",No,N/A,No,,,,,,,,,75,73.68,RED,YES,GREEN,Low Velocity/Non-Target,,,,,,8,4.5,YELLOW,GREEN,,,GREEN
May 2026,5T-1830-900,,,5T-1830-900,,,Shelving & Racks,DMOM1000,Wayfair Canada (English),"5-Tier Garage Storage Shelving Unit, Heavy Duty Adjustable Metal Rack with 2000 lbs Capacity, Utility Shelf for Garage, Basement, Kitchen & Warehouse, Black",No,N/A,No,,,35,91,533,1,0,1.16,75,73.68,RED,YES,GREEN,Low Velocity/Non-Target,100,GREEN,,,,8,4.5,YELLOW,GREEN,,,GREEN
May 2026,5T-1830-900,,,5T-1830-900,,,Shelving & Racks,DMOM1000,Wayfair US,"5-Tier Garage Storage Shelving Unit, Heavy Duty Adjustable Metal Rack with 2000 lbs Capacity, Utility Shelf for Garage, Basement, Kitchen & Warehouse, Black",No,N/A,No,142.22,2,1232,98,172,32,0,2.41,75,75,RED,YES,GREEN,Low Velocity/Non-Target,100,GREEN,,,,8,4.5,YELLOW,GREEN,,,GREEN
May 2026,5T-1980-1200,,,5T-1980-1200,,,Shelving & Racks,DMOM1000,Wayfair Canada (French),"Étagère de rangement à 5 niveaux pour le garage, support réglable en métal robuste avec capacité de 2000 lb, tablette utilitaire pour le garage, le sous-sol, la cuisine et l'entrepôt, noir",No,N/A,No,,,,,,,,,75,73.68,RED,YES,GREEN,Low Velocity/Non-Target,,,,,,8,4.5,YELLOW,GREEN,,,GREEN
May 2026,5T-1980-1200,,,5T-1980-1200,,,Shelving & Racks,DMOM1000,Wayfair Canada (English),"5-Tier Garage Storage Shelving Unit, Heavy Duty Adjustable Metal Rack with 2000 lbs Capacity, Utility Shelf for Garage, Basement, Kitchen & Warehouse, Black",No,N/A,No,,,35,91,533,12,0,1.16,75,73.68,RED,YES,GREEN,Low Velocity/Non-Target,100,GREEN,,,,8,4.5,YELLOW,GREEN,,,GREEN
May 2026,5T-1980-1200,,,5T-1980-1200,,,Shelving & Racks,DMOM1000,Wayfair US,"5-Tier Garage Storage Shelving Unit, Heavy Duty Adjustable Metal Rack with 2000 lbs Capacity, Utility Shelf for Garage, Basement, Kitchen & Warehouse, Black",No,N/A,No,501.96,5,1232,98,172,95,2.11,2.41,75,75,RED,YES,GREEN,Low Velocity/Non-Target,100,GREEN,,,,8,4.5,YELLOW,GREEN,,,GREEN
May 2026,6T-2095-122,,,6T-2095-122,,,Shelving & Racks,DMOM1000,Wayfair Canada (French),"Étagère de rangement à 5 niveaux pour le garage, support réglable en métal robuste avec capacité de 2000 lb, tablette utilitaire pour le garage, le sous-sol, la cuisine et l'entrepôt, noir",No,N/A,No,,,,,,,,,75,73.68,RED,YES,GREEN,Low Velocity/Non-Target,,,,,,8,4.5,YELLOW,GREEN,,,GREEN
May 2026,6T-2095-122,,,6T-2095-122,,,Shelving & Racks,DMOM1000,Wayfair Canada (English),"5-Tier Garage Storage Shelving Unit, Heavy Duty Adjustable Metal Rack with 2000 lbs Capacity, Utility Shelf for Garage, Basement, Kitchen & Warehouse, Black",No,N/A,No,,,35,91,533,3,0,1.16,75,73.68,RED,YES,GREEN,Low Velocity/Non-Target,100,GREEN,,,,8,4.5,YELLOW,GREEN,,,GREEN
May 2026,6T-2095-122,,,6T-2095-122,,,Shelving & Racks,DMOM1000,Wayfair US,"5-Tier Garage Storage Shelving Unit, Heavy Duty Adjustable Metal Rack with 2000 lbs Capacity, Utility Shelf for Garage, Basement, Kitchen & Warehouse, Black",No,N/A,No,126.9,1,1232,98,172,39,2.56,2.41,75,75,RED,YES,GREEN,Low Velocity/Non-Target,100,GREEN,,,,8,4.5,YELLOW,GREEN,,,GREEN
May 2026,8T-Kayak,,,8T-Kayak,,,Bike And Sport Racks,DMOM1002,Wayfair Canada (French),"Support de rangement autoportant pour kayaks et canoës à 4 niveaux avec accoudoirs latéraux, cadre très résistant aux intempéries, H 82 po, noir",No,N/A,No,,,,,,,,,90.48,90,RED,YES,GREEN,Low Velocity/Non-Target,,,,,,0,,RED,,,,GREEN
May 2026,8T-Kayak,,,8T-Kayak,,,Bike And Sport Racks,DMOM1002,Wayfair Canada (English),"Freestanding 4-tier Kayak & Canoe Storage Rack With Side Gear Arms, Extra-deep Weather-resistant Frame, 82'' H, Black",No,N/A,No,,,27,81,305,2,0,0.76,90.48,90,RED,YES,GREEN,Low Velocity/Non-Target,100,GREEN,,,,0,,RED,,,,GREEN
May 2026,8T-Kayak,,,8T-Kayak,,,Bike And Sport Racks,DMOM1002,Wayfair US,"Freestanding 4-tier Kayak & Canoe Storage Rack With Side Gear Arms, Extra-deep Weather-resistant Frame, 82'' H, Black",No,N/A,No,,,23,58,783,3,0,1.78,90.48,90.91,RED,YES,GREEN,Low Velocity/Non-Target,100,GREEN,,,,0,,RED,,,,GREEN
May 2026,3T-Kayak,,,3T-Kayak,,,Bike And Sport Racks,DMOM1004,Wayfair Canada (French),"Support autoportant à 3 niveaux pour kayaks et canoës avec accoudoirs réglables, structure en acier résistant aux intempéries, H 41 po, noir",No,N/A,No,,,,,,,,,90.48,90,RED,YES,GREEN,Low Velocity/Non-Target,,,,,,0,,RED,,,,GREEN
May 2026,3T-Kayak,,,3T-Kayak,,,Bike And Sport Racks,DMOM1004,Wayfair Canada (English),"Freestanding 3-tier Kayak & Canoe Storage Rack With Adjustable Arms, Weather-resistant Steel Frame, 41'' H, Black",No,N/A,No,,,3,35,1032,2,0,0.76,90.48,90,RED,YES,GREEN,Low Velocity/Non-Target,0,RED,,,,0,,RED,,,,GREEN
May 2026,3T-Kayak,,,3T-Kayak,,,Bike And Sport Racks,DMOM1004,Wayfair US,"Freestanding 3-tier Kayak & Canoe Storage Rack With Adjustable Arms, Weather-resistant Steel Frame, 41'' H, Black",No,N/A,No,,,3,17,1551,2,0,1.78,90.48,90.91,RED,YES,GREEN,Low Velocity/Non-Target,0,RED,,,,0,,RED,,,,GREEN
May 2026,2T-Kayak,,,2T-Kayak,,,Bike And Sport Racks,DMOM1001,Wayfair Canada (French),"Support autoportant à 2 niveaux pour kayaks et canoës avec accoudoirs réglables, structure en acier résistant aux intempéries, H 28 po, noir",No,N/A,No,,,,,,,,,85.71,70,RED,YES,GREEN,Low Velocity/Non-Target,,,,,,2,3.5,RED,RED,,,GREEN
May 2026,2T-Kayak,,,2T-Kayak,,,Bike And Sport Racks,DMOM1001,Wayfair Canada (English),"Freestanding 2-tier Kayak & Canoe Storage Rack With Adjustable Arms, Weather-resistant Steel Frame, 28'' H, Black",No,N/A,No,,,6,51,788,,,0.76,85.71,70,RED,YES,GREEN,Low Velocity/Non-Target,0,RED,,,,2,3.5,RED,RED,,,GREEN
May 2026,2T-Kayak,,,2T-Kayak,,,Bike And Sport Racks,DMOM1001,Wayfair US,"Freestanding 2-tier Kayak & Canoe Storage Rack With Adjustable Arms, Weather-resistant Steel Frame, 28'' H, Black",No,N/A,No,,,2,12,1642,1,0,1.78,85.71,72.73,RED,YES,GREEN,Low Velocity/Non-Target,0,RED,,,,2,3.5,RED,RED,,,GREEN
May 2026,4T-Kayak,,,4T-Kayak,,,Bike And Sport Racks,DMOM1003,Wayfair Canada (French),"Support de rangement autoportant pour kayaks et canoës à 4 niveaux avec accoudoirs réglables, structure en acier résistant aux intempéries, H 80 po, noir",No,N/A,No,,,,,,,,,85.71,70,RED,YES,GREEN,Low Velocity/Non-Target,,,,,,2,5,RED,GREEN,,,GREEN
May 2026,4T-Kayak,,,4T-Kayak,,,Bike And Sport Racks,DMOM1003,Wayfair Canada (English),"Freestanding 4-tier Kayak & Canoe Storage Rack With Adjustable Arms, Weather-resistant Steel Frame, 80'' H, Black",No,N/A,No,117.66,1,111,95,96,25,4,0.76,85.71,70,RED,YES,GREEN,Low Velocity/Non-Target,100,GREEN,,,,2,5,RED,GREEN,,,GREEN
May 2026,4T-Kayak,,,4T-Kayak,,,Bike And Sport Racks,DMOM1003,Wayfair US,"Freestanding 4-tier Kayak & Canoe Storage Rack With Adjustable Arms, Weather-resistant Steel Frame, 80'' H, Black",No,N/A,No,473.76,4,670,97,71,131,3.82,1.78,85.71,72.73,RED,YES,GREEN,Low Velocity/Non-Target,100,GREEN,,,,2,5,RED,GREEN,,,GREEN
May 2026,5T-Niudun,,,5T-Niudun,,,Bookcases,DMOM1005,Wayfair Canada (French),"Bibliothèque à 4 niveaux de 70 po en métal noir avec tablettes réglables et structure en acier robuste, grande bibliothèque industrielle pour le salon, la chambre à coucher ou le bureau",No,N/A,No,,,,,,,,,87.88,89.47,RED,YES,GREEN,Low Velocity/Non-Target,,,,,,0,,RED,,,,GREEN
May 2026,5T-Niudun,,,5T-Niudun,,,Bookcases,DMOM1005,Wayfair Canada (English),"4-tier 70''h Black Metal Bookshelf With Adjustable Shelves And Sturdy Steel Frame, Industrial Tall Bookcase For Living Room, Bedroom, Or Office",No,N/A,No,,,15,70,10000,,,1.22,87.5,89.47,RED,YES,GREEN,Low Velocity/Non-Target,59.26,RED,,,,0,,RED,,,,GREEN
May 2026,5T-Niudun,,,5T-Niudun,,,Bookcases,DMOM1005,Wayfair US,"4-tier 70''h Black Metal Bookshelf With Adjustable Shelves And Sturdy Steel Frame, Industrial Tall Bookcase For Living Room, Bedroom, Or Office",No,N/A,No,,,93,66,12773,66,0,2.24,87.5,90,RED,YES,GREEN,Low Velocity/Non-Target,59.26,RED,,,,0,,RED,,,,GREEN
May 2026,MK-WB001B,,,MK-WB001B,,,Workbenches,DMOM1006,Wayfair Canada (French),"Établi roulant réglable de 48 po avec panneau perforé et crochets de rangement, table utilitaire en métal pour garage ou atelier",No,N/A,No,,,,,,,,,80,64.71,RED,YES,GREEN,Low Velocity/Non-Target,,,,,,0,,RED,,,,GREEN
May 2026,MK-WB001B,,,MK-WB001B,,,Workbenches,DMOM1006,Wayfair Canada (English),"48'' Adjustable Rolling Workbench With Pegboard & Storage Hooks, Metal Utility Table For Garage Or Workshop",No,N/A,No,,,1,18,1170,,,0.7,80,64.71,RED,YES,GREEN,Low Velocity/Non-Target,0,RED,,,,0,,RED,,,,GREEN
May 2026,MK-WB001B,,,MK-WB001B,,,Workbenches,DMOM1006,Wayfair US,"48'' Adjustable Rolling Workbench With Pegboard & Storage Hooks, Metal Utility Table For Garage Or Workshop",No,N/A,No,,,24,44,1013,,,1.73,80,66.67,RED,YES,GREEN,Low Velocity/Non-Target,0,RED,,,,0,,RED,,,,GREEN
May 2026,YB-CW12A0720,,,YB-CW12A0720,,,Cat Cages & Playpens,DMOM1007,Wayfair Canada (French),"Catio d'extérieur de 70 po de hauteur avec roues, 3 plateformes, maisonnette et toit ensoleillé, enclos en bois gris",No,N/A,No,,,,,,,,,73.33,61.11,RED,YES,GREEN,Low Velocity/Non-Target,,,,,,0,,RED,,,,GREEN
May 2026,YB-CW12A0720,,,YB-CW12A0720,,,Cat Cages & Playpens,DMOM1007,Wayfair Canada (English),"70'' Tall Outdoor Cat Catio With Wheels, 3 Platforms, Condo House & Sunshine Roof, Grey Wood Enclosure",No,N/A,No,,,1,20,2195,,,0.64,73.33,61.11,RED,YES,GREEN,Low Velocity/Non-Target,0,RED,,,,0,,RED,,,,GREEN
May 2026,YB-CW12A0720,,,YB-CW12A0720,,,Cat Cages & Playpens,DMOM1007,Wayfair US,"70'' Tall Outdoor Cat Catio With Wheels, 3 Platforms, Condo House & Sunshine Roof, Gray Wood Enclosure",No,N/A,No,,,4,25,2936,,,1.3,73.33,56.25,RED,YES,GREEN,Low Velocity/Non-Target,0,RED,,,,0,,RED,,,,GREEN
May 2026,YB-CW12S0768,,,YB-CW12S0768,,,Cat Condos & Cat Trees,DMOM1008,Wayfair Canada (French),"Lit à griffer réversible en carton 2-en-1 avec chaise à griffes et ressort, conception courbée pour chats d'intérieur",No,N/A,No,,,,,,,,,78.26,76.92,RED,YES,GREEN,Low Velocity/Non-Target,,,,,,0,,RED,,,,GREEN
May 2026,YB-CW12S0768,,,YB-CW12S0768,,,Cat Condos & Cat Trees,DMOM1008,Wayfair Canada (English),"2-in-1 Reversible Cardboard Cat Scratcher Bed And Lounger With Catnip And Spring Toy, Curved Design For Indoor Cats",No,N/A,No,,,,,,,,0.98,78.26,76.92,RED,YES,GREEN,Low Velocity/Non-Target,0,RED,,,,0,,RED,,,,GREEN
May 2026,YB-CW12S0768,,,YB-CW12S0768,,,Cat Condos & Cat Trees,DMOM1008,Wayfair US,"2-in-1 Reversible Cardboard Cat Scratcher Bed And Lounger With Catnip And Spring Toy, Curved Design For Indoor Cats",No,N/A,No,,,7,20,6899,,,2.24,78.26,76.92,RED,YES,GREEN,Low Velocity/Non-Target,0,RED,,,,0,,RED,,,,GREEN
May 2026,YB-MSE3400003,,,YB-MSE3400003,,,Crates and Carriers,DMOM1009,Wayfair Canada (French),"Cage pour chien robuste de 54 po avec plateau amovible, toit et roues, grande cage pour chenil pour l'intérieur et l'extérieur",No,N/A,No,,,,,,,,,66.67,72.73,RED,YES,GREEN,Low Velocity/Non-Target,,,,,,0,,RED,,,,GREEN
May 2026,YB-MSE3400003,,,YB-MSE3400003,,,Crates and Carriers,DMOM1009,Wayfair Canada (English),"54'' Heavy-duty Dog Crate With Removable Tray, Roof Top & Wheels, Large Pet Kennel Cage For Indoor/outdoor Use",No,N/A,No,,,,,,,,1.16,66.67,72.73,RED,YES,GREEN,Low Velocity/Non-Target,0,RED,,,,0,,RED,,,,GREEN
May 2026,YB-MSE3400003,,,YB-MSE3400003,,,Crates and Carriers,DMOM1009,Wayfair US,"54'' Heavy-duty Dog Crate With Removable Tray, Roof Top & Wheels, Large Pet Kennel Cage For Indoor/outdoor Use",No,N/A,No,,,4,16,3872,,,1.9,62.96,75,RED,YES,GREEN,Low Velocity/Non-Target,0,RED,,,,0,,RED,,,,GREEN
May 2026,YB-CW12S0714,,,PWUC2619,,,Small Animal Cages And Habitats,IFOM4699,Wayfair Canada (French),"Cage à hamster en bois avec tunnels, enclos à gerbilles avec plateau et roues amovibles, plateau et avant ouvrable, niche pour petits animaux, souris et autres petits animaux de compagnie",No,N/A,No,,,,,,,,,73.33,26.67,RED,YES,GREEN,Low Velocity/Non-Target,,,,,,1,2,RED,RED,,,GREEN
May 2026,YB-CW12S0714,,,PWUC2619,,,Small Animal Cages And Habitats,IFOM4699,Wayfair Canada (English),"Wooden Hamster Cage with Tunnels, Gerbil Enclosure with Detachable Tray & Wheels, Openable Top and Front, Grey Small Animal Hutch for Mice, Rats, and Other Tiny Pets",No,N/A,No,,,,,,,,0.9,73.33,26.67,RED,YES,GREEN,Low Velocity/Non-Target,0,RED,,,,1,2,RED,RED,,,GREEN
May 2026,YB-CW12S0714,,,PWUC2619,,,Small Animal Cages And Habitats,IFOM4699,Wayfair US,"Wooden Hamster Cage with Tunnels, Gerbil Enclosure with Detachable Tray & Wheels, Openable Top and Front, Small Animal Hutch for Mice, Rats, and Other Tiny Pets",No,N/A,No,,,1,24,3023,4,0,1.91,73.33,25,RED,YES,GREEN,Low Velocity/Non-Target,0,RED,,,,1,2,RED,RED,,,GREEN
May 2026,YB-CW12Y0719,,,YB-CW12Y0719,,,Small Animal Cages And Habitats,DMOM1012,Wayfair Canada (French),"Cage à lapin en bois à 2 niveaux avec roulettes, plateau amovible, toit et rampe ouvrable, maisonnette pour petits lapins et cochons d'Inde, panneaux",No,N/A,No,,,,,,,,,73.33,66.67,RED,YES,GREEN,Low Velocity/Non-Target,,,,,,0,,RED,,,,GREEN
May 2026,YB-CW12Y0719,,,YB-CW12Y0719,,,Small Animal Cages And Habitats,DMOM1012,Wayfair Canada (English),"2-tier Wooden Rabbit Hutch With Wheels, Removable Tray, Openable Roof & Ramp, Small Animal House For Bunnies & Guinea Pigs, Panels",No,N/A,No,,,,,,,,0.9,73.33,66.67,RED,YES,GREEN,Low Velocity/Non-Target,0,RED,,,,0,,RED,,,,GREEN
May 2026,YB-CW12Y0719,,,YB-CW12Y0719,,,Small Animal Cages And Habitats,DMOM1012,Wayfair US,"2-tier Wooden Rabbit Hutch With Wheels, Removable Tray, Openable Roof & Ramp, Small Animal House For Bunnies & Guinea Pigs, Panels",No,N/A,No,,,3,44,2231,,,1.91,73.33,68.75,RED,YES,GREEN,Low Velocity/Non-Target,0,RED,,,,0,,RED,,,,GREEN
May 2026,YB- CW12X0718,,,YB- CW12X0718,,,Small Animal Cages And Habitats,DMOM1011,Wayfair Canada (French),"Cage à lapins d'extérieur 94,5 po avec 2 couloirs, mezzanine, plateau coulissant, toit et rampes résistants aux intempéries, panneaux 94,5 po",No,N/A,No,,,,,,,,,73.33,66.67,RED,YES,GREEN,Low Velocity/Non-Target,,,,,,0,,RED,,,,GREEN
May 2026,YB- CW12X0718,,,YB- CW12X0718,,,Small Animal Cages And Habitats,DMOM1011,Wayfair Canada (English),"94.5'' 2-storey Outdoor Rabbit Hutch With Dual Runs, Resting Loft, Pull-out Tray, Weatherproof Roof & Ramps, Panels",No,N/A,No,,,,,,,,0.9,73.33,66.67,RED,YES,GREEN,Low Velocity/Non-Target,0,RED,,,,0,,RED,,,,GREEN
May 2026,YB- CW12X0718,,,YB- CW12X0718,,,Small Animal Cages And Habitats,DMOM1011,Wayfair US,"94.5'' 2-story Outdoor Rabbit Hutch With Dual Runs, Resting Loft, Pull-out Tray, Weatherproof Roof & Ramps, Panels",No,N/A,No,,,,,,,,1.91,73.33,68.75,RED,YES,GREEN,Low Velocity/Non-Target,0,RED,,,,0,,RED,,,,GREEN
May 2026,YB-CW12H0689,,,YB-CW12H0689,,,Small Animal Cages And Habitats,DMOM1013,Wayfair Canada (French),"Poulailler en bois à 2 niveaux de 80 po avec nichoir, couloir, plateau coulissant, toit résistant aux intempéries et jardinière, poulailler",No,N/A,No,,,,,,,,,73.33,66.67,RED,YES,GREEN,Low Velocity/Non-Target,,,,,,0,,RED,,,,GREEN
May 2026,YB-CW12H0689,,,YB-CW12H0689,,,Small Animal Cages And Habitats,DMOM1013,Wayfair Canada (English),"80'' 2-tier Wooden Chicken Coop With Nesting Box, Run, Pull-out Tray, Planter & Weather-resistant Roof, Backyard Hen House",No,N/A,No,,,,,,,,0.9,73.33,66.67,RED,YES,GREEN,Low Velocity/Non-Target,0,RED,,,,0,,RED,,,,GREEN
May 2026,YB-CW12H0689,,,YB-CW12H0689,,,Small Animal Cages And Habitats,DMOM1013,Wayfair US,"80'' 2-tier Wooden Chicken Coop With Nesting Box, Run, Pull-out Tray, Planter & Weather-resistant Roof, Backyard Hen House",No,N/A,No,,,,,,,,1.91,73.33,62.5,RED,YES,GREEN,Low Velocity/Non-Target,0,RED,,,,0,,RED,,,,GREEN
May 2026,3T-B,,,3T-B,,,Aquariums & Bowls,DMOM1017,Wayfair Canada (French),Support pour aquarium / reptile ajustable à 3 niveaux 34 po,No,N/A,No,,,,,,,,,72.22,71.43,RED,YES,GREEN,Low Velocity/Non-Target,,,,,,1,4,RED,RED,,,GREEN
May 2026,3T-B,,,3T-B,,,Aquariums & Bowls,DMOM1017,Wayfair Canada (English),"34""W 20-30 Gallon Metal Fish Tank Stand - Heavy Duty 3-Tier Adjustable Aquarium/Reptile Tank Rack for Home Office",No,N/A,No,,,578,99,25,10,0,0.5,72.22,71.43,RED,YES,GREEN,Low Velocity/Non-Target,100,GREEN,,,,1,4,RED,RED,,,GREEN
May 2026,3T-B,,,3T-B,,,Aquariums & Bowls,DMOM1017,Wayfair US,"34""W 20-30 Gallon Metal Fish Tank Stand - Heavy Duty 3-Tier Adjustable Aquarium/Reptile Tank Rack for Home Office",No,N/A,No,0,0,4482,99,26,70,1.43,0.97,72.22,70,RED,YES,GREEN,Low Velocity/Non-Target,100,GREEN,,,,1,4,RED,RED,,,GREEN
May 2026,5T-dong-183-120,,,5T-dong-183-120,,,Shelving & Racks,DMOM1015,Wayfair Canada (French),"Étagère à 5 niveaux en métal robuste - capacité de 2000 lb avec panneau perforé et roues verrouillables, pour le garage / entrepôt / cuisine",No,N/A,No,,,,,,,,,75,84.21,RED,NO,RED,Low Velocity/Non-Target,,,,,,6,4.33,YELLOW,YELLOW,,,GREEN
May 2026,5T-dong-183-120,,,5T-dong-183-120,,,Shelving & Racks,DMOM1015,Wayfair Canada (English),"5-Tier Heavy Duty Metal Shelving Unit - 2000LBS Capacity with Pegboard & Lockable Wheels, for Garage/Warehouse/Kitchen",No,N/A,No,,,1,29,4144,,,1.16,75,84.21,RED,NO,RED,Low Velocity/Non-Target,0,RED,,,,6,4.33,YELLOW,YELLOW,,,GREEN
May 2026,5T-dong-183-120,,,5T-dong-183-120,,,Shelving & Racks,DMOM1015,Wayfair US,"5-Tier Heavy Duty Metal Shelving Unit - 2000LBS Capacity with Pegboard & Lockable Wheels, for Garage/Warehouse/Kitchen",No,N/A,No,,,6,28,4442,3,0,2.41,75,85,RED,NO,RED,Low Velocity/Non-Target,0,RED,,,,6,4.33,YELLOW,YELLOW,,,GREEN
May 2026,5T-dong-198-120,,,5T-dong-198-120,,,Shelving & Racks,DMOM1015,Wayfair Canada (French),"Étagère à 5 niveaux en métal robuste - capacité de 2000 lb avec panneau perforé et roues verrouillables, pour le garage / entrepôt / cuisine",No,N/A,No,,,,,,,,,75,84.21,RED,NO,RED,Low Velocity/Non-Target,,,,,,6,4.33,YELLOW,YELLOW,,,GREEN
May 2026,5T-dong-198-120,,,5T-dong-198-120,,,Shelving & Racks,DMOM1015,Wayfair Canada (English),"5-Tier Heavy Duty Metal Shelving Unit - 2000LBS Capacity with Pegboard & Lockable Wheels, for Garage/Warehouse/Kitchen",No,N/A,No,,,1,29,4144,,,1.16,75,84.21,RED,NO,RED,Low Velocity/Non-Target,0,RED,,,,6,4.33,YELLOW,YELLOW,,,GREEN
May 2026,5T-dong-198-120,,,5T-dong-198-120,,,Shelving & Racks,DMOM1015,Wayfair US,"5-Tier Heavy Duty Metal Shelving Unit - 2000LBS Capacity with Pegboard & Lockable Wheels, for Garage/Warehouse/Kitchen",No,N/A,No,,,6,28,4442,1,0,2.41,75,85,RED,NO,RED,Low Velocity/Non-Target,0,RED,,,,6,4.33,YELLOW,YELLOW,,,GREEN
May 2026,5T-wangge,,,5T-wangge,,,Shelving & Racks,DMOM1016,Wayfair Canada (French),Étagère de rangement 72 mailles 72 pouces,No,N/A,No,,,,,,,,,75,84.21,RED,YES,GREEN,Low Velocity/Non-Target,,,,,,3,4.33,RED,YELLOW,,,GREEN
May 2026,5T-wangge,,,5T-wangge,,,Shelving & Racks,DMOM1016,Wayfair Canada (English),"72""H 5-Tier Adjustable Heavy Duty Shelving Metal Mesh Storage Rack",No,N/A,No,,,10,78,1277,2,0,1.16,75,84.21,RED,YES,GREEN,Low Velocity/Non-Target,100,GREEN,,,,3,4.33,RED,YELLOW,,,GREEN
May 2026,5T-wangge,,,5T-wangge,,,Shelving & Racks,DMOM1016,Wayfair US,"72""H 5-Tier Adjustable Heavy Duty Shelving Metal Mesh Storage Rack",No,N/A,No,,,322,93,443,16,0,2.41,75,85,RED,YES,GREEN,Low Velocity/Non-Target,100,GREEN,,,,3,4.33,RED,YELLOW,,,GREEN
May 2026,3T-W,,,3T-W,,,Aquariums & Bowls,DMOM1017,Wayfair Canada (French),Support pour aquarium / reptile ajustable à 3 niveaux 34 po,No,N/A,No,,,,,,,,,72.22,71.43,RED,YES,GREEN,Low Velocity/Non-Target,,,,,,1,4,RED,RED,,,GREEN
May 2026,3T-W,,,3T-W,,,Aquariums & Bowls,DMOM1017,Wayfair Canada (English),"34""W 20-30 Gallon Metal Fish Tank Stand - Heavy Duty 3-Tier Adjustable Aquarium/Reptile Tank Rack for Home Office",No,N/A,No,,,578,99,25,60,0,0.5,72.22,71.43,RED,YES,GREEN,Low Velocity/Non-Target,100,GREEN,,,,1,4,RED,RED,,,GREEN
May 2026,3T-W,,,3T-W,,,Aquariums & Bowls,DMOM1017,Wayfair US,"34""W 20-30 Gallon Metal Fish Tank Stand - Heavy Duty 3-Tier Adjustable Aquarium/Reptile Tank Rack for Home Office",No,N/A,No,174.37,3,4482,99,26,285,1.4,0.97,72.22,70,RED,YES,GREEN,Low Velocity/Non-Target,100,GREEN,,,,1,4,RED,RED,,,GREEN
May 2026,LFC-2B,,,LFC-2B,,,Filing Cabinets,DMOM1018,Wayfair Canada (French),"Classeur latéral à 2 tiroirs, surface de rangement supplémentaire et tiroirs d'une capacité de 110 lb avec extension complète et anti-basculement",No,N/A,No,,,,,,,,,82.14,70.83,RED,YES,GREEN,Low Velocity/Non-Target,,,,,,5,4.4,YELLOW,YELLOW,,,GREEN
May 2026,LFC-2B,,,LFC-2B,,,Filing Cabinets,DMOM1018,Wayfair Canada (English),"2-Drawer Lateral Metal File Cabinet, Extra Storage Surface & 110lbs Capacity Drawers with Full Extension & Anti-Tip",No,N/A,No,,,118,92,544,6,0,2.24,82.14,70.83,RED,YES,GREEN,Low Velocity/Non-Target,100,GREEN,,,,5,4.4,YELLOW,YELLOW,,,GREEN
May 2026,LFC-2B,,,LFC-2B,,,Filing Cabinets,DMOM1018,Wayfair US,"2-Drawer Lateral File Cabinet, Extra Storage Surface & 110lbs Capacity Drawers with Full Extension & Anti-Tip",No,N/A,No,685.26,6,1721,96,319,96,2.08,3.13,82.14,70.83,RED,YES,GREEN,Low Velocity/Non-Target,100,GREEN,,,,5,4.4,YELLOW,YELLOW,,,GREEN
May 2026,LFC-2W,,,LFC-2W,,,Filing Cabinets,DMOM1018,Wayfair Canada (French),"Classeur latéral à 2 tiroirs, surface de rangement supplémentaire et tiroirs d'une capacité de 110 lb avec extension complète et anti-basculement",No,N/A,No,,,,,,,,,82.14,70.83,RED,YES,GREEN,Low Velocity/Non-Target,,,,,,5,4.4,YELLOW,YELLOW,,,GREEN
May 2026,LFC-2W,,,LFC-2W,,,Filing Cabinets,DMOM1018,Wayfair Canada (English),"2-Drawer Lateral Metal File Cabinet, Extra Storage Surface & 110lbs Capacity Drawers with Full Extension & Anti-Tip",No,N/A,No,,,118,92,544,1,0,2.24,82.14,70.83,RED,YES,GREEN,Low Velocity/Non-Target,100,GREEN,,,,5,4.4,YELLOW,YELLOW,,,GREEN
May 2026,LFC-2W,,,LFC-2W,,,Filing Cabinets,DMOM1018,Wayfair US,"2-Drawer Lateral File Cabinet, Extra Storage Surface & 110lbs Capacity Drawers with Full Extension & Anti-Tip",No,N/A,No,114.21,1,1721,96,319,43,2.33,3.13,82.14,70.83,RED,YES,GREEN,Low Velocity/Non-Target,100,GREEN,,,,5,4.4,YELLOW,YELLOW,,,GREEN
May 2026,MFC-D2-B,,,MFC-D2-B,,,Filing Cabinets,DMOM1020,Wayfair Canada (French),"Classeur mobile à 2 tiroirs avec serrure, rangement à roulettes entièrement assemblé pour dossiers légaux / lettres / A4, organiseur de bureau compact",No,N/A,No,,,,,,,,,78.57,62.5,RED,YES,GREEN,Low Velocity/Non-Target,,,,,,14,4.64,YELLOW,GREEN,,,GREEN
May 2026,MFC-D2-B,,,MFC-D2-B,,,Filing Cabinets,DMOM1020,Wayfair Canada (English),"2-Drawer Mobile File Cabinet with Lock, Fully Assembled Rolling Storage for Legal/Letter/A4 Files, Compact Metal Office Organizer",No,N/A,No,,,252,96,320,3,0,2.24,78.57,62.5,RED,YES,GREEN,Low Velocity/Non-Target,37.04,RED,,,,14,4.64,YELLOW,GREEN,,,GREEN
May 2026,MFC-D2-B,,,MFC-D2-B,,,Filing Cabinets,DMOM1020,Wayfair US,"2-Drawer Mobile File Cabinet with Lock, Fully Assembled Rolling Storage for Legal/Letter/A4 Files, Compact Office Organizer",No,N/A,No,186.12,2,4733,98,142,165,1.21,3.13,78.57,62.5,RED,YES,GREEN,Low Velocity/Non-Target,37.04,RED,,,,14,4.64,YELLOW,GREEN,,,GREEN
May 2026,MFC-D2-W,,,MFC-D2-W,,,Filing Cabinets,DMOM1020,Wayfair Canada (French),"Classeur mobile à 2 tiroirs avec serrure, rangement à roulettes entièrement assemblé pour dossiers légaux / lettres / A4, organiseur de bureau compact",No,N/A,No,,,,,,,,,78.57,62.5,RED,YES,GREEN,Low Velocity/Non-Target,,,,,,14,4.64,YELLOW,GREEN,,,GREEN
May 2026,MFC-D2-W,,,MFC-D2-W,,,Filing Cabinets,DMOM1020,Wayfair Canada (English),"2-Drawer Mobile File Cabinet with Lock, Fully Assembled Rolling Storage for Legal/Letter/A4 Files, Compact Metal Office Organizer",No,N/A,No,,,252,96,320,15,0,2.24,78.57,62.5,RED,YES,GREEN,Low Velocity/Non-Target,100,GREEN,,,,14,4.64,YELLOW,GREEN,,,GREEN
May 2026,MFC-D2-W,,,MFC-D2-W,,,Filing Cabinets,DMOM1020,Wayfair US,"2-Drawer Mobile File Cabinet with Lock, Fully Assembled Rolling Storage for Legal/Letter/A4 Files, Compact Office Organizer",No,N/A,No,465.3,5,4733,98,142,179,1.68,3.13,78.57,62.5,RED,YES,GREEN,Low Velocity/Non-Target,100,GREEN,,,,14,4.64,YELLOW,GREEN,,,GREEN
May 2026,VFC-3B,,,VFC-3B,,,Filing Cabinets,DMOM1019,Wayfair Canada (French),"Classeur vertical à 3 tiroirs, rangement robuste et écologique avec tiroirs pleine extension silencieux",No,N/A,No,,,,,,,,,78.57,62.5,RED,YES,GREEN,Low Velocity/Non-Target,,,,,,4,4.75,RED,GREEN,,,GREEN
May 2026,VFC-3B,,,VFC-3B,,,Filing Cabinets,DMOM1019,Wayfair Canada (English),"3-Drawer Vertical File Cabinet, Heavy Duty Eco-Safe Storage with Quiet Full-Extension Drawers & Wall Mount Kit",No,N/A,No,99.59,1,194,95,392,20,5,2.24,78.57,62.5,RED,YES,GREEN,Low Velocity/Non-Target,100,GREEN,,,,4,4.75,RED,GREEN,,,GREEN
May 2026,VFC-3B,,,VFC-3B,,,Filing Cabinets,DMOM1019,Wayfair US,"3-Drawer Vertical File Cabinet, Heavy Duty Eco-Safe Storage with Quiet Full-Extension Drawers & Wall Mount Kit",No,N/A,No,490.68,5,4839,98,139,154,2.6,3.13,78.57,62.5,RED,YES,GREEN,Low Velocity/Non-Target,100,GREEN,,,,4,4.75,RED,GREEN,,,GREEN
May 2026,VFC-3W,,,VFC-3W,,,Filing Cabinets,DMOM1019,Wayfair Canada (French),"Classeur vertical à 3 tiroirs, rangement robuste et écologique avec tiroirs pleine extension silencieux",No,N/A,No,,,,,,,,,78.57,62.5,RED,YES,GREEN,Low Velocity/Non-Target,,,,,,4,4.75,RED,GREEN,,,GREEN
May 2026,VFC-3W,,,VFC-3W,,,Filing Cabinets,DMOM1019,Wayfair Canada (English),"3-Drawer Vertical File Cabinet, Heavy Duty Eco-Safe Storage with Quiet Full-Extension Drawers & Wall Mount Kit",No,N/A,No,,,194,95,392,4,0,2.24,78.57,62.5,RED,YES,GREEN,Low Velocity/Non-Target,100,GREEN,,,,4,4.75,RED,GREEN,,,GREEN
May 2026,VFC-3W,,,VFC-3W,,,Filing Cabinets,DMOM1019,Wayfair US,"3-Drawer Vertical File Cabinet, Heavy Duty Eco-Safe Storage with Quiet Full-Extension Drawers & Wall Mount Kit",No,N/A,No,,,4839,98,139,59,0,3.13,78.57,62.5,RED,YES,GREEN,Low Velocity/Non-Target,100,GREEN,,,,4,4.75,RED,GREEN,,,GREEN
May 2026,MFC-D3-B,,,MFC-D3-B,,,Filing Cabinets,DMOM1022,Wayfair Canada (French),"Classeur mobile à 3 tiroirs avec serrure, rangement entièrement assemblé pour dossiers de format lettre / légal / A4",No,N/A,No,,,,,,,,,78.57,66.67,RED,YES,GREEN,Low Velocity/Non-Target,,,,,,12,4.42,YELLOW,YELLOW,,,GREEN
May 2026,MFC-D3-B,,,MFC-D3-B,,,Filing Cabinets,DMOM1022,Wayfair Canada (English),"3-Drawer Mobile File Cabinet with Lock, Fully Assembled Rolling Storage for Letter/Legal/A4 Files",No,N/A,No,,,1635,100,65,10,0,2.24,78.57,66.67,RED,YES,GREEN,Low Velocity/Non-Target,100,GREEN,,,,12,4.42,YELLOW,YELLOW,,,GREEN
May 2026,MFC-D3-B,,,MFC-D3-B,,,Filing Cabinets,DMOM1022,Wayfair US,"3-Drawer Mobile File Cabinet with Lock, Fully Assembled Rolling Storage for Letter/Legal/A4 Files",No,N/A,No,355.32,4,5170,99,134,75,2.67,3.13,78.57,66.67,RED,YES,GREEN,Low Velocity/Non-Target,100,GREEN,,,,12,4.42,YELLOW,YELLOW,,,GREEN
May 2026,MFC-D3-W,,,MFC-D3-W,,,Filing Cabinets,DMOM1022,Wayfair Canada (French),"Classeur mobile à 3 tiroirs avec serrure, rangement entièrement assemblé pour dossiers de format lettre / légal / A4",No,N/A,No,,,,,,,,,78.57,66.67,RED,YES,GREEN,Low Velocity/Non-Target,,,,,,12,4.42,YELLOW,YELLOW,,,GREEN
May 2026,MFC-D3-W,,,MFC-D3-W,,,Filing Cabinets,DMOM1022,Wayfair Canada (English),"3-Drawer Mobile File Cabinet with Lock, Fully Assembled Rolling Storage for Letter/Legal/A4 Files",No,N/A,No,,,1635,100,65,47,0,2.24,78.57,66.67,RED,YES,GREEN,Low Velocity/Non-Target,100,GREEN,,,,12,4.42,YELLOW,YELLOW,,,GREEN
May 2026,MFC-D3-W,,,MFC-D3-W,,,Filing Cabinets,DMOM1022,Wayfair US,"3-Drawer Mobile File Cabinet with Lock, Fully Assembled Rolling Storage for Letter/Legal/A4 Files",No,N/A,No,355.32,4,5170,99,134,229,0.87,3.13,78.57,66.67,RED,YES,GREEN,Low Velocity/Non-Target,100,GREEN,,,,12,4.42,YELLOW,YELLOW,,,GREEN
May 2026,VFC-4B,,,VFC-4B,,,Filing Cabinets,DMOM1023,Wayfair Canada (French),"Classeur vertical à 4 tiroirs, conception écologique de grande capacité avec tiroirs coulissants et verrou anti-basculement",No,N/A,No,,,,,,,,,82.14,70.83,RED,YES,GREEN,Low Velocity/Non-Target,,,,,,6,4.17,YELLOW,RED,,,GREEN
May 2026,VFC-4B,,,VFC-4B,,,Filing Cabinets,DMOM1023,Wayfair Canada (English),"4-Drawer Vertical  Filing Cabinet, High-Capacity Eco-Friendly Design with Smooth Gliding Drawers & Anti-Tip Lock",No,N/A,No,,,149,94,465,2,0,2.24,82.14,70.83,RED,YES,GREEN,Low Velocity/Non-Target,100,GREEN,,,,6,4.17,YELLOW,RED,,,GREEN
May 2026,VFC-4B,,,VFC-4B,,,Filing Cabinets,DMOM1023,Wayfair US,"4-Drawer Vertical  Filing Cabinet, High-Capacity Eco-Friendly Design with Smooth Gliding Drawers & Anti-Tip Lock",No,N/A,No,86.86,1,1500,95,357,67,0,3.13,82.14,70.83,RED,YES,GREEN,Low Velocity/Non-Target,100,GREEN,,,,6,4.17,YELLOW,RED,,,GREEN
May 2026,VFC-4W,,,VFC-4W,,,Filing Cabinets,DMOM1023,Wayfair Canada (French),"Classeur vertical à 4 tiroirs, conception écologique de grande capacité avec tiroirs coulissants et verrou anti-basculement",No,N/A,No,,,,,,,,,82.14,70.83,RED,YES,GREEN,Low Velocity/Non-Target,,,,,,6,4.17,YELLOW,RED,,,GREEN
May 2026,VFC-4W,,,VFC-4W,,,Filing Cabinets,DMOM1023,Wayfair Canada (English),"4-Drawer Vertical  Filing Cabinet, High-Capacity Eco-Friendly Design with Smooth Gliding Drawers & Anti-Tip Lock",No,N/A,No,,,149,94,465,2,0,2.24,82.14,70.83,RED,YES,GREEN,Low Velocity/Non-Target,100,GREEN,,,,6,4.17,YELLOW,RED,,,GREEN
May 2026,VFC-4W,,,VFC-4W,,,Filing Cabinets,DMOM1023,Wayfair US,"4-Drawer Vertical  Filing Cabinet, High-Capacity Eco-Friendly Design with Smooth Gliding Drawers & Anti-Tip Lock",No,N/A,No,,,1500,95,357,21,0,3.13,82.14,70.83,RED,YES,GREEN,Low Velocity/Non-Target,100,GREEN,,,,6,4.17,YELLOW,RED,,,GREEN
May 2026,LFC-3W,,,LFC-3W,,,Filing Cabinets,DMOM1025,Wayfair Canada (French),"Classeur latéral à 3 tiroirs, capacité de 110 lb, tiroirs silencieux à extension complète et verrouillage de sécurité intégré",No,N/A,No,,,,,,,,,82.14,70.83,RED,YES,GREEN,Low Velocity/Non-Target,,,,,,8,4.25,YELLOW,YELLOW,,,GREEN
May 2026,LFC-3W,,,LFC-3W,,,Filing Cabinets,DMOM1025,Wayfair Canada (English),"3-Drawer Lateral Filing Cabinet, 110lbs Capacity, Full-Extension Quiet Drawers & Built-in Safety Interlock",No,N/A,No,,,369,97,232,19,0,2.24,82.14,70.83,RED,YES,GREEN,Low Velocity/Non-Target,100,GREEN,,,,8,4.25,YELLOW,YELLOW,,,GREEN
May 2026,LFC-3W,,,LFC-3W,,,Filing Cabinets,DMOM1025,Wayfair US,"3-Drawer Lateral Filing Cabinet, 110lbs Capacity, Full-Extension Quiet Drawers & Built-in Safety Interlock",No,N/A,No,131.13,1,3004,97,213,201,0.5,3.13,82.14,70.83,RED,YES,GREEN,Low Velocity/Non-Target,100,GREEN,,,,8,4.25,YELLOW,YELLOW,,,GREEN
May 2026,LFC-3B,,,LFC-3B,,,Filing Cabinets,DMOM1025,Wayfair Canada (French),"Classeur latéral à 3 tiroirs, capacité de 110 lb, tiroirs silencieux à extension complète et verrouillage de sécurité intégré",No,N/A,No,,,,,,,,,82.14,70.83,RED,YES,GREEN,Low Velocity/Non-Target,,,,,,8,4.25,YELLOW,YELLOW,,,GREEN
May 2026,LFC-3B,,,LFC-3B,,,Filing Cabinets,DMOM1025,Wayfair Canada (English),"3-Drawer Lateral Filing Cabinet, 110lbs Capacity, Full-Extension Quiet Drawers & Built-in Safety Interlock",No,N/A,No,,,369,97,232,4,0,2.24,82.14,70.83,RED,YES,GREEN,Low Velocity/Non-Target,100,GREEN,,,,8,4.25,YELLOW,YELLOW,,,GREEN
May 2026,LFC-3B,,,LFC-3B,,,Filing Cabinets,DMOM1025,Wayfair US,"3-Drawer Lateral Filing Cabinet, 110lbs Capacity, Full-Extension Quiet Drawers & Built-in Safety Interlock",No,N/A,No,123.84,1,3004,97,213,56,0,3.13,82.14,70.83,RED,YES,GREEN,Low Velocity/Non-Target,100,GREEN,,,,8,4.25,YELLOW,YELLOW,,,GREEN
May 2026,LFC-2B-680,,,LFC-2B-680,,,Filing Cabinets,DMOM1021,Wayfair Canada (French),"Classeur latéral à 2 tiroirs, rangement compact et large avec capacité de 110 lb, tiroirs à pleine extension et verrou de sécurité",No,N/A,No,,,,,,,,,92.86,95.83,RED,YES,GREEN,Low Velocity/Non-Target,,,,,,9,4.44,YELLOW,YELLOW,,,GREEN
May 2026,LFC-2B-680,,,LFC-2B-680,,,Filing Cabinets,DMOM1021,Wayfair Canada (English),"2-Drawer Lateral Filing Cabinet, Compact Wide Storage with 110lbs Capacity, Full-Extension Drawers & Safety Lock",No,N/A,No,100.22,1,343,97,255,16,6.25,2.24,92.86,95.83,RED,YES,GREEN,Low Velocity/Non-Target,100,GREEN,,,,9,4.44,YELLOW,YELLOW,,,GREEN
May 2026,LFC-2B-680,,,LFC-2B-680,,,Filing Cabinets,DMOM1021,Wayfair US,"2-Drawer Lateral Filing Cabinet, Compact Wide Storage with 110lbs Capacity, Full-Extension Drawers & Safety Lock",No,N/A,No,984.56,10,6611,99,106,580,1.03,3.13,92.86,95.83,RED,YES,GREEN,Low Velocity/Non-Target,100,GREEN,,6,YELLOW,9,4.44,YELLOW,YELLOW,,,GREEN
May 2026,LFC-2W-680,,,LFC-2W-680,,,Filing Cabinets,DMOM1021,Wayfair Canada (French),"Classeur latéral à 2 tiroirs, rangement compact et large avec capacité de 110 lb, tiroirs à pleine extension et verrou de sécurité",No,N/A,No,,,,,,,,,92.86,95.83,RED,YES,GREEN,Low Velocity/Non-Target,,,,,,9,4.44,YELLOW,YELLOW,,,GREEN
May 2026,LFC-2W-680,,,LFC-2W-680,,,Filing Cabinets,DMOM1021,Wayfair Canada (English),"2-Drawer Lateral Filing Cabinet, Compact Wide Storage with 110lbs Capacity, Full-Extension Drawers & Safety Lock",No,N/A,No,,,343,97,255,3,0,2.24,92.86,95.83,RED,YES,GREEN,Low Velocity/Non-Target,37.04,RED,,,,9,4.44,YELLOW,YELLOW,,,GREEN
May 2026,LFC-2W-680,,,LFC-2W-680,,,Filing Cabinets,DMOM1021,Wayfair US,"2-Drawer Lateral Filing Cabinet, Compact Wide Storage with 110lbs Capacity, Full-Extension Drawers & Safety Lock",No,N/A,No,95.88,1,6611,99,106,129,0.78,3.13,92.86,95.83,RED,YES,GREEN,Low Velocity/Non-Target,37.04,RED,,,,9,4.44,YELLOW,YELLOW,,,GREEN
May 2026,VFC-5B,,,VFC-5B,,,Filing Cabinets,DMOM1028,Wayfair Canada (French),"Classeur vertical en métal à 5 tiroirs, capacité maximale de rangement robuste avec tiroirs à pleine extension et verrouillage de sécurité",No,N/A,No,,,,,,,,,89.29,95.83,RED,YES,GREEN,Low Velocity/Non-Target,,,,,,0,,RED,,,,GREEN
May 2026,VFC-5B,,,VFC-5B,,,Filing Cabinets,DMOM1028,Wayfair Canada (English),"5-Drawer Vertical Metal File Cabinet, Maximum Capacity Heavy Duty Storage with Full-Extension Drawers & Safety Interlock",No,N/A,No,,,26,80,1393,2,0,2.24,89.29,95.83,RED,YES,GREEN,Low Velocity/Non-Target,100,GREEN,,,,0,,RED,,,,GREEN
May 2026,VFC-5B,,,VFC-5B,,,Filing Cabinets,DMOM1028,Wayfair US,"5-Drawer Vertical Metal File Cabinet, Maximum Capacity Heavy Duty Storage with Full-Extension Drawers & Safety Interlock",No,N/A,No,,,136,73,1834,5,0,3.13,89.29,95.83,RED,YES,GREEN,Low Velocity/Non-Target,100,GREEN,,,,0,,RED,,,,GREEN
May 2026,VFC-5W,,,VFC-5W,,,Filing Cabinets,DMOM1028,Wayfair Canada (French),"Classeur vertical en métal à 5 tiroirs, capacité maximale de rangement robuste avec tiroirs à pleine extension et verrouillage de sécurité",No,N/A,No,,,,,,,,,89.29,95.83,RED,YES,GREEN,Low Velocity/Non-Target,,,,,,0,,RED,,,,GREEN
May 2026,VFC-5W,,,VFC-5W,,,Filing Cabinets,DMOM1028,Wayfair Canada (English),"5-Drawer Vertical Metal File Cabinet, Maximum Capacity Heavy Duty Storage with Full-Extension Drawers & Safety Interlock",No,N/A,No,,,26,80,1393,,,2.24,89.29,95.83,RED,YES,GREEN,Low Velocity/Non-Target,100,GREEN,,,,0,,RED,,,,GREEN
May 2026,VFC-5W,,,VFC-5W,,,Filing Cabinets,DMOM1028,Wayfair US,"5-Drawer Vertical Metal File Cabinet, Maximum Capacity Heavy Duty Storage with Full-Extension Drawers & Safety Interlock",No,N/A,No,,,136,73,1834,8,0,3.13,89.29,95.83,RED,YES,GREEN,Low Velocity/Non-Target,100,GREEN,,,,0,,RED,,,,GREEN
May 2026,LFC-4B,,,LFC-4B,,,Filing Cabinets,DMOM1027,Wayfair Canada (French),"Classeur latéral en métal à 4 tiroirs, rangement robuste à haut volume, capacité de 110 lb par tiroir avec système de verrouillage de sécurité",No,N/A,No,,,,,,,,,82.14,70.83,RED,YES,GREEN,Low Velocity/Non-Target,,,,,,4,3,RED,RED,,,GREEN
May 2026,LFC-4B,,,LFC-4B,,,Filing Cabinets,DMOM1027,Wayfair Canada (English),"4-Drawer Lateral Metal File Cabinet, High-Volume Heavy Duty Storage, 110lbs Capacity per Drawer with Safety Interlock System",No,N/A,No,,,178,94,414,3,0,2.24,82.14,70.83,RED,YES,GREEN,Low Velocity/Non-Target,100,GREEN,,,,4,3,RED,RED,,,GREEN
May 2026,LFC-4B,,,LFC-4B,,,Filing Cabinets,DMOM1027,Wayfair US,"4-Drawer Lateral Metal File Cabinet, High-Volume Heavy Duty Storage, 110lbs Capacity per Drawer with Safety Interlock System",No,N/A,No,159.8,1,1900,96,292,30,3.33,3.13,82.14,70.83,RED,YES,GREEN,Low Velocity/Non-Target,100,GREEN,,,,4,3,RED,RED,,,GREEN
May 2026,LFC-4W,,,LFC-4W,,,Filing Cabinets,DMOM1027,Wayfair Canada (French),"Classeur latéral en métal à 4 tiroirs, rangement robuste à haut volume, capacité de 110 lb par tiroir avec système de verrouillage de sécurité",No,N/A,No,,,,,,,,,82.14,70.83,RED,YES,GREEN,Low Velocity/Non-Target,,,,,,4,3,RED,RED,,,GREEN
May 2026,LFC-4W,,,LFC-4W,,,Filing Cabinets,DMOM1027,Wayfair Canada (English),"4-Drawer Lateral Metal File Cabinet, High-Volume Heavy Duty Storage, 110lbs Capacity per Drawer with Safety Interlock System",No,N/A,No,,,178,94,414,1,0,2.24,82.14,70.83,RED,YES,GREEN,Low Velocity/Non-Target,100,GREEN,,,,4,3,RED,RED,,,GREEN
May 2026,LFC-4W,,,LFC-4W,,,Filing Cabinets,DMOM1027,Wayfair US,"4-Drawer Lateral Metal File Cabinet, High-Volume Heavy Duty Storage, 110lbs Capacity per Drawer with Safety Interlock System",No,N/A,No,,,1900,96,292,23,0,3.13,82.14,70.83,RED,YES,GREEN,Low Velocity/Non-Target,100,GREEN,,,,4,3,RED,RED,,,GREEN
May 2026,VF-ZH-4B,,,VF-ZH-4B,,,Filing Cabinets,DMOM1029,Wayfair Canada (French),"Classeur vertical en métal à 4 tiroirs avec serrure et garde-robe, casier en acier pour bureau à domicile, école et chambre à coucher, noir",No,N/A,No,,,,,,,,,82.14,70.83,RED,YES,GREEN,Low Velocity/Non-Target,,,,,,6,3.33,YELLOW,RED,,,GREEN
May 2026,VF-ZH-4B,,,VF-ZH-4B,,,Filing Cabinets,DMOM1029,Wayfair Canada (English),"4-Drawer Vertical Metal Filing Cabinet with Lock & Storage Wardrobe, Steel File Locker for Home Office, School, and Bedroom, Black",No,N/A,No,153.54,1,215,95,360,41,2.44,2.24,82.14,70.83,RED,YES,GREEN,Low Velocity/Non-Target,100,GREEN,,,,6,3.33,YELLOW,RED,,,GREEN
May 2026,VF-ZH-4B,,,VF-ZH-4B,,,Filing Cabinets,DMOM1029,Wayfair US,"4-Drawer Vertical Metal Filing Cabinet with Lock & Storage Wardrobe, Steel File Locker for Home Office, School, and Bedroom, Black",No,N/A,No,156.51,1,1760,96,314,112,0,3.13,82.14,70.83,RED,YES,GREEN,Low Velocity/Non-Target,100,GREEN,,,,6,3.33,YELLOW,RED,,,GREEN
May 2026,VF-ZH-4W,,,VF-ZH-4W,,,Filing Cabinets,DMOM1029,Wayfair Canada (French),"Classeur vertical en métal à 4 tiroirs avec serrure et garde-robe, casier en acier pour bureau à domicile, école et chambre à coucher, noir",No,N/A,No,,,,,,,,,82.14,70.83,RED,YES,GREEN,Low Velocity/Non-Target,,,,,,6,3.33,YELLOW,RED,,,GREEN
May 2026,VF-ZH-4W,,,VF-ZH-4W,,,Filing Cabinets,DMOM1029,Wayfair Canada (English),"4-Drawer Vertical Metal Filing Cabinet with Lock & Storage Wardrobe, Steel File Locker for Home Office, School, and Bedroom, Black",No,N/A,No,,,215,95,360,9,0,2.24,82.14,70.83,RED,YES,GREEN,Low Velocity/Non-Target,100,GREEN,,,,6,3.33,YELLOW,RED,,,GREEN
May 2026,VF-ZH-4W,,,VF-ZH-4W,,,Filing Cabinets,DMOM1029,Wayfair US,"4-Drawer Vertical Metal Filing Cabinet with Lock & Storage Wardrobe, Steel File Locker for Home Office, School, and Bedroom, Black",No,N/A,No,,,1760,96,314,46,0,3.13,82.14,70.83,RED,YES,GREEN,Low Velocity/Non-Target,100,GREEN,,,,6,3.33,YELLOW,RED,,,GREEN
May 2026,LFC-5B,,,LFC-5B,,,Filing Cabinets,DMOM1024,Wayfair Canada (French),"Classeur latéral en métal à 5 tiroirs, capacité maximale de qualité commerciale, tiroirs de 110 lb avec extension complète et verrou anti-basculement",No,N/A,No,,,,,,,,,82.14,70.83,RED,YES,GREEN,Low Velocity/Non-Target,,,,,,0,,RED,,,,GREEN
May 2026,LFC-5B,,,LFC-5B,,,Filing Cabinets,DMOM1024,Wayfair Canada (English),"5-Drawer Lateral Metal Filing Cabinet, Commercial Grade Maximum Capacity, 110lbs Drawers with Full Extension & Anti-Tip Lock",No,N/A,No,,,24,79,1484,,,2.24,82.14,70.83,RED,YES,GREEN,Low Velocity/Non-Target,33.33,RED,,,,0,,RED,,,,GREEN
May 2026,LFC-5B,,,LFC-5B,,,Filing Cabinets,DMOM1024,Wayfair US,"5-Drawer Lateral Metal Filing Cabinet, Commercial Grade Maximum Capacity, 110lbs Drawers with Full Extension & Anti-Tip Lock",No,N/A,No,194.58,1,205,80,1390,11,9.09,3.13,82.14,70.83,RED,YES,GREEN,Low Velocity/Non-Target,33.33,RED,,,,0,,RED,,,,GREEN
May 2026,LFC-5W,,,LFC-5W,,,Filing Cabinets,DMOM1024,Wayfair Canada (French),"Classeur latéral en métal à 5 tiroirs, capacité maximale de qualité commerciale, tiroirs de 110 lb avec extension complète et verrou anti-basculement",No,N/A,No,,,,,,,,,82.14,70.83,RED,YES,GREEN,Low Velocity/Non-Target,,,,,,0,,RED,,,,GREEN
May 2026,LFC-5W,,,LFC-5W,,,Filing Cabinets,DMOM1024,Wayfair Canada (English),"5-Drawer Lateral Metal Filing Cabinet, Commercial Grade Maximum Capacity, 110lbs Drawers with Full Extension & Anti-Tip Lock",No,N/A,No,,,24,79,1484,3,0,2.24,82.14,70.83,RED,YES,GREEN,Low Velocity/Non-Target,33.33,RED,,,,0,,RED,,,,GREEN
May 2026,LFC-5W,,,LFC-5W,,,Filing Cabinets,DMOM1024,Wayfair US,"5-Drawer Lateral Metal Filing Cabinet, Commercial Grade Maximum Capacity, 110lbs Drawers with Full Extension & Anti-Tip Lock",No,N/A,No,,,205,80,1390,5,0,3.13,82.14,70.83,RED,YES,GREEN,Low Velocity/Non-Target,33.33,RED,,,,0,,RED,,,,GREEN
May 2026,VFC-2B,,,VFC-2B,,,Filing Cabinets,DMOM1026,Wayfair Canada (French),"Classeur vertical à 2 tiroirs, rangement robuste et écologique avec tiroirs pleine extension et verrou anti-basculement",No,N/A,No,,,,,,,,,82.14,70.83,RED,YES,GREEN,Low Velocity/Non-Target,,,,,,3,4.67,RED,GREEN,,,GREEN
May 2026,VFC-2B,,,VFC-2B,,,Filing Cabinets,DMOM1026,Wayfair Canada (English),"2-Drawer Vertical Metal Filing Cabinet, Eco-Friendly Heavy Duty Storage with Smooth Full-Extension Drawers & Anti-Tip Lock",No,N/A,No,,,48,87,898,,,2.24,82.14,70.83,RED,YES,GREEN,Low Velocity/Non-Target,100,GREEN,,,,3,4.67,RED,GREEN,,,GREEN
May 2026,VFC-2B,,,VFC-2B,,,Filing Cabinets,DMOM1026,Wayfair US,"2-Drawer Vertical Filing Cabinet, Eco-Friendly Heavy Duty Storage with Smooth Full-Extension Drawers & Anti-Tip Lock",No,N/A,No,,,641,91,659,16,0,3.13,82.14,70.83,RED,YES,GREEN,Low Velocity/Non-Target,100,GREEN,,,,3,4.67,RED,GREEN,,,GREEN
May 2026,VFC-2W,,,VFC-2W,,,Filing Cabinets,DMOM1026,Wayfair Canada (French),"Classeur vertical à 2 tiroirs, rangement robuste et écologique avec tiroirs pleine extension et verrou anti-basculement",No,N/A,No,,,,,,,,,82.14,70.83,RED,YES,GREEN,Low Velocity/Non-Target,,,,,,3,4.67,RED,GREEN,,,GREEN
May 2026,VFC-2W,,,VFC-2W,,,Filing Cabinets,DMOM1026,Wayfair Canada (English),"2-Drawer Vertical Metal Filing Cabinet, Eco-Friendly Heavy Duty Storage with Smooth Full-Extension Drawers & Anti-Tip Lock",No,N/A,No,,,48,87,898,,,2.24,82.14,70.83,RED,YES,GREEN,Low Velocity/Non-Target,100,GREEN,,21,RED,3,4.67,RED,GREEN,,,GREEN
May 2026,VFC-2W,,,VFC-2W,,,Filing Cabinets,DMOM1026,Wayfair US,"2-Drawer Vertical Filing Cabinet, Eco-Friendly Heavy Duty Storage with Smooth Full-Extension Drawers & Anti-Tip Lock",No,N/A,No,,,641,91,659,25,0,3.13,82.14,70.83,RED,YES,GREEN,Low Velocity/Non-Target,100,GREEN,,,,3,4.67,RED,GREEN,,,GREEN
May 2026,VFC-5W-wheel,,,VFC-5W-wheel,,,Filing Cabinets,DMOM1030,Wayfair Canada (French),"Classeur vertical à 4 tiroirs de 15,16 po, classeurs verticaux verrouillables en métal sur roulettes - Usage intensif pour la maison et le bureau, noir",No,N/A,No,,,,,,,,,82.14,45.83,RED,YES,GREEN,Low Velocity/Non-Target,,,,,,0,,RED,,,,GREEN
May 2026,VFC-5W-wheel,,,VFC-5W-wheel,,,Filing Cabinets,DMOM1030,Wayfair Canada (English),"15.16""W 4-Drawer File Cabinet, Metal Locking Vertical File Cabinets on Wheels – Heavy-Duty for Home & Office, Black",No,N/A,No,,,,,,,,2.24,82.14,45.83,RED,YES,GREEN,Low Velocity/Non-Target,0,RED,,,,0,,RED,,,,GREEN
May 2026,VFC-5W-wheel,,,VFC-5W-wheel,,,Filing Cabinets,DMOM1030,Wayfair US,"15.16""W 4-Drawer File Cabinet, Metal Locking Vertical File Cabinets on Wheels – Heavy-Duty for Home & Office, Black",No,N/A,No,,,,,,,,3.13,82.14,41.67,RED,YES,GREEN,Low Velocity/Non-Target,,,,,,0,,RED,,,,GREEN
May 2026,VFC-4W-wheel,,,VFC-4W-wheel,,,Filing Cabinets,DMOM1030,Wayfair Canada (French),"Classeur vertical à 4 tiroirs de 15,16 po, classeurs verticaux verrouillables en métal sur roulettes - Usage intensif pour la maison et le bureau, noir",No,N/A,No,,,,,,,,,82.14,45.83,RED,YES,GREEN,Low Velocity/Non-Target,,,,,,0,,RED,,,,GREEN
May 2026,VFC-4W-wheel,,,VFC-4W-wheel,,,Filing Cabinets,DMOM1030,Wayfair Canada (English),"15.16""W 4-Drawer File Cabinet, Metal Locking Vertical File Cabinets on Wheels – Heavy-Duty for Home & Office, Black",No,N/A,No,,,,,,,,2.24,82.14,45.83,RED,YES,GREEN,Low Velocity/Non-Target,0,RED,,,,0,,RED,,,,GREEN
May 2026,VFC-4W-wheel,,,VFC-4W-wheel,,,Filing Cabinets,DMOM1030,Wayfair US,"15.16""W 4-Drawer File Cabinet, Metal Locking Vertical File Cabinets on Wheels – Heavy-Duty for Home & Office, Black",No,N/A,No,,,,,,,,3.13,82.14,41.67,RED,YES,GREEN,Low Velocity/Non-Target,,,,,,0,,RED,,,,GREEN
May 2026,VFC-5B-wheel,,,VFC-5B-wheel,,,Filing Cabinets,DMOM1030,Wayfair Canada (French),"Classeur vertical à 4 tiroirs de 15,16 po, classeurs verticaux verrouillables en métal sur roulettes - Usage intensif pour la maison et le bureau, noir",No,N/A,No,,,,,,,,,82.14,45.83,RED,YES,GREEN,Low Velocity/Non-Target,,,,,,0,,RED,,,,GREEN
May 2026,VFC-5B-wheel,,,VFC-5B-wheel,,,Filing Cabinets,DMOM1030,Wayfair Canada (English),"15.16""W 4-Drawer File Cabinet, Metal Locking Vertical File Cabinets on Wheels – Heavy-Duty for Home & Office, Black",No,N/A,No,,,,,,,,2.24,82.14,45.83,RED,YES,GREEN,Low Velocity/Non-Target,0,RED,,,,0,,RED,,,,GREEN
May 2026,VFC-5B-wheel,,,VFC-5B-wheel,,,Filing Cabinets,DMOM1030,Wayfair US,"15.16""W 4-Drawer File Cabinet, Metal Locking Vertical File Cabinets on Wheels – Heavy-Duty for Home & Office, Black",No,N/A,No,,,,,,,,3.13,82.14,41.67,RED,YES,GREEN,Low Velocity/Non-Target,,,,,,0,,RED,,,,GREEN
May 2026,VFC-4B-wheel,,,VFC-4B-wheel,,,Filing Cabinets,DMOM1030,Wayfair Canada (French),"Classeur vertical à 4 tiroirs de 15,16 po, classeurs verticaux verrouillables en métal sur roulettes - Usage intensif pour la maison et le bureau, noir",No,N/A,No,,,,,,,,,82.14,45.83,RED,YES,GREEN,Low Velocity/Non-Target,,,,,,0,,RED,,,,GREEN
May 2026,VFC-4B-wheel,,,VFC-4B-wheel,,,Filing Cabinets,DMOM1030,Wayfair Canada (English),"15.16""W 4-Drawer File Cabinet, Metal Locking Vertical File Cabinets on Wheels – Heavy-Duty for Home & Office, Black",No,N/A,No,,,,,,,,2.24,82.14,45.83,RED,YES,GREEN,Low Velocity/Non-Target,0,RED,,,,0,,RED,,,,GREEN
May 2026,VFC-4B-wheel,,,VFC-4B-wheel,,,Filing Cabinets,DMOM1030,Wayfair US,"15.16""W 4-Drawer File Cabinet, Metal Locking Vertical File Cabinets on Wheels – Heavy-Duty for Home & Office, Black",No,N/A,No,,,,,,,,3.13,82.14,41.67,RED,YES,GREEN,Low Velocity/Non-Target,,,,,,0,,RED,,,,GREEN
May 2026,MFC-D01,,,MFC-D01,,,Filing Cabinets,DMOM1031,Wayfair Canada (French),"Classeur mobile à 2 tiroirs de 15,35 po de largeur, armoire de rangement entièrement en métal sur roulettes à 360 °, pour le bureau personnel, les documents importants et les fournitures - Capacité de 110 lb / tiroir, blanc et gris",No,N/A,No,,,,,,,,,82.14,45.83,RED,YES,GREEN,Low Velocity/Non-Target,,,,,,0,,RED,,,,GREEN
May 2026,MFC-D01,,,MFC-D01,,,Filing Cabinets,DMOM1031,Wayfair Canada (English),"15.35'' Wide 2-Drawer Mobile File Cabinet, All-Steel Metal Storage Cabinet on 360° Wheels, for Home Office, Important Documents & Supplies –110lbs/Drawer Capacity White and Grey",No,N/A,No,,,,,,,,2.24,82.14,45.83,RED,YES,GREEN,Low Velocity/Non-Target,0,RED,,,,0,,RED,,,,GREEN
May 2026,MFC-D01,,,MFC-D01,,,Filing Cabinets,DMOM1031,Wayfair US,"15.35'' Wide 2-Drawer Mobile File Cabinet, All-Steel Metal Storage Cabinet on 360° Wheels, for Home Office, Important Documents & Supplies –110lbs/Drawer Capacity White and Gray",No,N/A,No,,,3,10,6096,,,3.13,82.14,41.67,RED,YES,GREEN,Low Velocity/Non-Target,,,,,,0,,RED,,,,GREEN
May 2026,MFC-D02,,,MFC-D02,,,Filing Cabinets,DMOM1031,Wayfair Canada (French),"Classeur mobile à 2 tiroirs de 15,35 po de largeur, armoire de rangement entièrement en métal sur roulettes à 360 °, pour le bureau personnel, les documents importants et les fournitures - Capacité de 110 lb / tiroir, blanc et gris",No,N/A,No,,,,,,,,,82.14,45.83,RED,YES,GREEN,Low Velocity/Non-Target,,,,,,0,,RED,,,,GREEN
May 2026,MFC-D02,,,MFC-D02,,,Filing Cabinets,DMOM1031,Wayfair Canada (English),"15.35'' Wide 2-Drawer Mobile File Cabinet, All-Steel Metal Storage Cabinet on 360° Wheels, for Home Office, Important Documents & Supplies –110lbs/Drawer Capacity White and Grey",No,N/A,No,,,,,,,,2.24,82.14,45.83,RED,YES,GREEN,Low Velocity/Non-Target,0,RED,,,,0,,RED,,,,GREEN
May 2026,MFC-D02,,,MFC-D02,,,Filing Cabinets,DMOM1031,Wayfair US,"15.35'' Wide 2-Drawer Mobile File Cabinet, All-Steel Metal Storage Cabinet on 360° Wheels, for Home Office, Important Documents & Supplies –110lbs/Drawer Capacity White and Gray",No,N/A,No,,,3,10,6096,,,3.13,82.14,41.67,RED,YES,GREEN,Low Velocity/Non-Target,,,,,,0,,RED,,,,GREEN
May 2026,MFC-D03,,,MFC-D03,,,Filing Cabinets,DMOM1031,Wayfair Canada (French),"Classeur mobile à 2 tiroirs de 15,35 po de largeur, armoire de rangement entièrement en métal sur roulettes à 360 °, pour le bureau personnel, les documents importants et les fournitures - Capacité de 110 lb / tiroir, blanc et gris",No,N/A,No,,,,,,,,,82.14,45.83,RED,YES,GREEN,Low Velocity/Non-Target,,,,,,0,,RED,,,,GREEN
May 2026,MFC-D03,,,MFC-D03,,,Filing Cabinets,DMOM1031,Wayfair Canada (English),"15.35'' Wide 2-Drawer Mobile File Cabinet, All-Steel Metal Storage Cabinet on 360° Wheels, for Home Office, Important Documents & Supplies –110lbs/Drawer Capacity White and Grey",No,N/A,No,,,,,,,,2.24,82.14,45.83,RED,YES,GREEN,Low Velocity/Non-Target,0,RED,,,,0,,RED,,,,GREEN
May 2026,MFC-D03,,,MFC-D03,,,Filing Cabinets,DMOM1031,Wayfair US,"15.35'' Wide 2-Drawer Mobile File Cabinet, All-Steel Metal Storage Cabinet on 360° Wheels, for Home Office, Important Documents & Supplies –110lbs/Drawer Capacity White and Gray",No,N/A,No,,,3,10,6096,,,3.13,82.14,41.67,RED,YES,GREEN,Low Velocity/Non-Target,,,,,,0,,RED,,,,GREEN
May 2026,MFC-D04,,,MFC-D04,,,Filing Cabinets,DMOM1031,Wayfair Canada (French),"Classeur mobile à 2 tiroirs de 15,35 po de largeur, armoire de rangement entièrement en métal sur roulettes à 360 °, pour le bureau personnel, les documents importants et les fournitures - Capacité de 110 lb / tiroir, blanc et gris",No,N/A,No,,,,,,,,,82.14,45.83,RED,YES,GREEN,Low Velocity/Non-Target,,,,,,0,,RED,,,,GREEN
May 2026,MFC-D04,,,MFC-D04,,,Filing Cabinets,DMOM1031,Wayfair Canada (English),"15.35'' Wide 2-Drawer Mobile File Cabinet, All-Steel Metal Storage Cabinet on 360° Wheels, for Home Office, Important Documents & Supplies –110lbs/Drawer Capacity White and Grey",No,N/A,No,,,,,,,,2.24,82.14,45.83,RED,YES,GREEN,Low Velocity/Non-Target,0,RED,,,,0,,RED,,,,GREEN
May 2026,MFC-D04,,,MFC-D04,,,Filing Cabinets,DMOM1031,Wayfair US,"15.35'' Wide 2-Drawer Mobile File Cabinet, All-Steel Metal Storage Cabinet on 360° Wheels, for Home Office, Important Documents & Supplies –110lbs/Drawer Capacity White and Gray",No,N/A,No,,,3,10,6096,,,3.13,82.14,41.67,RED,YES,GREEN,Low Velocity/Non-Target,,,,,,0,,RED,,,,GREEN
May 2026,CT-02,,,CT-02,,,Coffee & Cocktail Tables,DMOM1037,Wayfair Canada (French),"Table basse à plateau rabattable avec rangement Farmhouse - Table en grain de bois rustique de 31,5 po, compartiment de rangement caché pour le salon, structure en métal robuste - facile à assembler et à nettoyer",No,N/A,No,,,,,,,,,88.89,100,RED,YES,GREEN,Low Velocity/Non-Target,,,,,,0,,RED,,,,GREEN
May 2026,CT-02,,,CT-02,,,Coffee & Cocktail Tables,DMOM1037,Wayfair Canada (English),"Farmhouse Flip Top Coffee Table With Storage – 31.5"" Rustic Wood Grain Table, Hidden Storage Compartment For Living Room, Sturdy Metal Frame – Easy To Assemble & Clean",No,N/A,No,,,2,30,71291,,,0.84,88.89,100,RED,YES,GREEN,Low Velocity/Non-Target,100,GREEN,,,,0,,RED,,,,GREEN
May 2026,CT-02,,,CT-02,,,Coffee & Cocktail Tables,DMOM1037,Wayfair US,"Farmhouse Flip Top Coffee Table With Storage – 31.5"" Rustic Wood Grain Table, Hidden Storage Compartment For Living Room, Sturdy Metal Frame – Easy To Assemble & Clean",No,N/A,No,,,26,59,59213,,,1.53,88.89,100,RED,YES,GREEN,Low Velocity/Non-Target,100,GREEN,,,,0,,RED,,,,GREEN
May 2026,PT01-WH,,,PT01-WH,,,Pantry Cabinets,DMOM1038,Wayfair Canada (French),"Rangement réglable pour garde-manger de 61 po en métal blanc de 61 po avec 4 tablettes (capacité de 110 lb), organisateur de garde-manger autoportant robuste pour la cuisine, le garde-manger et le salon",No,N/A,No,,,,,,,,,79.17,61.11,RED,YES,GREEN,Low Velocity/Non-Target,,,,,,0,,RED,,,,GREEN
May 2026,PT01-WH,,,PT01-WH,,,Pantry Cabinets,DMOM1038,Wayfair Canada (English),"61"" White Metal Kitchen Pantry Cabinet Adjustable Storage With 4 Shelves (110Lb Capacity), Heavy Duty Freestanding Pantry Organizer For Kitchen, Pantry, Living Room",No,N/A,No,,,9,64,5078,,,0.92,79.17,61.11,RED,YES,GREEN,Low Velocity/Non-Target,100,GREEN,,,,0,,RED,,,,GREEN
May 2026,PT01-WH,,,PT01-WH,,,Pantry Cabinets,DMOM1038,Wayfair US,"61"" White Metal Kitchen Pantry Cabinet Adjustable Storage With 4 Shelves (110Lb Capacity), Heavy Duty Freestanding Pantry Organizer For Kitchen, Pantry, Living Room",No,N/A,No,,,33,56,7907,,,1.51,79.17,63.16,RED,YES,GREEN,Low Velocity/Non-Target,100,GREEN,,,,0,,RED,,,,GREEN
May 2026,PT02-WH,,,PT02-WH,,,Pantry Cabinets,DMOM1039,Wayfair Canada (French),"Armoire de cuisine en métal - 72 po de hauteur avec tablettes réglables (blanc), structure en acier inoxydable robuste, armoire autoportante pour cuisine / garde-manger / salle de bain",No,N/A,No,,,,,,,,,91.67,94.44,RED,YES,GREEN,Low Velocity/Non-Target,,,,,,0,,RED,,,,GREEN
May 2026,PT02-WH,,,PT02-WH,,,Pantry Cabinets,DMOM1039,Wayfair Canada (English),"Metal Kitchen Pantry Cabinet - 72"" Tall Storage With Adjustable Shelves (white), Heavy Duty Stainless Steel Frame, Freestanding Cabinet For Kitchen/pantry/bathroom",No,N/A,No,,,20,79,2996,,,0.92,91.67,94.44,RED,YES,GREEN,Low Velocity/Non-Target,100,GREEN,,,,0,,RED,,,,GREEN
May 2026,PT02-WH,,,PT02-WH,,,Pantry Cabinets,DMOM1039,Wayfair US,"Metal Kitchen Pantry Cabinet - 72"" Tall Storage With Adjustable Shelves (white), Heavy Duty Stainless Steel Frame, Freestanding Cabinet For Kitchen/pantry/bathroom",No,N/A,No,,,163,84,2986,2,0,1.51,91.67,94.74,RED,YES,GREEN,Low Velocity/Non-Target,100,GREEN,,,,0,,RED,,,,GREEN
May 2026,CT-01,,,CT-01,,,Coffee & Cocktail Tables,DMOM1040,Wayfair Canada (French),"Table basse à plateau relevable Farmhouse avec rangement - table de salon à hauteur réglable de 31,5 po, centre multifonctionnel pour la famille avec compartiment caché et 3 tablettes (capacité de 110 lb, facile à nettoyer)",No,N/A,No,,,,,,,,,77.78,73.33,RED,YES,GREEN,Low Velocity/Non-Target,,,,,,0,,RED,,,,GREEN
May 2026,CT-01,,,CT-01,,,Coffee & Cocktail Tables,DMOM1040,Wayfair Canada (English),"Farmhouse Lift Top Coffee Table With Storage - 31.5"" Adjustable Height Living Room Table, Multifunctional Centre For Family With Hidden Compartment & 3 Shelves(110lbs Capacity, Easy To Clean)",No,N/A,No,,,,,,,,0.84,77.78,73.33,RED,YES,GREEN,Low Velocity/Non-Target,100,GREEN,,,,0,,RED,,,,GREEN
May 2026,CT-01,,,CT-01,,,Coffee & Cocktail Tables,DMOM1040,Wayfair US,"Farmhouse Lift Top Coffee Table With Storage - 31.5"" Adjustable Height Living Room Table, Multifunctional Center For Family With Hidden Compartment & 3 Shelves(110lbs Capacity, Easy To Clean)",No,N/A,No,,,43,68,45406,,,1.53,77.78,75,RED,YES,GREEN,Low Velocity/Non-Target,100,GREEN,,,,0,,RED,,,,GREEN
May 2026,CT-3ps,,,CT-3ps,,,Coffee & Cocktail Tables,DMOM1041,Wayfair Canada (French),"Ensemble de table basse 3 pièces, surface en verre trempé avec structure en métal robuste - Ensembles de salon modernes (1 table basse + 2 tables de bout), résistants aux égratignures et faciles à nettoyer pour les petits espaces, les appartements ",No,N/A,No,,,,,,,,,80.56,86.67,RED,YES,GREEN,Low Velocity/Non-Target,,,,,,0,,RED,,,,GREEN
May 2026,CT-3ps,,,CT-3ps,,,Coffee & Cocktail Tables,DMOM1041,Wayfair Canada (English),"3-piece Coffee Table Set, Tempered Glass Surface With Sturdy Metal Frame - Modern Living Room Sets (1 Coffee Table + 2 End Tables), Scratch-resistant & Easy To Clean For Small Spaces, Apartments ",No,N/A,No,,,6,54,47416,,,0.84,80.56,86.67,RED,YES,GREEN,Low Velocity/Non-Target,100,GREEN,,,,0,,RED,,,,GREEN
May 2026,CT-3ps,,,CT-3ps,,,Coffee & Cocktail Tables,DMOM1041,Wayfair US,"3-piece Coffee Table Set, Tempered Glass Surface With Sturdy Metal Frame - Modern Living Room Sets (1 Coffee Table + 2 End Tables), Scratch-resistant & Easy To Clean For Small Spaces, Apartments ",No,N/A,No,,,64,75,35620,5,0,1.53,80.56,87.5,RED,YES,GREEN,Low Velocity/Non-Target,100,GREEN,,,,0,,RED,,,,GREEN
May 2026,PT03-WH,,,PT03-WH,,,Pantry Cabinets,DMOM1042,Wayfair Canada (French),"Armoire de cuisine en métal - 72 po de hauteur avec 5 tablettes réglables, armoire autoportante blanche pour cuisine / garde-manger / salle de bain",No,N/A,No,,,,,,,,,79.17,66.67,RED,NO,RED,Low Velocity/Non-Target,,,,,,0,,RED,,,,GREEN
May 2026,PT03-WH,,,PT03-WH,,,Pantry Cabinets,DMOM1042,Wayfair Canada (English),"Metal Kitchen Pantry Cabinet - 72"" Tall Storage With 5 Adjustable Shelves, White Freestanding Cabinet For Kitchen/pantry/bathroom",No,N/A,No,,,8,62,5457,,,0.92,79.17,66.67,RED,NO,RED,Low Velocity/Non-Target,100,GREEN,,,,0,,RED,,,,GREEN
May 2026,PT03-WH,,,PT03-WH,,,Pantry Cabinets,DMOM1042,Wayfair US,"Metal Kitchen Pantry Cabinet - 72"" Tall Storage With 5 Adjustable Shelves, White Freestanding Cabinet For Kitchen/pantry/bathroom",No,N/A,No,,,3734,98,388,58,0,1.51,79.17,68.42,RED,NO,RED,Low Velocity/Non-Target,100,GREEN,,,,0,,RED,,,,GREEN
May 2026,PT04-WH,,,PT04-WH,,,Pantry Cabinets,DMOM1043,Wayfair Canada (French),"Armoire garde-manger blanche 72 po avec 2 tiroirs, armoire de rangement autoportante avec tablettes réglables, rangement robuste pour épices, vaisselle, petits électroménagers de cuisine, garde-manger, salle à manger",No,N/A,No,,,,,,,,,79.17,66.67,RED,YES,GREEN,Low Velocity/Non-Target,,,,,,0,,RED,,,,GREEN
May 2026,PT04-WH,,,PT04-WH,,,Pantry Cabinets,DMOM1043,Wayfair Canada (English),"72 Inch White Pantry Cabinet With 2 Drawers, Freestanding Kitchen Storage Cabinet With Adjustable Shelves, Heavy-duty Organizer For Spices, Dishware, Small Appliances In Kitchen, Pantry, Dining Room",No,N/A,No,,,,,,,,0.92,79.17,66.67,RED,YES,GREEN,Low Velocity/Non-Target,100,GREEN,,,,0,,RED,,,,GREEN
May 2026,PT04-WH,,,PT04-WH,,,Pantry Cabinets,DMOM1043,Wayfair US,"72 Inch White Pantry Cabinet With 2 Drawers, Freestanding Kitchen Storage Cabinet With Adjustable Shelves, Heavy-duty Organizer For Spices, Dishware, Small Appliances In Kitchen, Pantry, Dining Room",No,N/A,No,,,,,,1,0,1.51,79.17,68.42,RED,YES,GREEN,Low Velocity/Non-Target,100,GREEN,,,,0,,RED,,,,GREEN
May 2026,PT05-WH,,,PT05-WH,,,Sideboards & Buffets,DMOM1044,Wayfair Canada (French),"Garde-manger 34,6 po en métal blanc avec tablettes réglables - Organisateur de rangement de cuisine autoportant avec poignées à prise facile, assemblage requis, idéal pour la cuisine, la salle à manger, l’appartement",No,N/A,No,,,,,,,,,80.77,72.73,RED,YES,GREEN,Low Velocity/Non-Target,,,,,,0,,RED,,,,GREEN
May 2026,PT05-WH,,,PT05-WH,,,Sideboards & Buffets,DMOM1044,Wayfair Canada (English),"34.6"" White Metal Pantry Cabinet With Adjustable Shelves - Freestanding Kitchen Storage Organizer With Easy-grip Handles, Assembly Required, Ideal For Kitchen, Dining Room, Apartment",No,N/A,No,,,2,29,36394,,,0.91,80,72.73,RED,YES,GREEN,Low Velocity/Non-Target,100,GREEN,,,,0,,RED,,,,GREEN
May 2026,PT05-WH,,,PT05-WH,,,Sideboards & Buffets,DMOM1044,Wayfair US,"34.6"" White Metal Pantry Cabinet With Adjustable Shelves - Freestanding Kitchen Storage Organizer With Easy-grip Handles, Assembly Required, Ideal For Kitchen, Dining Room, Apartment",No,N/A,No,,,5,18,54095,,,1.2,80,72.73,RED,YES,GREEN,Low Velocity/Non-Target,100,GREEN,,,,0,,RED,,,,GREEN
May 2026,6D-locker,,,6D-locker,,,Lockers,DMOM1045,Wayfair Canada (French),"Casier de rangement pour employés à 6 portes, casiers en métal pour le bureau, la salle de sport, l'école et la maison avec fente pour carte",No,N/A,No,,,,,,,,,0,0,RED,YES,GREEN,Low Velocity/Non-Target,,,,,,0,,RED,,,,GREEN
May 2026,6D-locker,,,6D-locker,,,Lockers,DMOM1045,Wayfair Canada (English),"6-door Employee Storage Locker, Metal Lockers For Office, Gym, School, And Homewith Card Slot",No,N/A,No,,,2,28,652,,,1.87,0,0,RED,YES,GREEN,Low Velocity/Non-Target,100,GREEN,,,,0,,RED,,,,GREEN
May 2026,9D-locker,,,9D-locker,,,Lockers,DMOM1046,Wayfair Canada (French),"Casier de rangement pour employés 9 portes, casiers en métal pour le bureau, la salle de sport, l'école et la maison avec fente pour carte ",No,N/A,No,,,,,,,,,50,50,RED,YES,GREEN,Low Velocity/Non-Target,,,,,,0,,RED,,,,GREEN
May 2026,9D-locker,,,9D-locker,,,Lockers,DMOM1046,Wayfair US,"9-door Employee Storage Locker, Metal Lockers For Office, Gym, School, And Homewith Card Slot ",No,N/A,No,,,,,,,,1.64,50,53.85,RED,YES,GREEN,Low Velocity/Non-Target,,,,,,0,,RED,,,,GREEN
May 2026,9D-locker,,,9D-locker,,,Lockers,DMOM1046,Wayfair Canada (English),"9-door Employee Storage Locker, Metal Lockers For Office, Gym, School, And Homewith Card Slot ",No,N/A,No,,,1,18,741,,,1.87,50,50,RED,YES,GREEN,Low Velocity/Non-Target,100,GREEN,,,,0,,RED,,,,GREEN
May 2026,W3D-G-locker,,,W3D-G-locker,,,Lockers,DMOM1047,Wayfair Canada (French),"3 casiers en métal de 72 po avec verrou pour les employés, armoire de rangement pour le garage à domicile",No,N/A,No,,,,,,,,,0,0,RED,YES,GREEN,Low Velocity/Non-Target,,,,,,0,,RED,,,,GREEN
May 2026,W3D-G-locker,,,W3D-G-locker,,,Lockers,DMOM1047,Wayfair US,"3 Door 72""h Metal Lockers With Lock For Employees,storage Locker Cabinet For Home Gym Office School Garage",No,N/A,No,,,,,,,,1.64,0,0,RED,YES,GREEN,Low Velocity/Non-Target,100,GREEN,,,,0,,RED,,,,GREEN
May 2026,W3D-G-locker,,,W3D-G-locker,,,Lockers,DMOM1047,Wayfair Canada (English),"3 Door 72""h Metal Lockers With Lock For Employees,storage Locker Cabinet For Home Gym Office School Garage",No,N/A,No,,,,,,,,1.87,0,0,RED,YES,GREEN,Low Velocity/Non-Target,100,GREEN,,,,0,,RED,,,,GREEN
May 2026,W9D-G-locker,,,W9D-G-locker,,,Lockers,DMOM1048,Wayfair Canada (French),"Armoire-vestiaire en métal à 9 portes de 72 po avec serrure pour employés, école, bureau, salle de sport, chambre à coucher, armoire de rangement",No,N/A,No,,,,,,,,,53.33,41.67,RED,YES,GREEN,Low Velocity/Non-Target,,,,,,0,,RED,,,,GREEN
May 2026,W9D-G-locker,,,W9D-G-locker,,,Lockers,DMOM1048,Wayfair US,"9 Door 72""h Metal Lockers With Lock For Employees,school,office,gym,bedroom,storage Locker Cabinet",No,N/A,No,,,,,,,,1.64,53.33,46.15,RED,YES,GREEN,Low Velocity/Non-Target,100,GREEN,,,,0,,RED,,,,GREEN
May 2026,W9D-G-locker,,,W9D-G-locker,,,Lockers,DMOM1048,Wayfair Canada (English),"9 Door 72""h Metal Lockers With Lock For Employees,school,office,gym,bedroom,storage Locker Cabinet",No,N/A,No,,,,,,,,1.87,53.33,41.67,RED,YES,GREEN,Low Velocity/Non-Target,100,GREEN,,,,0,,RED,,,,GREEN
May 2026,W6D-G-locker,,,W6D-G-locker,,,Lockers,DMOM1049,Wayfair Canada (French),"6 casiers en métal de 72 po h avec serrure pour les employés, armoire de rangement pour garage à domicile",No,N/A,No,,,,,,,,,53.33,41.67,RED,YES,GREEN,Low Velocity/Non-Target,,,,,,0,,RED,,,,GREEN
May 2026,W6D-G-locker,,,W6D-G-locker,,,Lockers,DMOM1049,Wayfair US,"6 Door 72""h Metal Lockers With Lock For Employees,storage Locker Cabinet For Home Gym Office School Garage",No,N/A,No,,,,,,,,1.64,53.33,46.15,RED,YES,GREEN,Low Velocity/Non-Target,100,GREEN,,,,0,,RED,,,,GREEN
May 2026,W6D-G-locker,,,W6D-G-locker,,,Lockers,DMOM1049,Wayfair Canada (English),"6 Door 72""h Metal Lockers With Lock For Employees,storage Locker Cabinet For Home Gym Office School Garage",No,N/A,No,,,,,,,,1.87,53.33,41.67,RED,YES,GREEN,Low Velocity/Non-Target,100,GREEN,,,,0,,RED,,,,GREEN
May 2026,LFC-4B-400,,,LFC-4B-400,,,Filing Cabinets,DMOM1054,Wayfair Canada (French),Classeur latéral en métal à 4 tiroirs verrouillables - Robuste,No,N/A,No,,,,,,,,,82.14,4.17,RED,YES,GREEN,Low Velocity/Non-Target,,,,,,0,,RED,,,,GREEN
May 2026,LFC-4B-400,,,LFC-4B-400,,,Filing Cabinets,DMOM1054,Wayfair Canada (English),4-Drawer Locking Metal Lateral File Cabinet - Heavy-Duty,No,N/A,No,,,,,,,,2.24,82.14,4.17,RED,YES,GREEN,Low Velocity/Non-Target,0,RED,,,,0,,RED,,,,GREEN
May 2026,LFC-4B-400,,,LFC-4B-400,,,Filing Cabinets,DMOM1054,Wayfair US,4-Drawer Locking Metal Lateral File Cabinet - Heavy-Duty,No,N/A,No,,,10,24,5160,,,3.13,82.14,4.17,RED,YES,GREEN,Low Velocity/Non-Target,0,RED,,,,0,,RED,,,,GREEN
May 2026,LFC-4W-400,,,LFC-4W-400,,,Filing Cabinets,DMOM1053,Wayfair Canada (French),Classeur latéral en métal à 4 tiroirs verrouillables - Robuste,No,N/A,No,,,,,,,,,82.14,4.17,RED,YES,GREEN,Low Velocity/Non-Target,,,,,,0,,RED,,,,GREEN
May 2026,LFC-4W-400,,,LFC-4W-400,,,Filing Cabinets,DMOM1053,Wayfair Canada (English),4-Drawer Locking Metal Lateral File Cabinet - Heavy-Duty,No,N/A,No,,,,,,,,2.24,82.14,4.17,RED,YES,GREEN,Low Velocity/Non-Target,0,RED,,,,0,,RED,,,,GREEN
May 2026,LFC-4W-400,,,LFC-4W-400,,,Filing Cabinets,DMOM1053,Wayfair US,4-Drawer Locking Metal Lateral File Cabinet - Heavy-Duty,No,N/A,No,,,8,20,5377,,,3.13,82.14,4.17,RED,YES,GREEN,Low Velocity/Non-Target,0,RED,,,,0,,RED,,,,GREEN
May 2026,MFC-D3W,,,MFC-D3W,,,Filing Cabinets,DMOM1055,Wayfair Canada (French),"Classeur vertical mobile en métal 14 tiroirs 14,69 po",No,N/A,No,,,,,,,,,82.14,8.33,RED,NO,RED,Low Velocity/Non-Target,,,,,,0,,RED,,,,GREEN
May 2026,MFC-D3W,,,MFC-D3W,,,Filing Cabinets,DMOM1055,Wayfair Canada (English),14.69'' W Metal 3-Drawer Vertical Mobile File Cabinet,No,N/A,No,,,,,,,,2.24,82.14,8.33,RED,NO,RED,Low Velocity/Non-Target,,,,,,0,,RED,,,,GREEN
May 2026,MFC-D3W,,,MFC-D3W,,,Filing Cabinets,DMOM1055,Wayfair US,14.69'' W Metal 3-Drawer Vertical Mobile File Cabinet,No,N/A,No,,,,,,,,3.13,82.14,8.33,RED,NO,RED,Low Velocity/Non-Target,,,,,,0,,RED,,,,GREEN
May 2026,MFC-D2B,,,MFC-D2B,,,Filing Cabinets,DMOM1056,Wayfair Canada (French),"Classeur vertical mobile 14 tiroirs l 14,69 po",No,N/A,No,,,,,,,,,82.14,8.33,RED,NO,RED,Low Velocity/Non-Target,,,,,,0,,RED,,,,GREEN
May 2026,MFC-D2B,,,MFC-D2B,,,Filing Cabinets,DMOM1056,Wayfair Canada (English),14.69'' W Metal 2-Drawer Vertical Mobile File Cabinet,No,N/A,No,,,,,,,,2.24,82.14,8.33,RED,NO,RED,Low Velocity/Non-Target,,,,,,0,,RED,,,,GREEN
May 2026,MFC-D2B,,,MFC-D2B,,,Filing Cabinets,DMOM1056,Wayfair US,14.69'' W Metal 2-Drawer Vertical Mobile File Cabinet,No,N/A,No,,,,,,,,3.13,82.14,8.33,RED,NO,RED,Low Velocity/Non-Target,,,,,,0,,RED,,,,GREEN
May 2026,MFC-D3B,,,MFC-D3B,,,Filing Cabinets,DMOM1055,Wayfair Canada (French),"Classeur vertical mobile en métal 14 tiroirs 14,69 po",No,N/A,No,,,,,,,,,82.14,8.33,RED,NO,RED,Low Velocity/Non-Target,,,,,,0,,RED,,,,GREEN
May 2026,MFC-D3B,,,MFC-D3B,,,Filing Cabinets,DMOM1055,Wayfair Canada (English),14.69'' W Metal 3-Drawer Vertical Mobile File Cabinet,No,N/A,No,,,,,,,,2.24,82.14,8.33,RED,NO,RED,Low Velocity/Non-Target,,,,,,0,,RED,,,,GREEN
May 2026,MFC-D3B,,,MFC-D3B,,,Filing Cabinets,DMOM1055,Wayfair US,14.69'' W Metal 3-Drawer Vertical Mobile File Cabinet,No,N/A,No,,,,,,,,3.13,82.14,8.33,RED,NO,RED,Low Velocity/Non-Target,,,,,,0,,RED,,,,GREEN
May 2026,MFC-D2W,,,MFC-D2W,,,Filing Cabinets,DMOM1056,Wayfair Canada (French),"Classeur vertical mobile 14 tiroirs l 14,69 po",No,N/A,No,,,,,,,,,82.14,8.33,RED,NO,RED,Low Velocity/Non-Target,,,,,,0,,RED,,,,GREEN
May 2026,MFC-D2W,,,MFC-D2W,,,Filing Cabinets,DMOM1056,Wayfair Canada (English),14.69'' W Metal 2-Drawer Vertical Mobile File Cabinet,No,N/A,No,,,,,,,,2.24,82.14,8.33,RED,NO,RED,Low Velocity/Non-Target,,,,,,0,,RED,,,,GREEN
May 2026,MFC-D2W,,,MFC-D2W,,,Filing Cabinets,DMOM1056,Wayfair US,14.69'' W Metal 2-Drawer Vertical Mobile File Cabinet,No,N/A,No,,,,,,,,3.13,82.14,8.33,RED,NO,RED,Low Velocity/Non-Target,,,,,,0,,RED,,,,GREEN
May 2026,TOOL-A06,,,TOOL-A06,,,Garage Storage Cabinets,DMOM1068,Wayfair Canada (French),"Armoire de rangement en métal avec serrure pour garage / atelier / buanderie, assemblage facile",No,N/A,No,,,,,,,,,91.67,10.53,RED,YES,GREEN,Low Velocity/Non-Target,,,,,,0,,RED,,,,GREEN
May 2026,TOOL-A06,,,TOOL-A06,,,Garage Storage Cabinets,DMOM1068,Wayfair Canada (English),"Metal Storage Cabinet with Lock for Garage/Workshop/Utility Room, Easy Assembly",No,N/A,No,,,,,,,,0.99,91.67,10.53,RED,YES,GREEN,Low Velocity/Non-Target,0,RED,,,,0,,RED,,,,GREEN
May 2026,TOOL-A06,,,TOOL-A06,,,Garage Storage Cabinets,DMOM1068,Wayfair US,"Metal Storage Cabinet with Lock for Garage/Workshop/Utility Room, Easy Assembly",No,N/A,No,,,,,,,,2,91.67,10.53,RED,YES,GREEN,Low Velocity/Non-Target,0,RED,,,,0,,RED,,,,GREEN
May 2026,TOOL-B05,,,TOOL-B05,,,Garage Storage Cabinets,DMOM1067,Wayfair Canada (French),"Armoire de rangement en métal avec serrure pour garage / atelier / buanderie, assemblage facile",No,N/A,No,,,,,,,,,91.67,10.53,RED,YES,GREEN,Low Velocity/Non-Target,,,,,,0,,RED,,,,GREEN
May 2026,TOOL-B05,,,TOOL-B05,,,Garage Storage Cabinets,DMOM1067,Wayfair Canada (English),"Metal Storage Cabinet with Lock for Garage/Workshop/Utility Room, Easy Assembly",No,N/A,No,,,,,,,,0.99,91.67,10.53,RED,YES,GREEN,Low Velocity/Non-Target,0,RED,,,,0,,RED,,,,GREEN
May 2026,TOOL-B05,,,TOOL-B05,,,Garage Storage Cabinets,DMOM1067,Wayfair US,"Metal Storage Cabinet with Lock for Garage/Workshop/Utility Room, Easy Assembly",No,N/A,No,,,,,,,,2,91.67,10.53,RED,YES,GREEN,Low Velocity/Non-Target,0,RED,,,,0,,RED,,,,GREEN
May 2026,TOOL-B04,,,TOOL-B04,,,Garage Storage Cabinets,DMOM1069,Wayfair Canada (French),"Armoire de rangement en métal avec serrure pour garage / atelier / buanderie, assemblage facile",No,N/A,No,,,,,,,,,0,0,RED,YES,GREEN,Low Velocity/Non-Target,,,,,,0,,RED,,,,GREEN
May 2026,TOOL-B04,,,TOOL-B04,,,Garage Storage Cabinets,DMOM1069,Wayfair Canada (English),"Metal Storage Cabinet with Lock for Garage/Workshop/Utility Room, Easy Assembly",No,N/A,No,,,,,,,,0.99,0,0,RED,YES,GREEN,Low Velocity/Non-Target,0,RED,,,,0,,RED,,,,GREEN
May 2026,TOOL-B04,,,TOOL-B04,,,Garage Storage Cabinets,DMOM1069,Wayfair US,"Metal Storage Cabinet with Lock for Garage/Workshop/Utility Room, Easy Assembly",No,N/A,No,,,,,,,,2,0,0,RED,YES,GREEN,Low Velocity/Non-Target,0,RED,,,,0,,RED,,,,GREEN
May 2026,TOOL-B07,,,TOOL-B07,,,Garage Storage Cabinets,DMOM1074,Wayfair Canada (French),"Armoire de rangement en métal avec serrure pour garage / atelier / buanderie, assemblage facile",No,N/A,No,,,,,,,,,91.67,10.53,RED,YES,GREEN,Low Velocity/Non-Target,,,,,,0,,RED,,,,GREEN
May 2026,TOOL-B07,,,TOOL-B07,,,Garage Storage Cabinets,DMOM1074,Wayfair Canada (English),"Metal Storage Cabinet with Lock for Garage/Workshop/Utility Room, Easy Assembly",No,N/A,No,,,,,,,,0.99,91.67,10.53,RED,YES,GREEN,Low Velocity/Non-Target,0,RED,,,,0,,RED,,,,GREEN
May 2026,TOOL-B07,,,TOOL-B07,,,Garage Storage Cabinets,DMOM1074,Wayfair US,"Metal Storage Cabinet with Lock for Garage/Workshop/Utility Room, Easy Assembly",No,N/A,No,,,,,,,,2,91.67,10.53,RED,YES,GREEN,Low Velocity/Non-Target,0,RED,,,,0,,RED,,,,GREEN
May 2026,TOOL-A02,,,TOOL-A02,,,Garage Storage Cabinets,DMOM1070,Wayfair Canada (French),"Armoire de rangement murale robuste avec serrure pour garage / atelier / buanderie, facile à assembler",No,N/A,No,,,,,,,,,0,0,RED,YES,GREEN,Low Velocity/Non-Target,,,,,,0,,RED,,,,GREEN
May 2026,TOOL-A02,,,TOOL-A02,,,Garage Storage Cabinets,DMOM1070,Wayfair Canada (English),"Sturdy Wall Mounted Storage Cabinet with Lock for Garage/Workshop/Utility Room, Easy Assembly",No,N/A,No,,,,,,,,0.99,0,0,RED,YES,GREEN,Low Velocity/Non-Target,0,RED,,,,0,,RED,,,,GREEN
May 2026,TOOL-A02,,,TOOL-A02,,,Garage Storage Cabinets,DMOM1070,Wayfair US,"Sturdy Wall Mounted Storage Cabinet with Lock for Garage/Workshop/Utility Room, Easy Assembly",No,N/A,No,,,,,,,,2,0,0,RED,YES,GREEN,Low Velocity/Non-Target,0,RED,,,,0,,RED,,,,GREEN
May 2026,TOOL-A07,,,TOOL-A07,,,Garage Storage Cabinets,DMOM1074,Wayfair Canada (French),"Armoire de rangement en métal avec serrure pour garage / atelier / buanderie, assemblage facile",No,N/A,No,,,,,,,,,91.67,10.53,RED,YES,GREEN,Low Velocity/Non-Target,,,,,,0,,RED,,,,GREEN
May 2026,TOOL-A07,,,TOOL-A07,,,Garage Storage Cabinets,DMOM1074,Wayfair Canada (English),"Metal Storage Cabinet with Lock for Garage/Workshop/Utility Room, Easy Assembly",No,N/A,No,,,,,,,,0.99,91.67,10.53,RED,YES,GREEN,Low Velocity/Non-Target,0,RED,,,,0,,RED,,,,GREEN
May 2026,TOOL-A07,,,TOOL-A07,,,Garage Storage Cabinets,DMOM1074,Wayfair US,"Metal Storage Cabinet with Lock for Garage/Workshop/Utility Room, Easy Assembly",No,N/A,No,,,,,,,,2,91.67,10.53,RED,YES,GREEN,Low Velocity/Non-Target,0,RED,,,,0,,RED,,,,GREEN
May 2026,TOOL-A03,,,TOOL-A03,,,Garage Storage Cabinets,DMOM1062,Wayfair Canada (French),"Armoire de rangement murale robuste avec serrure pour garage / atelier / buanderie, facile à assembler",No,N/A,No,,,,,,,,,0,0,RED,YES,GREEN,Low Velocity/Non-Target,,,,,,0,,RED,,,,GREEN
May 2026,TOOL-A03,,,TOOL-A03,,,Garage Storage Cabinets,DMOM1062,Wayfair Canada (English),"Sturdy Wall Mounted Storage Cabinet with Lock for Garage/Workshop/Utility Room, Easy Assembly",No,N/A,No,,,,,,,,0.99,0,0,RED,YES,GREEN,Low Velocity/Non-Target,0,RED,,,,0,,RED,,,,GREEN
May 2026,TOOL-A03,,,TOOL-A03,,,Garage Storage Cabinets,DMOM1062,Wayfair US,"Sturdy Wall Mounted Storage Cabinet with Lock for Garage/Workshop/Utility Room, Easy Assembly",No,N/A,No,,,,,,,,2,0,0,RED,YES,GREEN,Low Velocity/Non-Target,0,RED,,,,0,,RED,,,,GREEN
May 2026,TOOL-B03,,,TOOL-B03,,,Garage Storage Cabinets,DMOM1062,Wayfair Canada (French),"Armoire de rangement murale robuste avec serrure pour garage / atelier / buanderie, facile à assembler",No,N/A,No,,,,,,,,,0,0,RED,YES,GREEN,Low Velocity/Non-Target,,,,,,0,,RED,,,,GREEN
May 2026,TOOL-B03,,,TOOL-B03,,,Garage Storage Cabinets,DMOM1062,Wayfair Canada (English),"Sturdy Wall Mounted Storage Cabinet with Lock for Garage/Workshop/Utility Room, Easy Assembly",No,N/A,No,,,,,,,,0.99,0,0,RED,YES,GREEN,Low Velocity/Non-Target,0,RED,,,,0,,RED,,,,GREEN
May 2026,TOOL-B03,,,TOOL-B03,,,Garage Storage Cabinets,DMOM1062,Wayfair US,"Sturdy Wall Mounted Storage Cabinet with Lock for Garage/Workshop/Utility Room, Easy Assembly",No,N/A,No,,,,,,,,2,0,0,RED,YES,GREEN,Low Velocity/Non-Target,0,RED,,,,0,,RED,,,,GREEN
May 2026,TOOL-A04,,,TOOL-A04,,,Garage Storage Cabinets,DMOM1069,Wayfair Canada (French),"Armoire de rangement en métal avec serrure pour garage / atelier / buanderie, assemblage facile",No,N/A,No,,,,,,,,,0,0,RED,YES,GREEN,Low Velocity/Non-Target,,,,,,0,,RED,,,,GREEN
May 2026,TOOL-A04,,,TOOL-A04,,,Garage Storage Cabinets,DMOM1069,Wayfair Canada (English),"Metal Storage Cabinet with Lock for Garage/Workshop/Utility Room, Easy Assembly",No,N/A,No,,,,,,,,0.99,0,0,RED,YES,GREEN,Low Velocity/Non-Target,0,RED,,,,0,,RED,,,,GREEN
May 2026,TOOL-A04,,,TOOL-A04,,,Garage Storage Cabinets,DMOM1069,Wayfair US,"Metal Storage Cabinet with Lock for Garage/Workshop/Utility Room, Easy Assembly",No,N/A,No,,,,,,,,2,0,0,RED,YES,GREEN,Low Velocity/Non-Target,0,RED,,,,0,,RED,,,,GREEN
May 2026,TOOL-B08,,,TOOL-B08,,,Garage Storage Cabinets,DMOM1077,Wayfair Canada (French),"Armoire de rangement en métal avec serrure pour garage / atelier / buanderie, assemblage facile",No,N/A,No,,,,,,,,,0,0,RED,YES,GREEN,Low Velocity/Non-Target,,,,,,0,,RED,,,,GREEN
May 2026,TOOL-B08,,,TOOL-B08,,,Garage Storage Cabinets,DMOM1077,Wayfair Canada (English),"Metal Storage Cabinet with Lock for Garage/Workshop/Utility Room, Easy Assembly",No,N/A,No,,,,,,,,0.99,0,0,RED,YES,GREEN,Low Velocity/Non-Target,0,RED,,,,0,,RED,,,,GREEN
May 2026,TOOL-B08,,,TOOL-B08,,,Garage Storage Cabinets,DMOM1077,Wayfair US,"Metal Storage Cabinet with Lock for Garage/Workshop/Utility Room, Easy Assembly",No,N/A,No,,,,,,,,2,0,0,RED,YES,GREEN,Low Velocity/Non-Target,0,RED,,,,0,,RED,,,,GREEN
May 2026,TOOL-A01,,,TOOL-A01,,,Garage Storage Cabinets,DMOM1072,Wayfair Canada (French),"Armoire de rangement murale robuste avec serrure pour garage / atelier / buanderie, facile à assembler",No,N/A,No,,,,,,,,,0,0,RED,YES,GREEN,Low Velocity/Non-Target,,,,,,0,,RED,,,,GREEN
May 2026,TOOL-A01,,,TOOL-A01,,,Garage Storage Cabinets,DMOM1072,Wayfair Canada (English),"Sturdy Wall Mounted Storage Cabinet with Lock for Garage/Workshop/Utility Room, Easy Assembly",No,N/A,No,,,,,,,,0.99,0,0,RED,YES,GREEN,Low Velocity/Non-Target,0,RED,,,,0,,RED,,,,GREEN
May 2026,TOOL-A01,,,TOOL-A01,,,Garage Storage Cabinets,DMOM1072,Wayfair US,"Sturdy Wall Mounted Storage Cabinet with Lock for Garage/Workshop/Utility Room, Easy Assembly",No,N/A,No,,,,,,,,2,0,0,RED,YES,GREEN,Low Velocity/Non-Target,0,RED,,,,0,,RED,,,,GREEN
May 2026,TOOL-B06,,,TOOL-B06,,,Garage Storage Cabinets,DMOM1068,Wayfair Canada (French),"Armoire de rangement en métal avec serrure pour garage / atelier / buanderie, assemblage facile",No,N/A,No,,,,,,,,,91.67,10.53,RED,YES,GREEN,Low Velocity/Non-Target,,,,,,0,,RED,,,,GREEN
May 2026,TOOL-B06,,,TOOL-B06,,,Garage Storage Cabinets,DMOM1068,Wayfair Canada (English),"Metal Storage Cabinet with Lock for Garage/Workshop/Utility Room, Easy Assembly",No,N/A,No,,,,,,,,0.99,91.67,10.53,RED,YES,GREEN,Low Velocity/Non-Target,0,RED,,,,0,,RED,,,,GREEN
May 2026,TOOL-B06,,,TOOL-B06,,,Garage Storage Cabinets,DMOM1068,Wayfair US,"Metal Storage Cabinet with Lock for Garage/Workshop/Utility Room, Easy Assembly",No,N/A,No,,,,,,,,2,91.67,10.53,RED,YES,GREEN,Low Velocity/Non-Target,0,RED,,,,0,,RED,,,,GREEN
May 2026,TOOL-B02,,,TOOL-B02,,,Garage Storage Cabinets,DMOM1070,Wayfair Canada (French),"Armoire de rangement murale robuste avec serrure pour garage / atelier / buanderie, facile à assembler",No,N/A,No,,,,,,,,,0,0,RED,YES,GREEN,Low Velocity/Non-Target,,,,,,0,,RED,,,,GREEN
May 2026,TOOL-B02,,,TOOL-B02,,,Garage Storage Cabinets,DMOM1070,Wayfair Canada (English),"Sturdy Wall Mounted Storage Cabinet with Lock for Garage/Workshop/Utility Room, Easy Assembly",No,N/A,No,,,,,,,,0.99,0,0,RED,YES,GREEN,Low Velocity/Non-Target,0,RED,,,,0,,RED,,,,GREEN
May 2026,TOOL-B02,,,TOOL-B02,,,Garage Storage Cabinets,DMOM1070,Wayfair US,"Sturdy Wall Mounted Storage Cabinet with Lock for Garage/Workshop/Utility Room, Easy Assembly",No,N/A,No,,,,,,,,2,0,0,RED,YES,GREEN,Low Velocity/Non-Target,0,RED,,,,0,,RED,,,,GREEN
May 2026,TOOL-A08,,,TOOL-A08,,,Garage Storage Cabinets,DMOM1077,Wayfair Canada (French),"Armoire de rangement en métal avec serrure pour garage / atelier / buanderie, assemblage facile",No,N/A,No,,,,,,,,,0,0,RED,YES,GREEN,Low Velocity/Non-Target,,,,,,0,,RED,,,,GREEN
May 2026,TOOL-A08,,,TOOL-A08,,,Garage Storage Cabinets,DMOM1077,Wayfair Canada (English),"Metal Storage Cabinet with Lock for Garage/Workshop/Utility Room, Easy Assembly",No,N/A,No,,,,,,,,0.99,0,0,RED,YES,GREEN,Low Velocity/Non-Target,0,RED,,,,0,,RED,,,,GREEN
May 2026,TOOL-A08,,,TOOL-A08,,,Garage Storage Cabinets,DMOM1077,Wayfair US,"Metal Storage Cabinet with Lock for Garage/Workshop/Utility Room, Easy Assembly",No,N/A,No,,,,,,,,2,0,0,RED,YES,GREEN,Low Velocity/Non-Target,0,RED,,,,0,,RED,,,,GREEN
May 2026,TOOL-A05,,,TOOL-A05,,,Garage Storage Cabinets,DMOM1067,Wayfair Canada (French),"Armoire de rangement en métal avec serrure pour garage / atelier / buanderie, assemblage facile",No,N/A,No,,,,,,,,,91.67,10.53,RED,YES,GREEN,Low Velocity/Non-Target,,,,,,0,,RED,,,,GREEN
May 2026,TOOL-A05,,,TOOL-A05,,,Garage Storage Cabinets,DMOM1067,Wayfair Canada (English),"Metal Storage Cabinet with Lock for Garage/Workshop/Utility Room, Easy Assembly",No,N/A,No,,,,,,,,0.99,91.67,10.53,RED,YES,GREEN,Low Velocity/Non-Target,0,RED,,,,0,,RED,,,,GREEN
May 2026,TOOL-A05,,,TOOL-A05,,,Garage Storage Cabinets,DMOM1067,Wayfair US,"Metal Storage Cabinet with Lock for Garage/Workshop/Utility Room, Easy Assembly",No,N/A,No,,,,,,,,2,91.67,10.53,RED,YES,GREEN,Low Velocity/Non-Target,0,RED,,,,0,,RED,,,,GREEN
May 2026,TOOL-B01,,,TOOL-B01,,,Garage Storage Cabinets,DMOM1072,Wayfair Canada (French),"Armoire de rangement murale robuste avec serrure pour garage / atelier / buanderie, facile à assembler",No,N/A,No,,,,,,,,,0,0,RED,YES,GREEN,Low Velocity/Non-Target,,,,,,0,,RED,,,,GREEN
May 2026,TOOL-B01,,,TOOL-B01,,,Garage Storage Cabinets,DMOM1072,Wayfair Canada (English),"Sturdy Wall Mounted Storage Cabinet with Lock for Garage/Workshop/Utility Room, Easy Assembly",No,N/A,No,,,,,,,,0.99,0,0,RED,YES,GREEN,Low Velocity/Non-Target,0,RED,,,,0,,RED,,,,GREEN
May 2026,TOOL-B01,,,TOOL-B01,,,Garage Storage Cabinets,DMOM1072,Wayfair US,"Sturdy Wall Mounted Storage Cabinet with Lock for Garage/Workshop/Utility Room, Easy Assembly",No,N/A,No,,,,,,,,2,0,0,RED,YES,GREEN,Low Velocity/Non-Target,0,RED,,,,0,,RED,,,,GREEN
