Reporting Month,Supplier Part Id,Supplier Part Number,Brand Catalog,Wayfair Sku,Product Name,Class Name,Total Revenue,Total Revenue Mom,Total Revenue Yoy,Total Revenue B2B,Total Revenue Premium Brands,Total Orders,Total Orders B2B,Total Orders Premium Brands,Units Sold,Units Sold B2B,Units Sold Premium Brands,Sessions,Sessions Mom,Sessions Yoy,Sessions Percentage B2B,Unit Session Percentage,Unit Session Percentage B2B,Add To Cart Rate,Conversion Rate,Order To Delivery Stated,Order To Delivery Actual,Fill Rate Supplier,Actual Lost Sales,Option Combination Image Coverage,Required Tag Coverage,Sponsored Product Impressions (SKU Level),Sponsored Product Clicks (SKU Level),Sponsored Product Average Daily Spend (SKU Level),Sponsored Product Total Spend (SKU Level),Sponsored Product Attributed Revenue (SKU Level),Sponsored Product Attributed Orders (SKU Level),Sponsored Product Cost Per Click (SKU Level),Sponsored Product Return On Ad Spend Revenue (SKU Level),Sponsored Product Return On Ad Spend Retail Sales (SKU Level)
May 2026,137550678,5T-1600-800,Wayfair Canada (English),DMOM1000,"5-Tier Garage Storage Shelving Unit, Heavy Duty Adjustable Metal Rack with 2000 lbs Capacity, Utility Shelf for Garage, Basement, Kitchen & Warehouse, Black",Shelving & Racks,,,,,,,,,,,,,,,,,,,,,,,,1,0.75,491,8,0.016666667,0.4,,,0.05,,
May 2026,137550678,5T-1600-800,Wayfair Canada (French),DMOM1000,"Étagère de rangement à 5 niveaux pour le garage, support réglable en métal robuste avec capacité de 2000 lb, tablette utilitaire pour le garage, le sous-sol, la cuisine et l'entrepôt, noir",Shelving & Racks,,,,,,,,,,,,,,,,,,,,,,,,1,0.75,,,,,,,,,
May 2026,137550678,5T-1600-800,Wayfair US,DMOM1000,"5-Tier Garage Storage Shelving Unit, Heavy Duty Adjustable Metal Rack with 2000 lbs Capacity, Utility Shelf for Garage, Basement, Kitchen & Warehouse, Black",Shelving & Racks,,,,,,,,,,,,16,0.45454545454545453,,,0,,0,0,,,,,1,0.75,5856,68,2.464,61.6,685.3,4,0.905882353,11.125,18.261850649
May 2026,137550679,5T-1830-1200,Wayfair Canada (English),DMOM1000,"5-Tier Garage Storage Shelving Unit, Heavy Duty Adjustable Metal Rack with 2000 lbs Capacity, Utility Shelf for Garage, Basement, Kitchen & Warehouse, Black",Shelving & Racks,,,,,,,,,,,,2,,,,0,,0,0,,,,,1,0.75,491,8,0.016666667,0.4,,,0.05,,
May 2026,137550679,5T-1830-1200,Wayfair Canada (French),DMOM1000,"Étagère de rangement à 5 niveaux pour le garage, support réglable en métal robuste avec capacité de 2000 lb, tablette utilitaire pour le garage, le sous-sol, la cuisine et l'entrepôt, noir",Shelving & Racks,,,,,,,,,,,,,,,,,,,,,,,,1,0.75,,,,,,,,,
May 2026,137550679,5T-1830-1200,Wayfair US,DMOM1000,"5-Tier Garage Storage Shelving Unit, Heavy Duty Adjustable Metal Rack with 2000 lbs Capacity, Utility Shelf for Garage, Basement, Kitchen & Warehouse, Black",Shelving & Racks,223.72,,,223.72,223.72,1,1,1,2,2,2,18,0.8,,0.1111111111111111,0.111111111,1,0,0.055555555555555552,4,,,,1,0.75,5856,68,2.464,61.6,685.3,4,0.905882353,11.125,18.261850649
May 2026,137550680,5T-1830-900,Wayfair Canada (English),DMOM1000,"5-Tier Garage Storage Shelving Unit, Heavy Duty Adjustable Metal Rack with 2000 lbs Capacity, Utility Shelf for Garage, Basement, Kitchen & Warehouse, Black",Shelving & Racks,,,,,,,,,,,,1,0,,,0,,0,0,,,,,1,0.75,491,8,0.016666667,0.4,,,0.05,,
May 2026,137550680,5T-1830-900,Wayfair Canada (French),DMOM1000,"Étagère de rangement à 5 niveaux pour le garage, support réglable en métal robuste avec capacité de 2000 lb, tablette utilitaire pour le garage, le sous-sol, la cuisine et l'entrepôt, noir",Shelving & Racks,,,,,,,,,,,,,,,,,,,,,,,,1,0.75,,,,,,,,,
May 2026,137550680,5T-1830-900,Wayfair US,DMOM1000,"5-Tier Garage Storage Shelving Unit, Heavy Duty Adjustable Metal Rack with 2000 lbs Capacity, Utility Shelf for Garage, Basement, Kitchen & Warehouse, Black",Shelving & Racks,142.22,,,142.22,142.22,1,1,1,2,2,2,32,7,,0.03125,0.0625,2,0,0,6,,,,1,0.75,5856,68,2.464,61.6,685.3,4,0.905882353,11.125,18.261850649
May 2026,137550681,5T-1980-1200,Wayfair Canada (English),DMOM1000,"5-Tier Garage Storage Shelving Unit, Heavy Duty Adjustable Metal Rack with 2000 lbs Capacity, Utility Shelf for Garage, Basement, Kitchen & Warehouse, Black",Shelving & Racks,,,,,,,,,,,,12,11,,0.083333333333333329,0,0,0,0,,,,,1,0.75,491,8,0.016666667,0.4,,,0.05,,
May 2026,137550681,5T-1980-1200,Wayfair Canada (French),DMOM1000,"Étagère de rangement à 5 niveaux pour le garage, support réglable en métal robuste avec capacité de 2000 lb, tablette utilitaire pour le garage, le sous-sol, la cuisine et l'entrepôt, noir",Shelving & Racks,,,,,,,,,,,,,,,,,,,,,,,,1,0.75,,,,,,,,,
May 2026,137550681,5T-1980-1200,Wayfair US,DMOM1000,"5-Tier Garage Storage Shelving Unit, Heavy Duty Adjustable Metal Rack with 2000 lbs Capacity, Utility Shelf for Garage, Basement, Kitchen & Warehouse, Black",Shelving & Racks,501.96,0.711538462,,95.88,501.96,3,1,3,5,1,5,95,-0.12037037037037036,,0.073684210526315783,0.052631579,0.142857143,0,0.021052631578947368,5.6,4.5,,,1,0.75,5856,68,2.464,61.6,685.3,4,0.905882353,11.125,18.261850649
May 2026,137550682,6T-2095-122,Wayfair Canada (English),DMOM1000,"5-Tier Garage Storage Shelving Unit, Heavy Duty Adjustable Metal Rack with 2000 lbs Capacity, Utility Shelf for Garage, Basement, Kitchen & Warehouse, Black",Shelving & Racks,,,,,,,,,,,,3,-0.25,,0.33333333333333331,0,0,0,0,,,,,1,0.75,491,8,0.016666667,0.4,,,0.05,,
May 2026,137550682,6T-2095-122,Wayfair Canada (French),DMOM1000,"Étagère de rangement à 5 niveaux pour le garage, support réglable en métal robuste avec capacité de 2000 lb, tablette utilitaire pour le garage, le sous-sol, la cuisine et l'entrepôt, noir",Shelving & Racks,,,,,,,,,,,,,,,,,,,,,,,,1,0.75,,,,,,,,,
May 2026,137550682,6T-2095-122,Wayfair US,DMOM1000,"5-Tier Garage Storage Shelving Unit, Heavy Duty Adjustable Metal Rack with 2000 lbs Capacity, Utility Shelf for Garage, Basement, Kitchen & Warehouse, Black",Shelving & Racks,126.9,,,,126.9,1,,1,1,,1,39,1.4375,,0.05128205128205128,0.025641026,0,0,0.02564102564102564,4,2,,,1,0.75,5856,68,2.464,61.6,685.3,4,0.905882353,11.125,18.261850649
May 2026,137600183,8T-Kayak,Wayfair Canada (English),DMOM1002,"Freestanding 4-tier Kayak & Canoe Storage Rack With Side Gear Arms, Extra-deep Weather-resistant Frame, 82'' H, Black",Bike And Sport Racks,,,,,,,,,,,,2,-0.5,,,0,,0,0,,,,,1,0.90476190476190477,,,,,,,,,
May 2026,137600183,8T-Kayak,Wayfair Canada (French),DMOM1002,"Support de rangement autoportant pour kayaks et canoës à 4 niveaux avec accoudoirs latéraux, cadre très résistant aux intempéries, H 82 po, noir",Bike And Sport Racks,,,,,,,,,,,,,,,,,,,,,,,,1,0.90476190476190477,,,,,,,,,
May 2026,137600183,8T-Kayak,Wayfair US,DMOM1002,"Freestanding 4-tier Kayak & Canoe Storage Rack With Side Gear Arms, Extra-deep Weather-resistant Frame, 82'' H, Black",Bike And Sport Racks,,,,,,,,,,,,3,-0.88888888888888884,,,0,,0,0,,,,,1,0.90476190476190477,,,,,,,,,
May 2026,137600184,3T-Kayak,Wayfair Canada (English),DMOM1004,"Freestanding 3-tier Kayak & Canoe Storage Rack With Adjustable Arms, Weather-resistant Steel Frame, 41'' H, Black",Bike And Sport Racks,,,,,,,,,,,,2,,,,0,,0,0,,,,,1,0.90476190476190477,,,,,,,,,
May 2026,137600184,3T-Kayak,Wayfair Canada (French),DMOM1004,"Support autoportant à 3 niveaux pour kayaks et canoës avec accoudoirs réglables, structure en acier résistant aux intempéries, H 41 po, noir",Bike And Sport Racks,,,,,,,,,,,,,,,,,,,,,,,,1,0.90476190476190477,,,,,,,,,
May 2026,137600184,3T-Kayak,Wayfair US,DMOM1004,"Freestanding 3-tier Kayak & Canoe Storage Rack With Adjustable Arms, Weather-resistant Steel Frame, 41'' H, Black",Bike And Sport Racks,,,,,,,,,,,,2,0,,,0,,0,0,,,,,1,0.90476190476190477,,,,,,,,,
May 2026,137600188,2T-Kayak,Wayfair Canada (English),DMOM1001,"Freestanding 2-tier Kayak & Canoe Storage Rack With Adjustable Arms, Weather-resistant Steel Frame, 28'' H, Black",Bike And Sport Racks,,,,,,,,,,,,,,,,,,,,,,,,1,0.8571428571428571,,,,,,,,,
May 2026,137600188,2T-Kayak,Wayfair Canada (French),DMOM1001,"Support autoportant à 2 niveaux pour kayaks et canoës avec accoudoirs réglables, structure en acier résistant aux intempéries, H 28 po, noir",Bike And Sport Racks,,,,,,,,,,,,,,,,,,,,,,,,1,0.8571428571428571,,,,,,,,,
May 2026,137600188,2T-Kayak,Wayfair US,DMOM1001,"Freestanding 2-tier Kayak & Canoe Storage Rack With Adjustable Arms, Weather-resistant Steel Frame, 28'' H, Black",Bike And Sport Racks,,,,,,,,,,,,1,0,,1,0,0,0,0,,,,,1,0.8571428571428571,,,,,,,,,
May 2026,137600195,4T-Kayak,Wayfair Canada (English),DMOM1003,"Freestanding 4-tier Kayak & Canoe Storage Rack With Adjustable Arms, Weather-resistant Steel Frame, 80'' H, Black",Bike And Sport Racks,117.66,,,,117.66,1,,1,1,,1,25,1.2727272727272727,,,0.04,,0.08,0.04,,,,,1,0.8571428571428571,,,,,,,,,
May 2026,137600195,4T-Kayak,Wayfair Canada (French),DMOM1003,"Support de rangement autoportant pour kayaks et canoës à 4 niveaux avec accoudoirs réglables, structure en acier résistant aux intempéries, H 80 po, noir",Bike And Sport Racks,,,,,,,,,,,,,,,,,,,,,,,,1,0.8571428571428571,,,,,,,,,
May 2026,137600195,4T-Kayak,Wayfair US,DMOM1003,"Freestanding 4-tier Kayak & Canoe Storage Rack With Adjustable Arms, Weather-resistant Steel Frame, 80'' H, Black",Bike And Sport Racks,473.76,-0.5,,0,473.76,4,0,4,4,0,4,131,1.1129032258064515,,0.14503816793893129,0.030534351,0,0.10687022900763359,0.038167938931297711,9.5,6.5,,,1,0.8571428571428571,7374,33,1.720526316,32.69,252,2,0.990606061,7.708779443,11.929642092
May 2026,137600219,5T-Niudun,Wayfair Canada (English),DMOM1005,"4-tier 70''h Black Metal Bookshelf With Adjustable Shelves And Sturdy Steel Frame, Industrial Tall Bookcase For Living Room, Bedroom, Or Office",Bookcases,,,,,,,,,,,,,-1,,,,,,,,,,,1,0.875,,,,,,,,,
May 2026,137600219,5T-Niudun,Wayfair Canada (French),DMOM1005,"Bibliothèque à 4 niveaux de 70 po en métal noir avec tablettes réglables et structure en acier robuste, grande bibliothèque industrielle pour le salon, la chambre à coucher ou le bureau",Bookcases,,,,,,,,,,,,,,,,,,,,,,,,1,0.87878787878787878,,,,,,,,,
May 2026,137600219,5T-Niudun,Wayfair US,DMOM1005,"4-tier 70''h Black Metal Bookshelf With Adjustable Shelves And Sturdy Steel Frame, Industrial Tall Bookcase For Living Room, Bedroom, Or Office",Bookcases,,,,,,,,,,,,66,1.4444444444444444,,0.045454545454545456,0,0,0.030303030303030304,0,,,,,1,0.875,,,,,,,,,
May 2026,139282134,MK-WB001B,Wayfair Canada (English),DMOM1006,"48'' Adjustable Rolling Workbench With Pegboard & Storage Hooks, Metal Utility Table For Garage Or Workshop",Workbenches,,,,,,,,,,,,,,,,,,,,,,,,1,0.8,,,,,,,,,
May 2026,139282134,MK-WB001B,Wayfair Canada (French),DMOM1006,"Établi roulant réglable de 48 po avec panneau perforé et crochets de rangement, table utilitaire en métal pour garage ou atelier",Workbenches,,,,,,,,,,,,,,,,,,,,,,,,1,0.8,,,,,,,,,
May 2026,139282134,MK-WB001B,Wayfair US,DMOM1006,"48'' Adjustable Rolling Workbench With Pegboard & Storage Hooks, Metal Utility Table For Garage Or Workshop",Workbenches,,,,,,,,,,,,,,,,,,,,,,,,1,0.8,,,,,,,,,
May 2026,139775462,YB-CW12A0720,Wayfair Canada (English),DMOM1007,"70'' Tall Outdoor Cat Catio With Wheels, 3 Platforms, Condo House & Sunshine Roof, Grey Wood Enclosure",Cat Cages & Playpens,,,,,,,,,,,,,,,,,,,,,,,,1,0.73333333333333328,,,,,,,,,
May 2026,139775462,YB-CW12A0720,Wayfair Canada (French),DMOM1007,"Catio d'extérieur de 70 po de hauteur avec roues, 3 plateformes, maisonnette et toit ensoleillé, enclos en bois gris",Cat Cages & Playpens,,,,,,,,,,,,,,,,,,,,,,,,1,0.73333333333333328,,,,,,,,,
May 2026,139775462,YB-CW12A0720,Wayfair US,DMOM1007,"70'' Tall Outdoor Cat Catio With Wheels, 3 Platforms, Condo House & Sunshine Roof, Gray Wood Enclosure",Cat Cages & Playpens,,,,,,,,,,,,,,,,,,,,,,,,1,0.73333333333333328,,,,,,,,,
May 2026,139775463,YB-CW12S0768,Wayfair Canada (English),DMOM1008,"2-in-1 Reversible Cardboard Cat Scratcher Bed And Lounger With Catnip And Spring Toy, Curved Design For Indoor Cats",Cat Condos & Cat Trees,,,,,,,,,,,,,,,,,,,,,,,,1,0.782608695652174,,,,,,,,,
May 2026,139775463,YB-CW12S0768,Wayfair Canada (French),DMOM1008,"Lit à griffer réversible en carton 2-en-1 avec chaise à griffes et ressort, conception courbée pour chats d'intérieur",Cat Condos & Cat Trees,,,,,,,,,,,,,,,,,,,,,,,,1,0.782608695652174,,,,,,,,,
May 2026,139775463,YB-CW12S0768,Wayfair US,DMOM1008,"2-in-1 Reversible Cardboard Cat Scratcher Bed And Lounger With Catnip And Spring Toy, Curved Design For Indoor Cats",Cat Condos & Cat Trees,,,,,,,,,,,,,,,,,,,,,,,,1,0.782608695652174,,,,,,,,,
May 2026,139775467,YB-MSE3400003,Wayfair Canada (English),DMOM1009,"54'' Heavy-duty Dog Crate With Removable Tray, Roof Top & Wheels, Large Pet Kennel Cage For Indoor/outdoor Use",Crates and Carriers,,,,,,,,,,,,,,,,,,,,,,,,1,0.66666666666666663,,,,,,,,,
May 2026,139775467,YB-MSE3400003,Wayfair Canada (French),DMOM1009,"Cage pour chien robuste de 54 po avec plateau amovible, toit et roues, grande cage pour chenil pour l'intérieur et l'extérieur",Crates and Carriers,,,,,,,,,,,,,,,,,,,,,,,,1,0.66666666666666663,,,,,,,,,
May 2026,139775467,YB-MSE3400003,Wayfair US,DMOM1009,"54'' Heavy-duty Dog Crate With Removable Tray, Roof Top & Wheels, Large Pet Kennel Cage For Indoor/outdoor Use",Crates and Carriers,,,,,,,,,,,,,-1,,,,,,,,,,,1,0.62962962962962965,,,,,,,,,
May 2026,139780729,YB-CW12S0714,Wayfair Canada (English),IFOM4699,"Wooden Hamster Cage with Tunnels, Gerbil Enclosure with Detachable Tray & Wheels, Openable Top and Front, Grey Small Animal Hutch for Mice, Rats, and Other Tiny Pets",Small Animal Cages And Habitats,,,,,,,,,,,,,,,,,,,,,,,,1,0.73333333333333328,,,,,,,,,
May 2026,139780729,YB-CW12S0714,Wayfair Canada (French),IFOM4699,"Cage à hamster en bois avec tunnels, enclos à gerbilles avec plateau et roues amovibles, plateau et avant ouvrable, niche pour petits animaux, souris et autres petits animaux de compagnie",Small Animal Cages And Habitats,,,,,,,,,,,,,,,,,,,,,,,,1,0.73333333333333328,,,,,,,,,
May 2026,139780729,YB-CW12S0714,Wayfair US,IFOM4699,"Wooden Hamster Cage with Tunnels, Gerbil Enclosure with Detachable Tray & Wheels, Openable Top and Front, Small Animal Hutch for Mice, Rats, and Other Tiny Pets",Small Animal Cages And Habitats,,,,,,,,,,,,4,,,,0,,0,0,,,,,1,0.73333333333333328,,,,,,,,,
May 2026,139782108,YB-CW12Y0719,Wayfair Canada (English),DMOM1012,"2-tier Wooden Rabbit Hutch With Wheels, Removable Tray, Openable Roof & Ramp, Small Animal House For Bunnies & Guinea Pigs, Panels",Small Animal Cages And Habitats,,,,,,,,,,,,,-1,,,,,,,,,,,1,0.73333333333333328,,,,,,,,,
May 2026,139782108,YB-CW12Y0719,Wayfair Canada (French),DMOM1012,"Cage à lapin en bois à 2 niveaux avec roulettes, plateau amovible, toit et rampe ouvrable, maisonnette pour petits lapins et cochons d'Inde, panneaux",Small Animal Cages And Habitats,,,,,,,,,,,,,,,,,,,,,,,,1,0.73333333333333328,,,,,,,,,
May 2026,139782108,YB-CW12Y0719,Wayfair US,DMOM1012,"2-tier Wooden Rabbit Hutch With Wheels, Removable Tray, Openable Roof & Ramp, Small Animal House For Bunnies & Guinea Pigs, Panels",Small Animal Cages And Habitats,,,,,,,,,,,,,,,,,,,,,,,,1,0.73333333333333328,,,,,,,,,
May 2026,139782110,YB- CW12X0718,Wayfair Canada (English),DMOM1011,"94.5'' 2-storey Outdoor Rabbit Hutch With Dual Runs, Resting Loft, Pull-out Tray, Weatherproof Roof & Ramps, Panels",Small Animal Cages And Habitats,,,,,,,,,,,,,,,,,,,,,,,,1,0.73333333333333328,,,,,,,,,
May 2026,139782110,YB- CW12X0718,Wayfair Canada (French),DMOM1011,"Cage à lapins d'extérieur 94,5 po avec 2 couloirs, mezzanine, plateau coulissant, toit et rampes résistants aux intempéries, panneaux 94,5 po",Small Animal Cages And Habitats,,,,,,,,,,,,,,,,,,,,,,,,1,0.73333333333333328,,,,,,,,,
May 2026,139782110,YB- CW12X0718,Wayfair US,DMOM1011,"94.5'' 2-story Outdoor Rabbit Hutch With Dual Runs, Resting Loft, Pull-out Tray, Weatherproof Roof & Ramps, Panels",Small Animal Cages And Habitats,,,,,,,,,,,,,-1,,,,,,,,,,,1,0.73333333333333328,,,,,,,,,
May 2026,139782111,YB-CW12H0689,Wayfair Canada (English),DMOM1013,"80'' 2-tier Wooden Chicken Coop With Nesting Box, Run, Pull-out Tray, Planter & Weather-resistant Roof, Backyard Hen House",Small Animal Cages And Habitats,,,,,,,,,,,,,,,,,,,,,,,,1,0.73333333333333328,,,,,,,,,
May 2026,139782111,YB-CW12H0689,Wayfair Canada (French),DMOM1013,"Poulailler en bois à 2 niveaux de 80 po avec nichoir, couloir, plateau coulissant, toit résistant aux intempéries et jardinière, poulailler",Small Animal Cages And Habitats,,,,,,,,,,,,,,,,,,,,,,,,1,0.73333333333333328,,,,,,,,,
May 2026,139782111,YB-CW12H0689,Wayfair US,DMOM1013,"80'' 2-tier Wooden Chicken Coop With Nesting Box, Run, Pull-out Tray, Planter & Weather-resistant Roof, Backyard Hen House",Small Animal Cages And Habitats,,,,,,,,,,,,,,,,,,,,,,,,1,0.73333333333333328,,,,,,,,,
May 2026,140356782,3T-B,Wayfair Canada (English),DMOM1017,"34""W 20-30 Gallon Metal Fish Tank Stand - Heavy Duty 3-Tier Adjustable Aquarium/Reptile Tank Rack for Home Office",Aquariums & Bowls,,,,,,,,,,,,10,0.25,,,0,,0,0,,,,,1,0.72222222222222221,2327,48,0.1,2.4,,,0.05,,
May 2026,140356782,3T-B,Wayfair Canada (French),DMOM1017,Support pour aquarium / reptile ajustable à 3 niveaux 34 po,Aquariums & Bowls,,,,,,,,,,,,,,,,,,,,,,,,1,0.72222222222222221,,,,,,,,,
May 2026,140356782,3T-B,Wayfair US,DMOM1017,"34""W 20-30 Gallon Metal Fish Tank Stand - Heavy Duty 3-Tier Adjustable Aquarium/Reptile Tank Rack for Home Office",Aquariums & Bowls,0,,,0,0,0,0,0,0,0,0,70,1.2580645161290323,,0.071428571428571425,0,0,0,0.014285714285714285,,,,,1,0.72222222222222221,13106,241,2.1124,52.81,122.5,2,0.219128631,2.319636432,3.445938269
May 2026,140356783,5T-dong-183-120,Wayfair Canada (English),DMOM1015,"5-Tier Heavy Duty Metal Shelving Unit - 2000LBS Capacity with Pegboard & Lockable Wheels, for Garage/Warehouse/Kitchen",Shelving & Racks,,,,,,,,,,,,,-1,,,,,,,,,,,0,0.75,,,,,,,,,
May 2026,140356783,5T-dong-183-120,Wayfair Canada (French),DMOM1015,"Étagère à 5 niveaux en métal robuste - capacité de 2000 lb avec panneau perforé et roues verrouillables, pour le garage / entrepôt / cuisine",Shelving & Racks,,,,,,,,,,,,,,,,,,,,,,,,0,0.75,,,,,,,,,
May 2026,140356783,5T-dong-183-120,Wayfair US,DMOM1015,"5-Tier Heavy Duty Metal Shelving Unit - 2000LBS Capacity with Pegboard & Lockable Wheels, for Garage/Warehouse/Kitchen",Shelving & Racks,,,,,,,,,,,,3,-0.5,,,0,,0,0,,,,,0,0.75,,,,,,,,,
May 2026,140356784,5T-dong-198-120,Wayfair Canada (English),DMOM1015,"5-Tier Heavy Duty Metal Shelving Unit - 2000LBS Capacity with Pegboard & Lockable Wheels, for Garage/Warehouse/Kitchen",Shelving & Racks,,,,,,,,,,,,,,,,,,,,,,,,1,0.75,,,,,,,,,
May 2026,140356784,5T-dong-198-120,Wayfair Canada (French),DMOM1015,"Étagère à 5 niveaux en métal robuste - capacité de 2000 lb avec panneau perforé et roues verrouillables, pour le garage / entrepôt / cuisine",Shelving & Racks,,,,,,,,,,,,,,,,,,,,,,,,1,0.75,,,,,,,,,
May 2026,140356784,5T-dong-198-120,Wayfair US,DMOM1015,"5-Tier Heavy Duty Metal Shelving Unit - 2000LBS Capacity with Pegboard & Lockable Wheels, for Garage/Warehouse/Kitchen",Shelving & Racks,,,,,,,,,,,,1,,,,0,,0,0,,,,,1,0.75,,,,,,,,,
May 2026,140356785,5T-wangge,Wayfair Canada (English),DMOM1016,"72""H 5-Tier Adjustable Heavy Duty Shelving Metal Mesh Storage Rack",Shelving & Racks,,,,,,,,,,,,2,1,,,0,,0,0,,,,,1,0.75,99,0,0,0,,,,,
May 2026,140356785,5T-wangge,Wayfair Canada (French),DMOM1016,Étagère de rangement 72 mailles 72 pouces,Shelving & Racks,,,,,,,,,,,,,,,,,,,,,,,,1,0.75,,,,,,,,,
May 2026,140356785,5T-wangge,Wayfair US,DMOM1016,"72""H 5-Tier Adjustable Heavy Duty Shelving Metal Mesh Storage Rack",Shelving & Racks,,,,,,,,,,,,16,0.14285714285714285,,0.0625,0,0,0.0625,0,,,,,1,0.75,866,11,0.405416667,9.73,,,0.884545455,,
May 2026,140356792,3T-W,Wayfair Canada (English),DMOM1017,"34""W 20-30 Gallon Metal Fish Tank Stand - Heavy Duty 3-Tier Adjustable Aquarium/Reptile Tank Rack for Home Office",Aquariums & Bowls,,,,,,,,,,,,60,0.875,,,0,,0,0,,,,,1,0.72222222222222221,2327,48,0.1,2.4,,,0.05,,
May 2026,140356792,3T-W,Wayfair Canada (French),DMOM1017,Support pour aquarium / reptile ajustable à 3 niveaux 34 po,Aquariums & Bowls,,,,,,,,,,,,,,,,,,,,,,,,1,0.72222222222222221,,,,,,,,,
May 2026,140356792,3T-W,Wayfair US,DMOM1017,"34""W 20-30 Gallon Metal Fish Tank Stand - Heavy Duty 3-Tier Adjustable Aquarium/Reptile Tank Rack for Home Office",Aquariums & Bowls,174.37,0.514285714,,55.93,174.37,3,1,3,3,1,3,285,0.74846625766871167,,0.056140350877192984,0.010526316,0.0625,0,0.014035087719298246,5.5,4,,,1,0.72222222222222221,13106,241,2.1124,52.81,122.5,2,0.219128631,2.319636432,3.445938269
May 2026,142865392,LFC-2B,Wayfair Canada (English),DMOM1018,"2-Drawer Lateral Metal File Cabinet, Extra Storage Surface & 110lbs Capacity Drawers with Full Extension & Anti-Tip",Filing Cabinets,,,,,,,,,,,,6,0.2,,,0,,0,0,,,,,1,0.8214285714285714,260,0,0,0,,,,,
May 2026,142865392,LFC-2B,Wayfair Canada (French),DMOM1018,"Classeur latéral à 2 tiroirs, surface de rangement supplémentaire et tiroirs d'une capacité de 110 lb avec extension complète et anti-basculement",Filing Cabinets,,,,,,,,,,,,,,,,,,,,,,,,1,0.8214285714285714,,,,,,,,,
May 2026,142865392,LFC-2B,Wayfair US,DMOM1018,"2-Drawer Lateral File Cabinet, Extra Storage Surface & 110lbs Capacity Drawers with Full Extension & Anti-Tip",Filing Cabinets,685.26,-0.319036877,,,685.26,3,,3,6,,6,96,-0.41463414634146339,,0.13541666666666666,0.0625,0,0,0.020833333333333332,5.666666666666667,3.6666666666666665,,,1,0.8214285714285714,4843,44,1.122,28.05,729,3,0.6375,25.989304813,40.354367201
May 2026,142865393,LFC-2W,Wayfair Canada (English),DMOM1018,"2-Drawer Lateral Metal File Cabinet, Extra Storage Surface & 110lbs Capacity Drawers with Full Extension & Anti-Tip",Filing Cabinets,,,,,,,,,,,,1,-0.66666666666666663,,,0,,0,0,,,,,1,0.8214285714285714,260,0,0,0,,,,,
May 2026,142865393,LFC-2W,Wayfair Canada (French),DMOM1018,"Classeur latéral à 2 tiroirs, surface de rangement supplémentaire et tiroirs d'une capacité de 110 lb avec extension complète et anti-basculement",Filing Cabinets,,,,,,,,,,,,,,,,,,,,,,,,1,0.8214285714285714,,,,,,,,,
May 2026,142865393,LFC-2W,Wayfair US,DMOM1018,"2-Drawer Lateral File Cabinet, Extra Storage Surface & 110lbs Capacity Drawers with Full Extension & Anti-Tip",Filing Cabinets,114.21,0,,,114.21,1,,1,1,,1,43,-0.12244897959183673,,0.046511627906976744,0.023255814,0,0,0.023255813953488372,4,3,,,1,0.8214285714285714,4843,44,1.122,28.05,729,3,0.6375,25.989304813,40.354367201
May 2026,142865398,MFC-D2-B,Wayfair Canada (English),DMOM1020,"2-Drawer Mobile File Cabinet with Lock, Fully Assembled Rolling Storage for Legal/Letter/A4 Files, Compact Metal Office Organizer",Filing Cabinets,,,,,,,,,,,,3,-0.7857142857142857,,,0,,0,0,,,,,1,0.7857142857142857,396,3,0.00625,0.15,,,0.05,,
May 2026,142865398,MFC-D2-B,Wayfair Canada (French),DMOM1020,"Classeur mobile à 2 tiroirs avec serrure, rangement à roulettes entièrement assemblé pour dossiers légaux / lettres / A4, organiseur de bureau compact",Filing Cabinets,,,,,,,,,,,,,,,,,,,,,,,,1,0.7857142857142857,,,,,,,,,
May 2026,142865398,MFC-D2-B,Wayfair US,DMOM1020,"2-Drawer Mobile File Cabinet with Lock, Fully Assembled Rolling Storage for Legal/Letter/A4 Files, Compact Office Organizer",Filing Cabinets,186.12,-0.657142857,,,186.12,2,,2,2,,2,165,-0.10810810810810811,,0.078787878787878782,0.012121212,0,0,0.012121212121212121,7.333333333333333,7,,,1,0.7857142857142857,23929,274,9.1912,229.78,495,5,0.838613139,2.154234485,3.355165811
May 2026,142865399,MFC-D2-W,Wayfair Canada (English),DMOM1020,"2-Drawer Mobile File Cabinet with Lock, Fully Assembled Rolling Storage for Legal/Letter/A4 Files, Compact Metal Office Organizer",Filing Cabinets,,-1,,,,,,,,,,15,0.5,,0.066666666666666666,0,0,0,0,14,4,,,1,0.7857142857142857,396,3,0.00625,0.15,,,0.05,,
May 2026,142865399,MFC-D2-W,Wayfair Canada (French),DMOM1020,"Classeur mobile à 2 tiroirs avec serrure, rangement à roulettes entièrement assemblé pour dossiers légaux / lettres / A4, organiseur de bureau compact",Filing Cabinets,,,,,,,,,,,,,,,,,,,,,,,,1,0.7857142857142857,,,,,,,,,
May 2026,142865399,MFC-D2-W,Wayfair US,DMOM1020,"2-Drawer Mobile File Cabinet with Lock, Fully Assembled Rolling Storage for Legal/Letter/A4 Files, Compact Office Organizer",Filing Cabinets,465.3,-0.347387023,,,465.3,5,,5,5,,5,179,-0.32196969696969696,,0.0893854748603352,0.027932961,0,0,0.016759776536312849,4.125,3.6666666666666665,1,,1,0.7857142857142857,23929,274,9.1912,229.78,495,5,0.838613139,2.154234485,3.355165811
May 2026,142865404,VFC-3B,Wayfair Canada (English),DMOM1019,"3-Drawer Vertical File Cabinet, Heavy Duty Eco-Safe Storage with Quiet Full-Extension Drawers & Wall Mount Kit",Filing Cabinets,99.59,,,,99.59,1,,1,1,,1,20,-0.33333333333333331,,0.15,0.05,0,0,0.05,15,7,,,1,0.7857142857142857,398,2,0.004166667,0.1,108,1,0.05,1080,2570.32656
May 2026,142865404,VFC-3B,Wayfair Canada (French),DMOM1019,"Classeur vertical à 3 tiroirs, rangement robuste et écologique avec tiroirs pleine extension silencieux",Filing Cabinets,,,,,,,,,,,,,,,,,,,,,,,,1,0.7857142857142857,,,,,,,,,
May 2026,142865404,VFC-3B,Wayfair US,DMOM1019,"3-Drawer Vertical File Cabinet, Heavy Duty Eco-Safe Storage with Quiet Full-Extension Drawers & Wall Mount Kit",Filing Cabinets,490.68,0.629245941,,287.64,490.68,4,2,4,5,3,5,154,0.69230769230769229,,0.084415584415584416,0.032467532,0.230769231,0,0.025974025974025976,4.5555555555555554,2.8,,,1,0.7857142857142857,15678,147,5.624,140.6,210,2,0.956462585,1.493598862,2.218918919
May 2026,142865405,VFC-3W,Wayfair Canada (English),DMOM1019,"3-Drawer Vertical File Cabinet, Heavy Duty Eco-Safe Storage with Quiet Full-Extension Drawers & Wall Mount Kit",Filing Cabinets,,,,,,,,,,,,4,-0.69230769230769229,,,0,,0,0,,,,,1,0.7857142857142857,398,2,0.004166667,0.1,108,1,0.05,1080,2570.32656
May 2026,142865405,VFC-3W,Wayfair Canada (French),DMOM1019,"Classeur vertical à 3 tiroirs, rangement robuste et écologique avec tiroirs pleine extension silencieux",Filing Cabinets,,,,,,,,,,,,,,,,,,,,,,,,1,0.7857142857142857,,,,,,,,,
May 2026,142865405,VFC-3W,Wayfair US,DMOM1019,"3-Drawer Vertical File Cabinet, Heavy Duty Eco-Safe Storage with Quiet Full-Extension Drawers & Wall Mount Kit",Filing Cabinets,,-1,,,,,,,,,,59,0.96666666666666667,,0.10169491525423729,0,0,0,0,,,,,1,0.7857142857142857,15678,147,5.624,140.6,210,2,0.956462585,1.493598862,2.218918919
May 2026,142865411,MFC-D3-B,Wayfair Canada (English),DMOM1022,"3-Drawer Mobile File Cabinet with Lock, Fully Assembled Rolling Storage for Letter/Legal/A4 Files",Filing Cabinets,,,,,,,,,,,,10,0.25,,0.1,0,0,0,0,,,,,1,0.7857142857142857,6250,43,1.086,27.15,,,0.631395349,,
May 2026,142865411,MFC-D3-B,Wayfair Canada (French),DMOM1022,"Classeur mobile à 3 tiroirs avec serrure, rangement entièrement assemblé pour dossiers de format lettre / légal / A4",Filing Cabinets,,,,,,,,,,,,,,,,,,,,,,,,1,0.7857142857142857,,,,,,,,,
May 2026,142865411,MFC-D3-B,Wayfair US,DMOM1022,"3-Drawer Mobile File Cabinet with Lock, Fully Assembled Rolling Storage for Letter/Legal/A4 Files",Filing Cabinets,355.32,0.015925661,,,355.32,3,,3,4,,4,75,-0.336283185840708,,0.29333333333333333,0.053333333,0,0,0.026666666666666668,6.5714285714285712,5.5,1,,1,0.7857142857142857,17624,175,5.2164,130.41,94.5,1,0.7452,0.724637681,1.073460624
May 2026,142865412,MFC-D3-W,Wayfair Canada (English),DMOM1022,"3-Drawer Mobile File Cabinet with Lock, Fully Assembled Rolling Storage for Letter/Legal/A4 Files",Filing Cabinets,,,,,,,,,,,,47,-0.22950819672131148,,0.021276595744680851,0,0,0,0,,,,,1,0.7857142857142857,6250,43,1.086,27.15,,,0.631395349,,
May 2026,142865412,MFC-D3-W,Wayfair Canada (French),DMOM1022,"Classeur mobile à 3 tiroirs avec serrure, rangement entièrement assemblé pour dossiers de format lettre / légal / A4",Filing Cabinets,,,,,,,,,,,,,,,,,,,,,,,,1,0.7857142857142857,,,,,,,,,
May 2026,142865412,MFC-D3-W,Wayfair US,DMOM1022,"3-Drawer Mobile File Cabinet with Lock, Fully Assembled Rolling Storage for Letter/Legal/A4 Files",Filing Cabinets,355.32,-0.887925814,,,355.32,2,,2,4,,4,229,-0.44552058111380144,,0.15720524017467249,0.017467249,0,0,0.0087336244541484712,7,8,,,1,0.7857142857142857,17624,175,5.2164,130.41,94.5,1,0.7452,0.724637681,1.073460624
May 2026,142865413,VFC-4B,Wayfair Canada (English),DMOM1023,"4-Drawer Vertical  Filing Cabinet, High-Capacity Eco-Friendly Design with Smooth Gliding Drawers & Anti-Tip Lock",Filing Cabinets,,-1,,,,,,,,,,2,-0.33333333333333331,,0.5,0,0,0,0,,,,,1,0.8214285714285714,276,2,0.004166667,0.1,,,0.05,,
May 2026,142865413,VFC-4B,Wayfair Canada (French),DMOM1023,"Classeur vertical à 4 tiroirs, conception écologique de grande capacité avec tiroirs coulissants et verrou anti-basculement",Filing Cabinets,,,,,,,,,,,,,,,,,,,,,,,,1,0.8214285714285714,,,,,,,,,
May 2026,142865413,VFC-4B,Wayfair US,DMOM1023,"4-Drawer Vertical  Filing Cabinet, High-Capacity Eco-Friendly Design with Smooth Gliding Drawers & Anti-Tip Lock",Filing Cabinets,86.86,,,86.86,86.86,1,1,1,1,1,1,67,0.21818181818181817,,0.1044776119402985,0.014925373,0.142857143,0,0,5,2,,,1,0.8214285714285714,3702,48,1.2284,30.71,,,0.639791667,,
May 2026,142865414,VFC-4W,Wayfair Canada (English),DMOM1023,"4-Drawer Vertical  Filing Cabinet, High-Capacity Eco-Friendly Design with Smooth Gliding Drawers & Anti-Tip Lock",Filing Cabinets,,,,,,,,,,,,2,-0.33333333333333331,,0.5,0,0,0,0,,,,,1,0.8214285714285714,276,2,0.004166667,0.1,,,0.05,,
May 2026,142865414,VFC-4W,Wayfair Canada (French),DMOM1023,"Classeur vertical à 4 tiroirs, conception écologique de grande capacité avec tiroirs coulissants et verrou anti-basculement",Filing Cabinets,,,,,,,,,,,,,,,,,,,,,,,,1,0.8214285714285714,,,,,,,,,
May 2026,142865414,VFC-4W,Wayfair US,DMOM1023,"4-Drawer Vertical  Filing Cabinet, High-Capacity Eco-Friendly Design with Smooth Gliding Drawers & Anti-Tip Lock",Filing Cabinets,,,,,,,,,,,,21,-0.045454545454545456,,0.33333333333333331,0,0,0,0,,,,,1,0.8214285714285714,3702,48,1.2284,30.71,,,0.639791667,,
May 2026,142865418,LFC-3W,Wayfair Canada (English),DMOM1025,"3-Drawer Lateral Filing Cabinet, 110lbs Capacity, Full-Extension Quiet Drawers & Built-in Safety Interlock",Filing Cabinets,,,,,,,,,,,,19,-0.38709677419354838,,0.15789473684210525,0,0,0,0,,,,,1,0.8214285714285714,351,3,0.006818182,0.15,,,0.05,,
May 2026,142865418,LFC-3W,Wayfair Canada (French),DMOM1025,"Classeur latéral à 3 tiroirs, capacité de 110 lb, tiroirs silencieux à extension complète et verrouillage de sécurité intégré",Filing Cabinets,,,,,,,,,,,,,,,,,,,,,,,,1,0.8214285714285714,,,,,,,,,
May 2026,142865418,LFC-3W,Wayfair US,DMOM1025,"3-Drawer Lateral Filing Cabinet, 110lbs Capacity, Full-Extension Quiet Drawers & Built-in Safety Interlock",Filing Cabinets,131.13,-0.827913386,,,131.13,1,,1,1,,1,201,-0.32323232323232326,,0.089552238805970144,0.004975124,0,0,0.0049751243781094526,5.666666666666667,3.5,,,1,0.8214285714285714,13667,175,4.9796,124.49,139.5,1,0.711371429,1.120571933,1.686802153
May 2026,142865419,LFC-3B,Wayfair Canada (English),DMOM1025,"3-Drawer Lateral Filing Cabinet, 110lbs Capacity, Full-Extension Quiet Drawers & Built-in Safety Interlock",Filing Cabinets,,,,,,,,,,,,4,-0.69230769230769229,,0.25,0,0,0,0,,,,,1,0.8214285714285714,351,3,0.006818182,0.15,,,0.05,,
May 2026,142865419,LFC-3B,Wayfair Canada (French),DMOM1025,"Classeur latéral à 3 tiroirs, capacité de 110 lb, tiroirs silencieux à extension complète et verrouillage de sécurité intégré",Filing Cabinets,,,,,,,,,,,,,,,,,,,,,,,,1,0.8214285714285714,,,,,,,,,
May 2026,142865419,LFC-3B,Wayfair US,DMOM1025,"3-Drawer Lateral Filing Cabinet, 110lbs Capacity, Full-Extension Quiet Drawers & Built-in Safety Interlock",Filing Cabinets,123.84,-0.671825313,,123.84,123.84,1,1,1,1,1,1,56,-0.3411764705882353,,0.19642857142857142,0.017857143,0.090909091,0,0,4,3,,,1,0.8214285714285714,13667,175,4.9796,124.49,139.5,1,0.711371429,1.120571933,1.686802153
May 2026,142865421,LFC-2B-680,Wayfair Canada (English),DMOM1021,"2-Drawer Lateral Filing Cabinet, Compact Wide Storage with 110lbs Capacity, Full-Extension Drawers & Safety Lock",Filing Cabinets,100.22,,,,100.22,1,,1,1,,1,16,-0.15789473684210525,,,0.0625,,0,0.0625,11,9,,,1,0.9285714285714286,452,5,0.010416667,0.25,108,1,0.05,432,980.448732
May 2026,142865421,LFC-2B-680,Wayfair Canada (French),DMOM1021,"Classeur latéral à 2 tiroirs, rangement compact et large avec capacité de 110 lb, tiroirs à pleine extension et verrou de sécurité",Filing Cabinets,,,,,,,,,,,,,,,,,,,,,,,,1,0.9285714285714286,,,,,,,,,
May 2026,142865421,LFC-2B-680,Wayfair US,DMOM1021,"2-Drawer Lateral Filing Cabinet, Compact Wide Storage with 110lbs Capacity, Full-Extension Drawers & Safety Lock",Filing Cabinets,984.56,-0.098313964,,95.88,984.56,10,1,10,10,1,10,580,1.0350877192982457,,0.1206896551724138,0.017241379,0.014285714,0,0.010344827586206896,4.5263157894736841,4.333333333333333,1,,1,0.9285714285714286,41940,574,16.0952,402.38,960,9,0.701010453,2.385804463,3.538719618
May 2026,142865422,LFC-2W-680,Wayfair Canada (English),DMOM1021,"2-Drawer Lateral Filing Cabinet, Compact Wide Storage with 110lbs Capacity, Full-Extension Drawers & Safety Lock",Filing Cabinets,,,,,,,,,,,,3,-0.8,,0.33333333333333331,0,0,0,0,,,,,1,0.9285714285714286,452,5,0.010416667,0.25,108,1,0.05,432,980.448732
May 2026,142865422,LFC-2W-680,Wayfair Canada (French),DMOM1021,"Classeur latéral à 2 tiroirs, rangement compact et large avec capacité de 110 lb, tiroirs à pleine extension et verrou de sécurité",Filing Cabinets,,,,,,,,,,,,,,,,,,,,,,,,1,0.9285714285714286,,,,,,,,,
May 2026,142865422,LFC-2W-680,Wayfair US,DMOM1021,"2-Drawer Lateral Filing Cabinet, Compact Wide Storage with 110lbs Capacity, Full-Extension Drawers & Safety Lock",Filing Cabinets,95.88,-0.935459551,,95.88,95.88,1,1,1,1,1,1,129,-0.74455445544554455,,0.093023255813953487,0.007751938,0.083333333,0,0.0077519379844961239,8,4,,,1,0.9285714285714286,41940,574,16.0952,402.38,960,9,0.701010453,2.385804463,3.538719618
May 2026,142865423,VFC-5B,Wayfair Canada (English),DMOM1028,"5-Drawer Vertical Metal File Cabinet, Maximum Capacity Heavy Duty Storage with Full-Extension Drawers & Safety Interlock",Filing Cabinets,,,,,,,,,,,,2,1,,,0,,0,0,,,,,1,0.8928571428571429,,,,,,,,,
May 2026,142865423,VFC-5B,Wayfair Canada (French),DMOM1028,"Classeur vertical en métal à 5 tiroirs, capacité maximale de rangement robuste avec tiroirs à pleine extension et verrouillage de sécurité",Filing Cabinets,,,,,,,,,,,,,,,,,,,,,,,,1,0.8928571428571429,,,,,,,,,
May 2026,142865423,VFC-5B,Wayfair US,DMOM1028,"5-Drawer Vertical Metal File Cabinet, Maximum Capacity Heavy Duty Storage with Full-Extension Drawers & Safety Interlock",Filing Cabinets,,,,,,,,,,,,5,-0.16666666666666666,,,0,,0,0,,,,,1,0.8928571428571429,,,,,,,,,
May 2026,142865424,VFC-5W,Wayfair Canada (English),DMOM1028,"5-Drawer Vertical Metal File Cabinet, Maximum Capacity Heavy Duty Storage with Full-Extension Drawers & Safety Interlock",Filing Cabinets,,,,,,,,,,,,,-1,,,,,,,,,,,1,0.8928571428571429,,,,,,,,,
May 2026,142865424,VFC-5W,Wayfair Canada (French),DMOM1028,"Classeur vertical en métal à 5 tiroirs, capacité maximale de rangement robuste avec tiroirs à pleine extension et verrouillage de sécurité",Filing Cabinets,,,,,,,,,,,,,,,,,,,,,,,,1,0.8928571428571429,,,,,,,,,
May 2026,142865424,VFC-5W,Wayfair US,DMOM1028,"5-Drawer Vertical Metal File Cabinet, Maximum Capacity Heavy Duty Storage with Full-Extension Drawers & Safety Interlock",Filing Cabinets,,,,,,,,,,,,8,1.6666666666666667,,0.125,0,0,0,0,,,,,1,0.8928571428571429,,,,,,,,,
May 2026,142865430,LFC-4B,Wayfair Canada (English),DMOM1027,"4-Drawer Lateral Metal File Cabinet, High-Volume Heavy Duty Storage, 110lbs Capacity per Drawer with Safety Interlock System",Filing Cabinets,,-1,,,,,,,,,,3,-0.5714285714285714,,,0,,0,0,,,,,1,0.8214285714285714,288,2,0.004166667,0.1,,,0.05,,
May 2026,142865430,LFC-4B,Wayfair Canada (French),DMOM1027,"Classeur latéral en métal à 4 tiroirs, rangement robuste à haut volume, capacité de 110 lb par tiroir avec système de verrouillage de sécurité",Filing Cabinets,,,,,,,,,,,,,,,,,,,,,,,,1,0.8214285714285714,,,,,,,,,
May 2026,142865430,LFC-4B,Wayfair US,DMOM1027,"4-Drawer Lateral Metal File Cabinet, High-Volume Heavy Duty Storage, 110lbs Capacity per Drawer with Safety Interlock System",Filing Cabinets,159.8,-0.891025641,,159.8,159.8,1,1,1,1,1,1,30,-0.74137931034482762,,0.36666666666666664,0.033333333,0.090909091,0,0.033333333333333333,5,5,1,,1,0.8214285714285714,4804,26,0.85625,20.55,,,0.790384615,,
May 2026,142865431,LFC-4W,Wayfair Canada (English),DMOM1027,"4-Drawer Lateral Metal File Cabinet, High-Volume Heavy Duty Storage, 110lbs Capacity per Drawer with Safety Interlock System",Filing Cabinets,,,,,,,,,,,,1,0,,,0,,0,0,,,,,1,0.8214285714285714,288,2,0.004166667,0.1,,,0.05,,
May 2026,142865431,LFC-4W,Wayfair Canada (French),DMOM1027,"Classeur latéral en métal à 4 tiroirs, rangement robuste à haut volume, capacité de 110 lb par tiroir avec système de verrouillage de sécurité",Filing Cabinets,,,,,,,,,,,,,,,,,,,,,,,,1,0.8214285714285714,,,,,,,,,
May 2026,142865431,LFC-4W,Wayfair US,DMOM1027,"4-Drawer Lateral Metal File Cabinet, High-Volume Heavy Duty Storage, 110lbs Capacity per Drawer with Safety Interlock System",Filing Cabinets,,,,,,,,,,,,23,-0.58181818181818179,,0.17391304347826086,0,0,0,0,,,,,1,0.8214285714285714,4804,26,0.85625,20.55,,,0.790384615,,
May 2026,142865438,VF-ZH-4B,Wayfair Canada (English),DMOM1029,"4-Drawer Vertical Metal Filing Cabinet with Lock & Storage Wardrobe, Steel File Locker for Home Office, School, and Bedroom, Black",Filing Cabinets,153.54,,,,153.54,1,,1,1,,1,41,3.1,,0.0975609756097561,0.024390244,0,0,0.024390243902439025,16,15,1,,1,0.8214285714285714,333,2,0.004166667,0.1,,,0.05,,
May 2026,142865438,VF-ZH-4B,Wayfair Canada (French),DMOM1029,"Classeur vertical en métal à 4 tiroirs avec serrure et garde-robe, casier en acier pour bureau à domicile, école et chambre à coucher, noir",Filing Cabinets,,,,,,,,,,,,,,,,,,,,,,,,1,0.8214285714285714,,,,,,,,,
May 2026,142865438,VF-ZH-4B,Wayfair US,DMOM1029,"4-Drawer Vertical Metal Filing Cabinet with Lock & Storage Wardrobe, Steel File Locker for Home Office, School, and Bedroom, Black",Filing Cabinets,156.51,-0.5,,,156.51,1,,1,1,,1,112,0.67164179104477617,,0.125,0.008928571,0,0,0,8,5,,,1,0.8214285714285714,3311,47,1.1832,29.58,,,0.629361702,,
May 2026,142865439,VF-ZH-4W,Wayfair Canada (English),DMOM1029,"4-Drawer Vertical Metal Filing Cabinet with Lock & Storage Wardrobe, Steel File Locker for Home Office, School, and Bedroom, Black",Filing Cabinets,,,,,,,,,,,,9,-0.18181818181818182,,,0,,0,0,,,,,1,0.8214285714285714,333,2,0.004166667,0.1,,,0.05,,
May 2026,142865439,VF-ZH-4W,Wayfair Canada (French),DMOM1029,"Classeur vertical en métal à 4 tiroirs avec serrure et garde-robe, casier en acier pour bureau à domicile, école et chambre à coucher, noir",Filing Cabinets,,,,,,,,,,,,,,,,,,,,,,,,1,0.8214285714285714,,,,,,,,,
May 2026,142865439,VF-ZH-4W,Wayfair US,DMOM1029,"4-Drawer Vertical Metal Filing Cabinet with Lock & Storage Wardrobe, Steel File Locker for Home Office, School, and Bedroom, Black",Filing Cabinets,,-1,,,,,,,,,,46,-0.6198347107438017,,0.086956521739130432,0,0,0,0,,,,,1,0.8214285714285714,3311,47,1.1832,29.58,,,0.629361702,,
May 2026,142865443,LFC-5B,Wayfair Canada (English),DMOM1024,"5-Drawer Lateral Metal Filing Cabinet, Commercial Grade Maximum Capacity, 110lbs Drawers with Full Extension & Anti-Tip Lock",Filing Cabinets,,,,,,,,,,,,,-1,,,,,,,,,,,1,0.8214285714285714,,,,,,,,,
May 2026,142865443,LFC-5B,Wayfair Canada (French),DMOM1024,"Classeur latéral en métal à 5 tiroirs, capacité maximale de qualité commerciale, tiroirs de 110 lb avec extension complète et verrou anti-basculement",Filing Cabinets,,,,,,,,,,,,,,,,,,,,,,,,1,0.8214285714285714,,,,,,,,,
May 2026,142865443,LFC-5B,Wayfair US,DMOM1024,"5-Drawer Lateral Metal Filing Cabinet, Commercial Grade Maximum Capacity, 110lbs Drawers with Full Extension & Anti-Tip Lock",Filing Cabinets,194.58,,,,194.58,1,,1,1,,1,11,0.375,,0.18181818181818182,0.090909091,0,0,0.090909090909090912,6,4,,,1,0.8214285714285714,,,,,,,,,
May 2026,142865444,LFC-5W,Wayfair Canada (English),DMOM1024,"5-Drawer Lateral Metal Filing Cabinet, Commercial Grade Maximum Capacity, 110lbs Drawers with Full Extension & Anti-Tip Lock",Filing Cabinets,,,,,,,,,,,,3,-0.4,,,0,,0,0,,,,,1,0.8214285714285714,,,,,,,,,
May 2026,142865444,LFC-5W,Wayfair Canada (French),DMOM1024,"Classeur latéral en métal à 5 tiroirs, capacité maximale de qualité commerciale, tiroirs de 110 lb avec extension complète et verrou anti-basculement",Filing Cabinets,,,,,,,,,,,,,,,,,,,,,,,,1,0.8214285714285714,,,,,,,,,
May 2026,142865444,LFC-5W,Wayfair US,DMOM1024,"5-Drawer Lateral Metal Filing Cabinet, Commercial Grade Maximum Capacity, 110lbs Drawers with Full Extension & Anti-Tip Lock",Filing Cabinets,,,,,,,,,,,,5,-0.782608695652174,,,0,,0,0,,,,,1,0.8214285714285714,,,,,,,,,
May 2026,142865446,VFC-2B,Wayfair Canada (English),DMOM1026,"2-Drawer Vertical Metal Filing Cabinet, Eco-Friendly Heavy Duty Storage with Smooth Full-Extension Drawers & Anti-Tip Lock",Filing Cabinets,,,,,,,,,,,,,,,,,,,,,,,,1,0.8214285714285714,,,,,,,,,
May 2026,142865446,VFC-2B,Wayfair Canada (French),DMOM1026,"Classeur vertical à 2 tiroirs, rangement robuste et écologique avec tiroirs pleine extension et verrou anti-basculement",Filing Cabinets,,,,,,,,,,,,,,,,,,,,,,,,1,0.8214285714285714,,,,,,,,,
May 2026,142865446,VFC-2B,Wayfair US,DMOM1026,"2-Drawer Vertical Filing Cabinet, Eco-Friendly Heavy Duty Storage with Smooth Full-Extension Drawers & Anti-Tip Lock",Filing Cabinets,,,,,,,,,,,,16,0.14285714285714285,,0.125,0,0,0,0,,,,,1,0.8214285714285714,,,,,,,,,
May 2026,142865447,VFC-2W,Wayfair Canada (English),DMOM1026,"2-Drawer Vertical Metal Filing Cabinet, Eco-Friendly Heavy Duty Storage with Smooth Full-Extension Drawers & Anti-Tip Lock",Filing Cabinets,,,,,,,,,,,,,-1,,,,,,,,,,,1,0.8214285714285714,,,,,,,,,
May 2026,142865447,VFC-2W,Wayfair Canada (French),DMOM1026,"Classeur vertical à 2 tiroirs, rangement robuste et écologique avec tiroirs pleine extension et verrou anti-basculement",Filing Cabinets,,,,,,,,,,,,,,,,,,,,,,,,1,0.8214285714285714,,,,,,,,,
May 2026,142865447,VFC-2W,Wayfair US,DMOM1026,"2-Drawer Vertical Filing Cabinet, Eco-Friendly Heavy Duty Storage with Smooth Full-Extension Drawers & Anti-Tip Lock",Filing Cabinets,,,,,,,,,,,,25,2.5714285714285716,,0.12,0,0,0,0,,,,,1,0.8214285714285714,,,,,,,,,
May 2026,151534088,VFC-5W-wheel,Wayfair Canada (English),DMOM1030,"15.16""W 4-Drawer File Cabinet, Metal Locking Vertical File Cabinets on Wheels – Heavy-Duty for Home & Office, Black",Filing Cabinets,,,,,,,,,,,,,,,,,,,,,,,,1,0.8214285714285714,,,,,,,,,
May 2026,151534088,VFC-5W-wheel,Wayfair Canada (French),DMOM1030,"Classeur vertical à 4 tiroirs de 15,16 po, classeurs verticaux verrouillables en métal sur roulettes - Usage intensif pour la maison et le bureau, noir",Filing Cabinets,,,,,,,,,,,,,,,,,,,,,,,,1,0.8214285714285714,,,,,,,,,
May 2026,151534088,VFC-5W-wheel,Wayfair US,DMOM1030,"15.16""W 4-Drawer File Cabinet, Metal Locking Vertical File Cabinets on Wheels – Heavy-Duty for Home & Office, Black",Filing Cabinets,,,,,,,,,,,,,,,,,,,,,,,,1,0.8214285714285714,,,,,,,,,
May 2026,151534089,VFC-4W-wheel,Wayfair Canada (English),DMOM1030,"15.16""W 4-Drawer File Cabinet, Metal Locking Vertical File Cabinets on Wheels – Heavy-Duty for Home & Office, Black",Filing Cabinets,,,,,,,,,,,,,,,,,,,,,,,,1,0.8214285714285714,,,,,,,,,
May 2026,151534089,VFC-4W-wheel,Wayfair Canada (French),DMOM1030,"Classeur vertical à 4 tiroirs de 15,16 po, classeurs verticaux verrouillables en métal sur roulettes - Usage intensif pour la maison et le bureau, noir",Filing Cabinets,,,,,,,,,,,,,,,,,,,,,,,,1,0.8214285714285714,,,,,,,,,
May 2026,151534089,VFC-4W-wheel,Wayfair US,DMOM1030,"15.16""W 4-Drawer File Cabinet, Metal Locking Vertical File Cabinets on Wheels – Heavy-Duty for Home & Office, Black",Filing Cabinets,,,,,,,,,,,,,,,,,,,,,,,,1,0.8214285714285714,,,,,,,,,
May 2026,151534090,VFC-5B-wheel,Wayfair Canada (English),DMOM1030,"15.16""W 4-Drawer File Cabinet, Metal Locking Vertical File Cabinets on Wheels – Heavy-Duty for Home & Office, Black",Filing Cabinets,,,,,,,,,,,,,,,,,,,,,,,,1,0.8214285714285714,,,,,,,,,
May 2026,151534090,VFC-5B-wheel,Wayfair Canada (French),DMOM1030,"Classeur vertical à 4 tiroirs de 15,16 po, classeurs verticaux verrouillables en métal sur roulettes - Usage intensif pour la maison et le bureau, noir",Filing Cabinets,,,,,,,,,,,,,,,,,,,,,,,,1,0.8214285714285714,,,,,,,,,
May 2026,151534090,VFC-5B-wheel,Wayfair US,DMOM1030,"15.16""W 4-Drawer File Cabinet, Metal Locking Vertical File Cabinets on Wheels – Heavy-Duty for Home & Office, Black",Filing Cabinets,,,,,,,,,,,,,,,,,,,,,,,,1,0.8214285714285714,,,,,,,,,
May 2026,151534091,VFC-4B-wheel,Wayfair Canada (English),DMOM1030,"15.16""W 4-Drawer File Cabinet, Metal Locking Vertical File Cabinets on Wheels – Heavy-Duty for Home & Office, Black",Filing Cabinets,,,,,,,,,,,,,,,,,,,,,,,,1,0.8214285714285714,,,,,,,,,
May 2026,151534091,VFC-4B-wheel,Wayfair Canada (French),DMOM1030,"Classeur vertical à 4 tiroirs de 15,16 po, classeurs verticaux verrouillables en métal sur roulettes - Usage intensif pour la maison et le bureau, noir",Filing Cabinets,,,,,,,,,,,,,,,,,,,,,,,,1,0.8214285714285714,,,,,,,,,
May 2026,151534091,VFC-4B-wheel,Wayfair US,DMOM1030,"15.16""W 4-Drawer File Cabinet, Metal Locking Vertical File Cabinets on Wheels – Heavy-Duty for Home & Office, Black",Filing Cabinets,,,,,,,,,,,,,,,,,,,,,,,,1,0.8214285714285714,,,,,,,,,
May 2026,151534092,MFC-D01,Wayfair Canada (English),DMOM1031,"15.35'' Wide 2-Drawer Mobile File Cabinet, All-Steel Metal Storage Cabinet on 360° Wheels, for Home Office, Important Documents & Supplies –110lbs/Drawer Capacity White and Grey",Filing Cabinets,,,,,,,,,,,,,,,,,,,,,,,,1,0.8214285714285714,,,,,,,,,
May 2026,151534092,MFC-D01,Wayfair Canada (French),DMOM1031,"Classeur mobile à 2 tiroirs de 15,35 po de largeur, armoire de rangement entièrement en métal sur roulettes à 360 °, pour le bureau personnel, les documents importants et les fournitures - Capacité de 110 lb / tiroir, blanc et gris",Filing Cabinets,,,,,,,,,,,,,,,,,,,,,,,,1,0.8214285714285714,,,,,,,,,
May 2026,151534092,MFC-D01,Wayfair US,DMOM1031,"15.35'' Wide 2-Drawer Mobile File Cabinet, All-Steel Metal Storage Cabinet on 360° Wheels, for Home Office, Important Documents & Supplies –110lbs/Drawer Capacity White and Gray",Filing Cabinets,,,,,,,,,,,,,,,,,,,,,,,,1,0.8214285714285714,,,,,,,,,
May 2026,151534093,MFC-D02,Wayfair Canada (English),DMOM1031,"15.35'' Wide 2-Drawer Mobile File Cabinet, All-Steel Metal Storage Cabinet on 360° Wheels, for Home Office, Important Documents & Supplies –110lbs/Drawer Capacity White and Grey",Filing Cabinets,,,,,,,,,,,,,,,,,,,,,,,,1,0.8214285714285714,,,,,,,,,
May 2026,151534093,MFC-D02,Wayfair Canada (French),DMOM1031,"Classeur mobile à 2 tiroirs de 15,35 po de largeur, armoire de rangement entièrement en métal sur roulettes à 360 °, pour le bureau personnel, les documents importants et les fournitures - Capacité de 110 lb / tiroir, blanc et gris",Filing Cabinets,,,,,,,,,,,,,,,,,,,,,,,,1,0.8214285714285714,,,,,,,,,
May 2026,151534093,MFC-D02,Wayfair US,DMOM1031,"15.35'' Wide 2-Drawer Mobile File Cabinet, All-Steel Metal Storage Cabinet on 360° Wheels, for Home Office, Important Documents & Supplies –110lbs/Drawer Capacity White and Gray",Filing Cabinets,,,,,,,,,,,,,,,,,,,,,,,,1,0.8214285714285714,,,,,,,,,
May 2026,151534094,MFC-D03,Wayfair Canada (English),DMOM1031,"15.35'' Wide 2-Drawer Mobile File Cabinet, All-Steel Metal Storage Cabinet on 360° Wheels, for Home Office, Important Documents & Supplies –110lbs/Drawer Capacity White and Grey",Filing Cabinets,,,,,,,,,,,,,,,,,,,,,,,,1,0.8214285714285714,,,,,,,,,
May 2026,151534094,MFC-D03,Wayfair Canada (French),DMOM1031,"Classeur mobile à 2 tiroirs de 15,35 po de largeur, armoire de rangement entièrement en métal sur roulettes à 360 °, pour le bureau personnel, les documents importants et les fournitures - Capacité de 110 lb / tiroir, blanc et gris",Filing Cabinets,,,,,,,,,,,,,,,,,,,,,,,,1,0.8214285714285714,,,,,,,,,
May 2026,151534094,MFC-D03,Wayfair US,DMOM1031,"15.35'' Wide 2-Drawer Mobile File Cabinet, All-Steel Metal Storage Cabinet on 360° Wheels, for Home Office, Important Documents & Supplies –110lbs/Drawer Capacity White and Gray",Filing Cabinets,,,,,,,,,,,,,,,,,,,,,,,,1,0.8214285714285714,,,,,,,,,
May 2026,151534095,MFC-D04,Wayfair Canada (English),DMOM1031,"15.35'' Wide 2-Drawer Mobile File Cabinet, All-Steel Metal Storage Cabinet on 360° Wheels, for Home Office, Important Documents & Supplies –110lbs/Drawer Capacity White and Grey",Filing Cabinets,,,,,,,,,,,,,,,,,,,,,,,,1,0.8214285714285714,,,,,,,,,
May 2026,151534095,MFC-D04,Wayfair Canada (French),DMOM1031,"Classeur mobile à 2 tiroirs de 15,35 po de largeur, armoire de rangement entièrement en métal sur roulettes à 360 °, pour le bureau personnel, les documents importants et les fournitures - Capacité de 110 lb / tiroir, blanc et gris",Filing Cabinets,,,,,,,,,,,,,,,,,,,,,,,,1,0.8214285714285714,,,,,,,,,
May 2026,151534095,MFC-D04,Wayfair US,DMOM1031,"15.35'' Wide 2-Drawer Mobile File Cabinet, All-Steel Metal Storage Cabinet on 360° Wheels, for Home Office, Important Documents & Supplies –110lbs/Drawer Capacity White and Gray",Filing Cabinets,,,,,,,,,,,,,,,,,,,,,,,,1,0.8214285714285714,,,,,,,,,
May 2026,152685292,CT-02,Wayfair Canada (English),DMOM1037,"Farmhouse Flip Top Coffee Table With Storage – 31.5"" Rustic Wood Grain Table, Hidden Storage Compartment For Living Room, Sturdy Metal Frame – Easy To Assemble & Clean",Coffee & Cocktail Tables,,,,,,,,,,,,,,,,,,,,,,,,1,0.88888888888888884,,,,,,,,,
May 2026,152685292,CT-02,Wayfair Canada (French),DMOM1037,"Table basse à plateau rabattable avec rangement Farmhouse - Table en grain de bois rustique de 31,5 po, compartiment de rangement caché pour le salon, structure en métal robuste - facile à assembler et à nettoyer",Coffee & Cocktail Tables,,,,,,,,,,,,,,,,,,,,,,,,1,0.88888888888888884,,,,,,,,,
May 2026,152685292,CT-02,Wayfair US,DMOM1037,"Farmhouse Flip Top Coffee Table With Storage – 31.5"" Rustic Wood Grain Table, Hidden Storage Compartment For Living Room, Sturdy Metal Frame – Easy To Assemble & Clean",Coffee & Cocktail Tables,,,,,,,,,,,,,-1,,,,,,,,,,,1,0.88888888888888884,,,,,,,,,
May 2026,152686235,PT01-WH,Wayfair Canada (English),DMOM1038,"61"" White Metal Kitchen Pantry Cabinet Adjustable Storage With 4 Shelves (110Lb Capacity), Heavy Duty Freestanding Pantry Organizer For Kitchen, Pantry, Living Room",Pantry Cabinets,,,,,,,,,,,,,,,,,,,,,,,,1,0.79166666666666663,,,,,,,,,
May 2026,152686235,PT01-WH,Wayfair Canada (French),DMOM1038,"Rangement réglable pour garde-manger de 61 po en métal blanc de 61 po avec 4 tablettes (capacité de 110 lb), organisateur de garde-manger autoportant robuste pour la cuisine, le garde-manger et le salon",Pantry Cabinets,,,,,,,,,,,,,,,,,,,,,,,,1,0.79166666666666663,,,,,,,,,
May 2026,152686235,PT01-WH,Wayfair US,DMOM1038,"61"" White Metal Kitchen Pantry Cabinet Adjustable Storage With 4 Shelves (110Lb Capacity), Heavy Duty Freestanding Pantry Organizer For Kitchen, Pantry, Living Room",Pantry Cabinets,,,,,,,,,,,,,-1,,,,,,,,,,,1,0.79166666666666663,,,,,,,,,
May 2026,152686555,PT02-WH,Wayfair Canada (English),DMOM1039,"Metal Kitchen Pantry Cabinet - 72"" Tall Storage With Adjustable Shelves (white), Heavy Duty Stainless Steel Frame, Freestanding Cabinet For Kitchen/pantry/bathroom",Pantry Cabinets,,,,,,,,,,,,,,,,,,,,,,,,1,0.91666666666666663,,,,,,,,,
May 2026,152686555,PT02-WH,Wayfair Canada (French),DMOM1039,"Armoire de cuisine en métal - 72 po de hauteur avec tablettes réglables (blanc), structure en acier inoxydable robuste, armoire autoportante pour cuisine / garde-manger / salle de bain",Pantry Cabinets,,,,,,,,,,,,,,,,,,,,,,,,1,0.91666666666666663,,,,,,,,,
May 2026,152686555,PT02-WH,Wayfair US,DMOM1039,"Metal Kitchen Pantry Cabinet - 72"" Tall Storage With Adjustable Shelves (white), Heavy Duty Stainless Steel Frame, Freestanding Cabinet For Kitchen/pantry/bathroom",Pantry Cabinets,,,,,,,,,,,,2,-0.6,,,0,,0,0,,,,,1,0.91666666666666663,,,,,,,,,
May 2026,152693386,CT-01,Wayfair Canada (English),DMOM1040,"Farmhouse Lift Top Coffee Table With Storage - 31.5"" Adjustable Height Living Room Table, Multifunctional Centre For Family With Hidden Compartment & 3 Shelves(110lbs Capacity, Easy To Clean)",Coffee & Cocktail Tables,,,,,,,,,,,,,,,,,,,,,,,,1,0.77777777777777779,,,,,,,,,
May 2026,152693386,CT-01,Wayfair Canada (French),DMOM1040,"Table basse à plateau relevable Farmhouse avec rangement - table de salon à hauteur réglable de 31,5 po, centre multifonctionnel pour la famille avec compartiment caché et 3 tablettes (capacité de 110 lb, facile à nettoyer)",Coffee & Cocktail Tables,,,,,,,,,,,,,,,,,,,,,,,,1,0.77777777777777779,,,,,,,,,
May 2026,152693386,CT-01,Wayfair US,DMOM1040,"Farmhouse Lift Top Coffee Table With Storage - 31.5"" Adjustable Height Living Room Table, Multifunctional Center For Family With Hidden Compartment & 3 Shelves(110lbs Capacity, Easy To Clean)",Coffee & Cocktail Tables,,,,,,,,,,,,,-1,,,,,,,,,,,1,0.77777777777777779,,,,,,,,,
May 2026,152706779,CT-3ps,Wayfair Canada (English),DMOM1041,"3-piece Coffee Table Set, Tempered Glass Surface With Sturdy Metal Frame - Modern Living Room Sets (1 Coffee Table + 2 End Tables), Scratch-resistant & Easy To Clean For Small Spaces, Apartments ",Coffee & Cocktail Tables,,,,,,,,,,,,,-1,,,,,,,,,,,1,0.80555555555555558,,,,,,,,,
May 2026,152706779,CT-3ps,Wayfair Canada (French),DMOM1041,"Ensemble de table basse 3 pièces, surface en verre trempé avec structure en métal robuste - Ensembles de salon modernes (1 table basse + 2 tables de bout), résistants aux égratignures et faciles à nettoyer pour les petits espaces, les appartements ",Coffee & Cocktail Tables,,,,,,,,,,,,,,,,,,,,,,,,1,0.80555555555555558,,,,,,,,,
May 2026,152706779,CT-3ps,Wayfair US,DMOM1041,"3-piece Coffee Table Set, Tempered Glass Surface With Sturdy Metal Frame - Modern Living Room Sets (1 Coffee Table + 2 End Tables), Scratch-resistant & Easy To Clean For Small Spaces, Apartments ",Coffee & Cocktail Tables,,,,,,,,,,,,5,,,,0,,0,0,,,,,1,0.80555555555555558,,,,,,,,,
May 2026,152769413,PT03-WH,Wayfair Canada (English),DMOM1042,"Metal Kitchen Pantry Cabinet - 72"" Tall Storage With 5 Adjustable Shelves, White Freestanding Cabinet For Kitchen/pantry/bathroom",Pantry Cabinets,,,,,,,,,,,,,,,,,,,,,,,,1,0.79166666666666663,,,,,,,,,
May 2026,152769413,PT03-WH,Wayfair Canada (French),DMOM1042,"Armoire de cuisine en métal - 72 po de hauteur avec 5 tablettes réglables, armoire autoportante blanche pour cuisine / garde-manger / salle de bain",Pantry Cabinets,,,,,,,,,,,,,,,,,,,,,,,,1,0.79166666666666663,,,,,,,,,
May 2026,152769413,PT03-WH,Wayfair US,DMOM1042,"Metal Kitchen Pantry Cabinet - 72"" Tall Storage With 5 Adjustable Shelves, White Freestanding Cabinet For Kitchen/pantry/bathroom",Pantry Cabinets,,,,,,,,,,,,58,10.6,,0.086206896551724144,0,0,0.051724137931034482,0,,,,,1,0.79166666666666663,5538,65,1.220833333,29.3,,,0.450769231,,
May 2026,152770317,PT04-WH,Wayfair Canada (English),DMOM1043,"72 Inch White Pantry Cabinet With 2 Drawers, Freestanding Kitchen Storage Cabinet With Adjustable Shelves, Heavy-duty Organizer For Spices, Dishware, Small Appliances In Kitchen, Pantry, Dining Room",Pantry Cabinets,,,,,,,,,,,,,,,,,,,,,,,,1,0.79166666666666663,,,,,,,,,
May 2026,152770317,PT04-WH,Wayfair Canada (French),DMOM1043,"Armoire garde-manger blanche 72 po avec 2 tiroirs, armoire de rangement autoportante avec tablettes réglables, rangement robuste pour épices, vaisselle, petits électroménagers de cuisine, garde-manger, salle à manger",Pantry Cabinets,,,,,,,,,,,,,,,,,,,,,,,,1,0.79166666666666663,,,,,,,,,
May 2026,152770317,PT04-WH,Wayfair US,DMOM1043,"72 Inch White Pantry Cabinet With 2 Drawers, Freestanding Kitchen Storage Cabinet With Adjustable Shelves, Heavy-duty Organizer For Spices, Dishware, Small Appliances In Kitchen, Pantry, Dining Room",Pantry Cabinets,,,,,,,,,,,,1,,,,0,,0,0,,,,,1,0.79166666666666663,,,,,,,,,
May 2026,152770671,PT05-WH,Wayfair Canada (English),DMOM1044,"34.6"" White Metal Pantry Cabinet With Adjustable Shelves - Freestanding Kitchen Storage Organizer With Easy-grip Handles, Assembly Required, Ideal For Kitchen, Dining Room, Apartment",Sideboards & Buffets,,,,,,,,,,,,,,,,,,,,,,,,1,0.8,,,,,,,,,
May 2026,152770671,PT05-WH,Wayfair Canada (French),DMOM1044,"Garde-manger 34,6 po en métal blanc avec tablettes réglables - Organisateur de rangement de cuisine autoportant avec poignées à prise facile, assemblage requis, idéal pour la cuisine, la salle à manger, l’appartement",Sideboards & Buffets,,,,,,,,,,,,,,,,,,,,,,,,1,0.80769230769230771,,,,,,,,,
May 2026,152770671,PT05-WH,Wayfair US,DMOM1044,"34.6"" White Metal Pantry Cabinet With Adjustable Shelves - Freestanding Kitchen Storage Organizer With Easy-grip Handles, Assembly Required, Ideal For Kitchen, Dining Room, Apartment",Sideboards & Buffets,,,,,,,,,,,,,,,,,,,,,,,,1,0.8,,,,,,,,,
May 2026,152776646,6D-locker,Wayfair Canada (English),DMOM1045,"6-door Employee Storage Locker, Metal Lockers For Office, Gym, School, And Homewith Card Slot",Lockers,,,,,,,,,,,,,,,,,,,,,,,,1,0,,,,,,,,,
May 2026,152776646,6D-locker,Wayfair Canada (French),DMOM1045,"Casier de rangement pour employés à 6 portes, casiers en métal pour le bureau, la salle de sport, l'école et la maison avec fente pour carte",Lockers,,,,,,,,,,,,,,,,,,,,,,,,1,0,,,,,,,,,
May 2026,152776719,9D-locker,Wayfair Canada (English),DMOM1046,"9-door Employee Storage Locker, Metal Lockers For Office, Gym, School, And Homewith Card Slot ",Lockers,,,,,,,,,,,,,,,,,,,,,,,,1,0.5,,,,,,,,,
May 2026,152776719,9D-locker,Wayfair Canada (French),DMOM1046,"Casier de rangement pour employés 9 portes, casiers en métal pour le bureau, la salle de sport, l'école et la maison avec fente pour carte ",Lockers,,,,,,,,,,,,,,,,,,,,,,,,1,0.5,,,,,,,,,
May 2026,152776719,9D-locker,Wayfair US,DMOM1046,"9-door Employee Storage Locker, Metal Lockers For Office, Gym, School, And Homewith Card Slot ",Lockers,,,,,,,,,,,,,,,,,,,,,,,,1,0.5,,,,,,,,,
May 2026,152780039,W3D-G-locker,Wayfair Canada (English),DMOM1047,"3 Door 72""h Metal Lockers With Lock For Employees,storage Locker Cabinet For Home Gym Office School Garage",Lockers,,,,,,,,,,,,,,,,,,,,,,,,1,0,,,,,,,,,
May 2026,152780039,W3D-G-locker,Wayfair Canada (French),DMOM1047,"3 casiers en métal de 72 po avec verrou pour les employés, armoire de rangement pour le garage à domicile",Lockers,,,,,,,,,,,,,,,,,,,,,,,,1,0,,,,,,,,,
May 2026,152780039,W3D-G-locker,Wayfair US,DMOM1047,"3 Door 72""h Metal Lockers With Lock For Employees,storage Locker Cabinet For Home Gym Office School Garage",Lockers,,,,,,,,,,,,,,,,,,,,,,,,1,0,,,,,,,,,
May 2026,152892665,W9D-G-locker,Wayfair Canada (English),DMOM1048,"9 Door 72""h Metal Lockers With Lock For Employees,school,office,gym,bedroom,storage Locker Cabinet",Lockers,,,,,,,,,,,,,,,,,,,,,,,,1,0.53333333333333333,,,,,,,,,
May 2026,152892665,W9D-G-locker,Wayfair Canada (French),DMOM1048,"Armoire-vestiaire en métal à 9 portes de 72 po avec serrure pour employés, école, bureau, salle de sport, chambre à coucher, armoire de rangement",Lockers,,,,,,,,,,,,,,,,,,,,,,,,1,0.53333333333333333,,,,,,,,,
May 2026,152892665,W9D-G-locker,Wayfair US,DMOM1048,"9 Door 72""h Metal Lockers With Lock For Employees,school,office,gym,bedroom,storage Locker Cabinet",Lockers,,,,,,,,,,,,,,,,,,,,,,,,1,0.53333333333333333,,,,,,,,,
May 2026,152920878,W6D-G-locker,Wayfair Canada (English),DMOM1049,"6 Door 72""h Metal Lockers With Lock For Employees,storage Locker Cabinet For Home Gym Office School Garage",Lockers,,,,,,,,,,,,,,,,,,,,,,,,1,0.53333333333333333,,,,,,,,,
May 2026,152920878,W6D-G-locker,Wayfair Canada (French),DMOM1049,"6 casiers en métal de 72 po h avec serrure pour les employés, armoire de rangement pour garage à domicile",Lockers,,,,,,,,,,,,,,,,,,,,,,,,1,0.53333333333333333,,,,,,,,,
May 2026,152920878,W6D-G-locker,Wayfair US,DMOM1049,"6 Door 72""h Metal Lockers With Lock For Employees,storage Locker Cabinet For Home Gym Office School Garage",Lockers,,,,,,,,,,,,,,,,,,,,,,,,1,0.53333333333333333,,,,,,,,,
May 2026,154405733,LFC-4B-400,Wayfair Canada (English),DMOM1054,4-Drawer Locking Metal Lateral File Cabinet - Heavy-Duty,Filing Cabinets,,,,,,,,,,,,,,,,,,,,,,,,1,0.8214285714285714,,,,,,,,,
May 2026,154405733,LFC-4B-400,Wayfair Canada (French),DMOM1054,Classeur latéral en métal à 4 tiroirs verrouillables - Robuste,Filing Cabinets,,,,,,,,,,,,,,,,,,,,,,,,1,0.8214285714285714,,,,,,,,,
May 2026,154405733,LFC-4B-400,Wayfair US,DMOM1054,4-Drawer Locking Metal Lateral File Cabinet - Heavy-Duty,Filing Cabinets,,,,,,,,,,,,,,,,,,,,,,,,1,0.8214285714285714,,,,,,,,,
May 2026,154405734,LFC-4W-400,Wayfair Canada (English),DMOM1053,4-Drawer Locking Metal Lateral File Cabinet - Heavy-Duty,Filing Cabinets,,,,,,,,,,,,,,,,,,,,,,,,1,0.8214285714285714,,,,,,,,,
May 2026,154405734,LFC-4W-400,Wayfair Canada (French),DMOM1053,Classeur latéral en métal à 4 tiroirs verrouillables - Robuste,Filing Cabinets,,,,,,,,,,,,,,,,,,,,,,,,1,0.8214285714285714,,,,,,,,,
May 2026,154405734,LFC-4W-400,Wayfair US,DMOM1053,4-Drawer Locking Metal Lateral File Cabinet - Heavy-Duty,Filing Cabinets,,,,,,,,,,,,,,,,,,,,,,,,1,0.8214285714285714,,,,,,,,,
May 2026,154689193,MFC-D3W,Wayfair Canada (English),DMOM1055,14.69'' W Metal 3-Drawer Vertical Mobile File Cabinet,Filing Cabinets,,,,,,,,,,,,,,,,,,,,,,,,0,0.8214285714285714,,,,,,,,,
May 2026,154689193,MFC-D3W,Wayfair Canada (French),DMOM1055,"Classeur vertical mobile en métal 14 tiroirs 14,69 po",Filing Cabinets,,,,,,,,,,,,,,,,,,,,,,,,0,0.8214285714285714,,,,,,,,,
May 2026,154689193,MFC-D3W,Wayfair US,DMOM1055,14.69'' W Metal 3-Drawer Vertical Mobile File Cabinet,Filing Cabinets,,,,,,,,,,,,,,,,,,,,,,,,0,0.8214285714285714,,,,,,,,,
May 2026,154689194,MFC-D2B,Wayfair Canada (English),DMOM1056,14.69'' W Metal 2-Drawer Vertical Mobile File Cabinet,Filing Cabinets,,,,,,,,,,,,,,,,,,,,,,,,0,0.8214285714285714,,,,,,,,,
May 2026,154689194,MFC-D2B,Wayfair Canada (French),DMOM1056,"Classeur vertical mobile 14 tiroirs l 14,69 po",Filing Cabinets,,,,,,,,,,,,,,,,,,,,,,,,0,0.8214285714285714,,,,,,,,,
May 2026,154689194,MFC-D2B,Wayfair US,DMOM1056,14.69'' W Metal 2-Drawer Vertical Mobile File Cabinet,Filing Cabinets,,,,,,,,,,,,,,,,,,,,,,,,0,0.8214285714285714,,,,,,,,,
May 2026,154689195,MFC-D3B,Wayfair Canada (English),DMOM1055,14.69'' W Metal 3-Drawer Vertical Mobile File Cabinet,Filing Cabinets,,,,,,,,,,,,,,,,,,,,,,,,0,0.8214285714285714,,,,,,,,,
May 2026,154689195,MFC-D3B,Wayfair Canada (French),DMOM1055,"Classeur vertical mobile en métal 14 tiroirs 14,69 po",Filing Cabinets,,,,,,,,,,,,,,,,,,,,,,,,0,0.8214285714285714,,,,,,,,,
May 2026,154689195,MFC-D3B,Wayfair US,DMOM1055,14.69'' W Metal 3-Drawer Vertical Mobile File Cabinet,Filing Cabinets,,,,,,,,,,,,,,,,,,,,,,,,0,0.8214285714285714,,,,,,,,,
May 2026,154689196,MFC-D2W,Wayfair Canada (English),DMOM1056,14.69'' W Metal 2-Drawer Vertical Mobile File Cabinet,Filing Cabinets,,,,,,,,,,,,,,,,,,,,,,,,0,0.8214285714285714,,,,,,,,,
May 2026,154689196,MFC-D2W,Wayfair Canada (French),DMOM1056,"Classeur vertical mobile 14 tiroirs l 14,69 po",Filing Cabinets,,,,,,,,,,,,,,,,,,,,,,,,0,0.8214285714285714,,,,,,,,,
May 2026,154689196,MFC-D2W,Wayfair US,DMOM1056,14.69'' W Metal 2-Drawer Vertical Mobile File Cabinet,Filing Cabinets,,,,,,,,,,,,,,,,,,,,,,,,0,0.8214285714285714,,,,,,,,,
May 2026,157003801,TOOL-A06,Wayfair Canada (English),DMOM1068,"Metal Storage Cabinet with Lock for Garage/Workshop/Utility Room, Easy Assembly",Garage Storage Cabinets,,,,,,,,,,,,,,,,,,,,,,,,1,0.91666666666666663,,,,,,,,,
May 2026,157003801,TOOL-A06,Wayfair Canada (French),DMOM1068,"Armoire de rangement en métal avec serrure pour garage / atelier / buanderie, assemblage facile",Garage Storage Cabinets,,,,,,,,,,,,,,,,,,,,,,,,1,0.91666666666666663,,,,,,,,,
May 2026,157003801,TOOL-A06,Wayfair US,DMOM1068,"Metal Storage Cabinet with Lock for Garage/Workshop/Utility Room, Easy Assembly",Garage Storage Cabinets,,,,,,,,,,,,,,,,,,,,,,,,1,0.91666666666666663,,,,,,,,,
May 2026,157003802,TOOL-B05,Wayfair Canada (English),DMOM1067,"Metal Storage Cabinet with Lock for Garage/Workshop/Utility Room, Easy Assembly",Garage Storage Cabinets,,,,,,,,,,,,,,,,,,,,,,,,1,0.91666666666666663,,,,,,,,,
May 2026,157003802,TOOL-B05,Wayfair Canada (French),DMOM1067,"Armoire de rangement en métal avec serrure pour garage / atelier / buanderie, assemblage facile",Garage Storage Cabinets,,,,,,,,,,,,,,,,,,,,,,,,1,0.91666666666666663,,,,,,,,,
May 2026,157003802,TOOL-B05,Wayfair US,DMOM1067,"Metal Storage Cabinet with Lock for Garage/Workshop/Utility Room, Easy Assembly",Garage Storage Cabinets,,,,,,,,,,,,,,,,,,,,,,,,1,0.91666666666666663,,,,,,,,,
May 2026,157003803,TOOL-B04,Wayfair Canada (English),DMOM1069,"Metal Storage Cabinet with Lock for Garage/Workshop/Utility Room, Easy Assembly",Garage Storage Cabinets,,,,,,,,,,,,,,,,,,,,,,,,1,0,,,,,,,,,
May 2026,157003803,TOOL-B04,Wayfair Canada (French),DMOM1069,"Armoire de rangement en métal avec serrure pour garage / atelier / buanderie, assemblage facile",Garage Storage Cabinets,,,,,,,,,,,,,,,,,,,,,,,,1,0,,,,,,,,,
May 2026,157003803,TOOL-B04,Wayfair US,DMOM1069,"Metal Storage Cabinet with Lock for Garage/Workshop/Utility Room, Easy Assembly",Garage Storage Cabinets,,,,,,,,,,,,,,,,,,,,,,,,1,0,,,,,,,,,
May 2026,157003805,TOOL-B07,Wayfair Canada (English),DMOM1074,"Metal Storage Cabinet with Lock for Garage/Workshop/Utility Room, Easy Assembly",Garage Storage Cabinets,,,,,,,,,,,,,,,,,,,,,,,,1,0.91666666666666663,,,,,,,,,
May 2026,157003805,TOOL-B07,Wayfair Canada (French),DMOM1074,"Armoire de rangement en métal avec serrure pour garage / atelier / buanderie, assemblage facile",Garage Storage Cabinets,,,,,,,,,,,,,,,,,,,,,,,,1,0.91666666666666663,,,,,,,,,
May 2026,157003805,TOOL-B07,Wayfair US,DMOM1074,"Metal Storage Cabinet with Lock for Garage/Workshop/Utility Room, Easy Assembly",Garage Storage Cabinets,,,,,,,,,,,,,,,,,,,,,,,,1,0.91666666666666663,,,,,,,,,
May 2026,157003806,TOOL-A02,Wayfair Canada (English),DMOM1070,"Sturdy Wall Mounted Storage Cabinet with Lock for Garage/Workshop/Utility Room, Easy Assembly",Garage Storage Cabinets,,,,,,,,,,,,,,,,,,,,,,,,1,0,,,,,,,,,
May 2026,157003806,TOOL-A02,Wayfair Canada (French),DMOM1070,"Armoire de rangement murale robuste avec serrure pour garage / atelier / buanderie, facile à assembler",Garage Storage Cabinets,,,,,,,,,,,,,,,,,,,,,,,,1,0,,,,,,,,,
May 2026,157003806,TOOL-A02,Wayfair US,DMOM1070,"Sturdy Wall Mounted Storage Cabinet with Lock for Garage/Workshop/Utility Room, Easy Assembly",Garage Storage Cabinets,,,,,,,,,,,,,,,,,,,,,,,,1,0,,,,,,,,,
May 2026,157003807,TOOL-A07,Wayfair Canada (English),DMOM1074,"Metal Storage Cabinet with Lock for Garage/Workshop/Utility Room, Easy Assembly",Garage Storage Cabinets,,,,,,,,,,,,,,,,,,,,,,,,1,0.91666666666666663,,,,,,,,,
May 2026,157003807,TOOL-A07,Wayfair Canada (French),DMOM1074,"Armoire de rangement en métal avec serrure pour garage / atelier / buanderie, assemblage facile",Garage Storage Cabinets,,,,,,,,,,,,,,,,,,,,,,,,1,0.91666666666666663,,,,,,,,,
May 2026,157003807,TOOL-A07,Wayfair US,DMOM1074,"Metal Storage Cabinet with Lock for Garage/Workshop/Utility Room, Easy Assembly",Garage Storage Cabinets,,,,,,,,,,,,,,,,,,,,,,,,1,0.91666666666666663,,,,,,,,,
May 2026,157003808,TOOL-A03,Wayfair Canada (English),DMOM1062,"Sturdy Wall Mounted Storage Cabinet with Lock for Garage/Workshop/Utility Room, Easy Assembly",Garage Storage Cabinets,,,,,,,,,,,,,,,,,,,,,,,,1,0,,,,,,,,,
May 2026,157003808,TOOL-A03,Wayfair Canada (French),DMOM1062,"Armoire de rangement murale robuste avec serrure pour garage / atelier / buanderie, facile à assembler",Garage Storage Cabinets,,,,,,,,,,,,,,,,,,,,,,,,1,0,,,,,,,,,
May 2026,157003808,TOOL-A03,Wayfair US,DMOM1062,"Sturdy Wall Mounted Storage Cabinet with Lock for Garage/Workshop/Utility Room, Easy Assembly",Garage Storage Cabinets,,,,,,,,,,,,,,,,,,,,,,,,1,0,,,,,,,,,
May 2026,157003811,TOOL-B03,Wayfair Canada (English),DMOM1062,"Sturdy Wall Mounted Storage Cabinet with Lock for Garage/Workshop/Utility Room, Easy Assembly",Garage Storage Cabinets,,,,,,,,,,,,,,,,,,,,,,,,1,0,,,,,,,,,
May 2026,157003811,TOOL-B03,Wayfair Canada (French),DMOM1062,"Armoire de rangement murale robuste avec serrure pour garage / atelier / buanderie, facile à assembler",Garage Storage Cabinets,,,,,,,,,,,,,,,,,,,,,,,,1,0,,,,,,,,,
May 2026,157003811,TOOL-B03,Wayfair US,DMOM1062,"Sturdy Wall Mounted Storage Cabinet with Lock for Garage/Workshop/Utility Room, Easy Assembly",Garage Storage Cabinets,,,,,,,,,,,,,,,,,,,,,,,,1,0,,,,,,,,,
May 2026,157003812,TOOL-A04,Wayfair Canada (English),DMOM1069,"Metal Storage Cabinet with Lock for Garage/Workshop/Utility Room, Easy Assembly",Garage Storage Cabinets,,,,,,,,,,,,,,,,,,,,,,,,1,0,,,,,,,,,
May 2026,157003812,TOOL-A04,Wayfair Canada (French),DMOM1069,"Armoire de rangement en métal avec serrure pour garage / atelier / buanderie, assemblage facile",Garage Storage Cabinets,,,,,,,,,,,,,,,,,,,,,,,,1,0,,,,,,,,,
May 2026,157003812,TOOL-A04,Wayfair US,DMOM1069,"Metal Storage Cabinet with Lock for Garage/Workshop/Utility Room, Easy Assembly",Garage Storage Cabinets,,,,,,,,,,,,,,,,,,,,,,,,1,0,,,,,,,,,
May 2026,157003813,TOOL-B08,Wayfair Canada (English),DMOM1077,"Metal Storage Cabinet with Lock for Garage/Workshop/Utility Room, Easy Assembly",Garage Storage Cabinets,,,,,,,,,,,,,,,,,,,,,,,,1,0,,,,,,,,,
May 2026,157003813,TOOL-B08,Wayfair Canada (French),DMOM1077,"Armoire de rangement en métal avec serrure pour garage / atelier / buanderie, assemblage facile",Garage Storage Cabinets,,,,,,,,,,,,,,,,,,,,,,,,1,0,,,,,,,,,
May 2026,157003813,TOOL-B08,Wayfair US,DMOM1077,"Metal Storage Cabinet with Lock for Garage/Workshop/Utility Room, Easy Assembly",Garage Storage Cabinets,,,,,,,,,,,,,,,,,,,,,,,,1,0,,,,,,,,,
May 2026,157003815,TOOL-A01,Wayfair Canada (English),DMOM1072,"Sturdy Wall Mounted Storage Cabinet with Lock for Garage/Workshop/Utility Room, Easy Assembly",Garage Storage Cabinets,,,,,,,,,,,,,,,,,,,,,,,,1,0,,,,,,,,,
May 2026,157003815,TOOL-A01,Wayfair Canada (French),DMOM1072,"Armoire de rangement murale robuste avec serrure pour garage / atelier / buanderie, facile à assembler",Garage Storage Cabinets,,,,,,,,,,,,,,,,,,,,,,,,1,0,,,,,,,,,
May 2026,157003815,TOOL-A01,Wayfair US,DMOM1072,"Sturdy Wall Mounted Storage Cabinet with Lock for Garage/Workshop/Utility Room, Easy Assembly",Garage Storage Cabinets,,,,,,,,,,,,,,,,,,,,,,,,1,0,,,,,,,,,
May 2026,157003816,TOOL-B06,Wayfair Canada (English),DMOM1068,"Metal Storage Cabinet with Lock for Garage/Workshop/Utility Room, Easy Assembly",Garage Storage Cabinets,,,,,,,,,,,,,,,,,,,,,,,,1,0.91666666666666663,,,,,,,,,
May 2026,157003816,TOOL-B06,Wayfair Canada (French),DMOM1068,"Armoire de rangement en métal avec serrure pour garage / atelier / buanderie, assemblage facile",Garage Storage Cabinets,,,,,,,,,,,,,,,,,,,,,,,,1,0.91666666666666663,,,,,,,,,
May 2026,157003816,TOOL-B06,Wayfair US,DMOM1068,"Metal Storage Cabinet with Lock for Garage/Workshop/Utility Room, Easy Assembly",Garage Storage Cabinets,,,,,,,,,,,,,,,,,,,,,,,,1,0.91666666666666663,,,,,,,,,
May 2026,157003817,TOOL-B02,Wayfair Canada (English),DMOM1070,"Sturdy Wall Mounted Storage Cabinet with Lock for Garage/Workshop/Utility Room, Easy Assembly",Garage Storage Cabinets,,,,,,,,,,,,,,,,,,,,,,,,1,0,,,,,,,,,
May 2026,157003817,TOOL-B02,Wayfair Canada (French),DMOM1070,"Armoire de rangement murale robuste avec serrure pour garage / atelier / buanderie, facile à assembler",Garage Storage Cabinets,,,,,,,,,,,,,,,,,,,,,,,,1,0,,,,,,,,,
May 2026,157003817,TOOL-B02,Wayfair US,DMOM1070,"Sturdy Wall Mounted Storage Cabinet with Lock for Garage/Workshop/Utility Room, Easy Assembly",Garage Storage Cabinets,,,,,,,,,,,,,,,,,,,,,,,,1,0,,,,,,,,,
May 2026,157003818,TOOL-A08,Wayfair Canada (English),DMOM1077,"Metal Storage Cabinet with Lock for Garage/Workshop/Utility Room, Easy Assembly",Garage Storage Cabinets,,,,,,,,,,,,,,,,,,,,,,,,1,0,,,,,,,,,
May 2026,157003818,TOOL-A08,Wayfair Canada (French),DMOM1077,"Armoire de rangement en métal avec serrure pour garage / atelier / buanderie, assemblage facile",Garage Storage Cabinets,,,,,,,,,,,,,,,,,,,,,,,,1,0,,,,,,,,,
May 2026,157003818,TOOL-A08,Wayfair US,DMOM1077,"Metal Storage Cabinet with Lock for Garage/Workshop/Utility Room, Easy Assembly",Garage Storage Cabinets,,,,,,,,,,,,,,,,,,,,,,,,1,0,,,,,,,,,
May 2026,157003820,TOOL-A05,Wayfair Canada (English),DMOM1067,"Metal Storage Cabinet with Lock for Garage/Workshop/Utility Room, Easy Assembly",Garage Storage Cabinets,,,,,,,,,,,,,,,,,,,,,,,,1,0.91666666666666663,,,,,,,,,
May 2026,157003820,TOOL-A05,Wayfair Canada (French),DMOM1067,"Armoire de rangement en métal avec serrure pour garage / atelier / buanderie, assemblage facile",Garage Storage Cabinets,,,,,,,,,,,,,,,,,,,,,,,,1,0.91666666666666663,,,,,,,,,
May 2026,157003820,TOOL-A05,Wayfair US,DMOM1067,"Metal Storage Cabinet with Lock for Garage/Workshop/Utility Room, Easy Assembly",Garage Storage Cabinets,,,,,,,,,,,,,,,,,,,,,,,,1,0.91666666666666663,,,,,,,,,
May 2026,157003821,TOOL-B01,Wayfair Canada (English),DMOM1072,"Sturdy Wall Mounted Storage Cabinet with Lock for Garage/Workshop/Utility Room, Easy Assembly",Garage Storage Cabinets,,,,,,,,,,,,,,,,,,,,,,,,1,0,,,,,,,,,
May 2026,157003821,TOOL-B01,Wayfair Canada (French),DMOM1072,"Armoire de rangement murale robuste avec serrure pour garage / atelier / buanderie, facile à assembler",Garage Storage Cabinets,,,,,,,,,,,,,,,,,,,,,,,,1,0,,,,,,,,,
May 2026,157003821,TOOL-B01,Wayfair US,DMOM1072,"Sturdy Wall Mounted Storage Cabinet with Lock for Garage/Workshop/Utility Room, Easy Assembly",Garage Storage Cabinets,,,,,,,,,,,,,,,,,,,,,,,,1,0,,,,,,,,,
