Report Week,BrandCatalog,SKU,Display Sku,SupplierPart Number,ManufacturerPart Number,Class Name,Supplier ID,Supplier Name,Is CG,Ship Class,Product Status,SKU LaunchMonth,Brand Type,Is InExclusivity Program,QuantitySold L90D,WSC L90D,QuantitySold L12M,WSC L12M,Retail Price,Tax And Duties,Retail Price Net,Base Cost,WholesaleCost,Ship Outbound Cost,Ship Other Cost,Incident And Return Cost,Rebate,Product Allowance Cost,Other Handling Cost,Total Cost,B2C Discount,CG Markdown,WSC MarketCompetitiveness Percentile,ShipCost MarketCompetitiveness Percentile,IncidentsAndReturnCost MarketCompetitiveness Percentile
2026-05-31,Wayfair US,DMOM1000,W114466261,6T-2095-122,6T-2095-122,Shelving & Racks,347069,"Guangzhou youbao Technology Co. , Ltd.",DS,SP,Active,Jul-2025,Header Brand,Not exclusive,3,405,13,1467,209.99,0,209.99,150,135,19.33330606,0,8.605051,0,-8.1,9.009089076,163.847446136,-0.1,,1,0.65,0.32
2026-05-31,Wayfair US,DMOM1025,W116063428,LFC-3B,LFC-3B,Filing Cabinets,347069,"Guangzhou youbao Technology Co. , Ltd.",DS,SP,Active,Oct-2025,Header Brand,Not exclusive,4,533.2,19,2433.5,219.99,0,219.99,155,139.5,20.08066834,0,9.778272,0,-8.37,9.832287768,170.821228108,-0.1,,0.6,0.6,0.3
2026-05-31,Wayfair US,DMOM1029,W116052666,VF-ZH-4W,VF-ZH-4W,Filing Cabinets,347069,"Guangzhou youbao Technology Co. , Ltd.",DS,SP,Active,Oct-2025,Header Brand,Not exclusive,3,462.5,17,2103.45,256.99,0,256.99,185,166.5,20.88000646,0,12.170103,0,-9.99,11.204962845,200.765072305,-0.1,,0.63,0.21,0
2026-05-31,Wayfair US,DMOM1031,W118534853,MFC-D01,MFC-D01,Filing Cabinets,347069,"Guangzhou youbao Technology Co. , Ltd.",DS,SP,Active,Not defined,Header Brand,Not exclusive,,0,,0,189.99,0,189.99,125,115,12.45845332,0,8.913526,0,-6.9,8.669402577,138.141381897,-0.08,,,,
2026-05-31,Wayfair US,DMOM1039,W119185476,PT02-WH,PT02-WH,Pantry Cabinets,347069,"Guangzhou youbao Technology Co. , Ltd.",DS,SP,Active,Mar-2026,Header Brand,Not exclusive,,0,,0,249.99,0,249.99,162,149.04,21.31886698,0,13.636974,0,-8.9424,11.724803107,186.778244087,-0.08,,0.55,0.18,0.09
2026-05-31,Wayfair US,DMOM1072,W119966385,TOOL-B01,TOOL-B01,Garage Storage Cabinets,347069,"Guangzhou youbao Technology Co. , Ltd.",DS,SP,Active,Not defined,Header Brand,Not exclusive,,0,,0,99.99,0,99.99,74.8,68.816,8.52620857,0,5.2845936,0,-4.12896,6.383446414,84.881288584,-0.08,,0.22,0.05,0.71
2026-05-31,Wayfair US,DMOM1015,W115304074,5T-dong-198-120,5T-dong-198-120,Shelving & Racks,347069,"Guangzhou youbao Technology Co. , Ltd.",DS,SP,Active,Aug-2025,Header Brand,Not exclusive,0,0,6,587.4,164.99,0,164.99,110,99,20.97987133,0,7.348579,0,-5.94,7.273309155,128.661759485,-0.1,,0.16,0.63,0.95
2026-05-31,Wayfair US,DMOM1020,W116063492,MFC-D2-W,MFC-D2-W,Filing Cabinets,347069,"Guangzhou youbao Technology Co. , Ltd.",DS,SP,Active,Oct-2025,Header Brand,Not exclusive,21,1846.9,40,3495.8,154.99,0,154.99,110,99,11.85266233,0,7.322832,0,-5.94,7.36275594,119.59825027,-0.1,,0.55,0,0
2026-05-31,Wayfair US,DMOM1021,W116063489,LFC-2W-680,LFC-2W-680,Filing Cabinets,347069,"Guangzhou youbao Technology Co. , Ltd.",DS,SP,Active,Oct-2025,Header Brand,Not exclusive,23,2198.4,55,5596.8,165.99,0,165.99,120,108,12.2239333,0,6.402213,0,-6.48,7.827663897,127.973810197,-0.1,,0.48,0.38,0
2026-05-31,Wayfair US,DMOM1024,W116063488,LFC-5B,LFC-5B,Filing Cabinets,347069,"Guangzhou youbao Technology Co. , Ltd.",DS,SP,Active,Oct-2025,Header Brand,Not exclusive,1,207,1,207,329.99,0,329.99,230,207,31.47060781,0,19.215971,0,-12.42,13.839280438,259.105859248,-0.1,,0.73,0.73,0.64
2026-05-31,Wayfair US,DMOM1031,W118534853,MFC-D02,MFC-D02,Filing Cabinets,347069,"Guangzhou youbao Technology Co. , Ltd.",DS,SP,Active,Not defined,Header Brand,Not exclusive,,0,,0,209.99,0,209.99,140,128.8,13.45573975,0,9.664301,0,-7.728,9.430525087,153.622565837,-0.08,,,,
2026-05-31,Wayfair US,DMOM1053,W119669211,LFC-4W-400,LFC-4W-400,Filing Cabinets,347069,"Guangzhou youbao Technology Co. , Ltd.",DS,SP,Active,Not defined,Header Brand,Not exclusive,,0,,0,259.99,0,259.99,180,165.6,24.5765785,0,13.302884,0,-9.936,11.287961654,204.831424154,-0.08,,0.43,0.48,0.26
2026-05-31,Wayfair US,DMOM1070,W119966391,TOOL-A02,TOOL-A02,Garage Storage Cabinets,347069,"Guangzhou youbao Technology Co. , Ltd.",DS,SP,Active,Not defined,Header Brand,Not exclusive,,0,,0,143.99,0,143.99,110.5,101.66,11.88326101,0,7.00808,0,-6.0996,8.063973757,122.515714767,-0.08,,0.49,0.21,0.2
2026-05-31,Wayfair US,DMOM1077,W119966384,TOOL-B08,TOOL-B08,Garage Storage Cabinets,347069,"Guangzhou youbao Technology Co. , Ltd.",DS,SP,Active,Not defined,Header Brand,Not exclusive,,0,,0,279.99,0,279.99,212.5,195.5,26.11122805,0,17.11356,0,-11.73,13.089597,240.08438505,-0.08,,0.27,0.37,0.61
2026-05-31,Wayfair US,DMOM1004,W114460485,3T-Kayak,3T-Kayak,Bike And Sport Racks,347069,"Guangzhou youbao Technology Co. , Ltd.",DS,SP,Active,Jul-2025,Header Brand,Not exclusive,0,0,13,1277.1,145.99,0,145.99,110,99,10.78558576,0,6.015693,0,-5.94,6.382713451,116.243992211,-0.1,,0.82,0,0.45
2026-05-31,Wayfair US,DMOM1013,W115101372,YB-CW12H0689,YB-CW12H0689,Small Animal Cages And Habitats,347069,"Guangzhou youbao Technology Co. , Ltd.",DS,SP,Active,Aug-2025,Header Brand,Not exclusive,,0,,0,309.99,0,309.99,235,211.5,32.20172764,0,15.258837,0,-12.69,12.956850058,259.227414698,-0.1,,0.25,0.83,0.33
2026-05-31,Wayfair US,DMOM1016,W115304072,5T-wangge,5T-wangge,Shelving & Racks,347069,"Guangzhou youbao Technology Co. , Ltd.",DS,SP,Active,Aug-2025,Header Brand,Not exclusive,0,0,3,211.2,114.99,0,114.99,80,72,11.64287275,0,4.970187,0,-4.32,5.414300941,89.707360691,-0.1,,0.55,0.09,0.91
2026-05-31,Wayfair US,DMOM1026,W116063431,VFC-2B,VFC-2B,Filing Cabinets,347069,"Guangzhou youbao Technology Co. , Ltd.",DS,SP,Active,Oct-2025,Header Brand,Not exclusive,,0,,0,119.99,0,119.99,80,72,14.2044643,0,5.351533,0,-4.32,6.052100901,93.288098201,-0.1,,0,0,0.29
2026-05-31,Wayfair US,DMOM1031,W118534853,MFC-D03,MFC-D03,Filing Cabinets,347069,"Guangzhou youbao Technology Co. , Ltd.",DS,SP,Active,Not defined,Header Brand,Not exclusive,,0,,0,203.99,0,203.99,135,124.2,13.3776712,0,9.403036,0,-7.452,9.201539904,148.730247104,-0.08,,,,
2026-05-31,Wayfair US,DMOM1049,W119240525,W6D-G-locker,W6D-G-locker,Lockers,347069,"Guangzhou youbao Technology Co. , Ltd.",DS,SP,Active,Mar-2026,Header Brand,Not exclusive,,0,,0,334.99,0,334.99,230,211.6,27.42152221,0,23.160564,0,-12.696,14.953707012,264.439793222,-0.08,,0.75,0.51,0.66
2026-05-31,Wayfair US,DMOM1068,W119966373,TOOL-B06,TOOL-B06,Garage Storage Cabinets,347069,"Guangzhou youbao Technology Co. , Ltd.",DS,SP,Active,Not defined,Header Brand,Not exclusive,,0,,0,209.99,0,209.99,161.5,148.58,19.28960863,0,10.401842,0,-8.9148,10.543268728,179.899919358,-0.08,,0.8,0.39,0.29
2026-05-31,Wayfair US,DMOM1070,W119966391,TOOL-B02,TOOL-B02,Garage Storage Cabinets,347069,"Guangzhou youbao Technology Co. , Ltd.",DS,SP,Active,Not defined,Header Brand,Not exclusive,,0,,0,143.99,0,143.99,110.5,101.66,12.0216886,0,6.995381,0,-6.0996,8.0656714,122.643141,-0.08,,0.49,0.23,0.2
2026-05-31,Wayfair US,DMOM1074,W119966380,TOOL-B07,TOOL-B07,Garage Storage Cabinets,347069,"Guangzhou youbao Technology Co. , Ltd.",DS,SP,Active,Not defined,Header Brand,Not exclusive,,0,,0,229.99,0,229.99,178.5,164.22,20.41159516,0,11.430257,0,-9.8532,11.296688831,197.505340991,-0.08,,0.88,0.44,0.27
2026-05-31,Wayfair US,DMOM1002,W114460480,8T-Kayak,8T-Kayak,Bike And Sport Racks,347069,"Guangzhou youbao Technology Co. , Ltd.",DS,SP,Active,Jul-2025,Header Brand,Not exclusive,,0,,0,279.99,0,279.99,215,193.5,18.03328132,0,11.464209,0,-11.61,11.399522882,222.787013202,-0.1,,0.82,0.64,0.36
2026-05-31,Wayfair US,DMOM1003,W114467209,4T-Kayak,4T-Kayak,Bike And Sport Racks,347069,"Guangzhou youbao Technology Co. , Ltd.",DS,SP,Active,Jul-2025,Header Brand,Not exclusive,18,1995,40,4709.6,194.99,0,194.99,140,126,20.65774687,0,7.409247,0,-7.56,8.252161239,154.759155109,-0.1,,1,0.82,0
2026-05-31,Wayfair US,DMOM1018,W116063433,LFC-2B,LFC-2B,Filing Cabinets,347069,"Guangzhou youbao Technology Co. , Ltd.",DS,SP,Active,Oct-2025,Header Brand,Not exclusive,24,2488.05,32,3437.1,193.99,0,193.99,135,121.5,18.63488071,0,8.302772,0,-7.29,8.854220808,150.001873518,-0.1,,0.71,0.14,0.1
2026-05-31,Wayfair US,DMOM1021,W116063489,LFC-2B-680,LFC-2B-680,Filing Cabinets,347069,"Guangzhou youbao Technology Co. , Ltd.",DS,SP,Active,Oct-2025,Header Brand,Not exclusive,26,2761.2,47,4958.4,165.99,0,165.99,120,108,12.16556527,0,6.574002,0,-6.48,7.820488149,128.080055419,-0.1,,0.48,0.05,0
2026-05-31,Wayfair US,DMOM1026,W116063431,VFC-2W,VFC-2W,Filing Cabinets,347069,"Guangzhou youbao Technology Co. , Ltd.",DS,SP,Active,Oct-2025,Header Brand,Not exclusive,3,140,9,567.2,118.99,0,118.99,80,72,12.9752776,0,5.183645,0,-4.32,6.02024778,91.85917038,-0.1,,0,0.33,0.29
2026-05-31,Wayfair US,DMOM1068,W119966373,TOOL-A06,TOOL-A06,Garage Storage Cabinets,347069,"Guangzhou youbao Technology Co. , Ltd.",DS,SP,Active,Not defined,Header Brand,Not exclusive,,0,,0,205.99,0,205.99,156.4,143.888,19.35971314,0,10.0347348,0,-8.63328,10.401583975,175.050751915,-0.08,,0.78,0.4,0.25
2026-05-31,Wayfair US,DMOM1023,W116063425,VFC-4B,VFC-4B,Filing Cabinets,347069,"Guangzhou youbao Technology Co. , Ltd.",DS,SP,Active,Oct-2025,Header Brand,Not exclusive,3,361.2,15,1744.23,199.99,0,199.99,140,126,18.34723216,0,9.468536,0,-7.56,9.051633984,155.307402144,-0.1,,0.55,0.23,0.05
2026-05-31,Wayfair US,DMOM1027,W116063491,LFC-4B,LFC-4B,Filing Cabinets,347069,"Guangzhou youbao Technology Co. , Ltd.",DS,SP,Active,Oct-2025,Header Brand,Not exclusive,14,2118.24,39,6517.99,285.99,0,285.99,200,180,28.29924325,0,13.647753,0,-10.8,12.293718255,223.440714505,-0.1,,0.76,0.38,0.29
2026-05-31,Wayfair US,DMOM1028,W116055452,VFC-5B,VFC-5B,Filing Cabinets,347069,"Guangzhou youbao Technology Co. , Ltd.",DS,SP,Active,Oct-2025,Header Brand,Not exclusive,0,0,2,306,249.99,0,249.99,170,153,28.12110025,0,12.278337,0,-9.18,10.926440444,195.145877694,-0.1,,0.48,0.78,0.39
2026-05-31,Wayfair US,DMOM1042,W119206158,PT03-WH,PT03-WH,Pantry Cabinets,347069,"Guangzhou youbao Technology Co. , Ltd.",DS,SP,Active,Mar-2026,Header Brand,Not exclusive,,0,,0,249.99,0,249.99,162,149.04,20.98144318,0,13.676877,0,-8.9424,11.723820646,186.479740826,-0.08,,0.5,0,0.18
2026-05-31,Wayfair US,DMOM1044,W119204755,PT05-WH,PT05-WH,Sideboards & Buffets,347069,"Guangzhou youbao Technology Co. , Ltd.",DS,SP,Active,Mar-2026,Header Brand,Not exclusive,,0,,0,169.99,0,169.99,99,91.08,12.22697221,0,10.875865,0,-5.4648,8.937312712,117.655349922,-0.08,,0.29,0.05,0.47
2026-05-31,Wayfair US,DMOM1067,W119966376,TOOL-A05,TOOL-A05,Garage Storage Cabinets,347069,"Guangzhou youbao Technology Co. , Ltd.",DS,SP,Active,Not defined,Header Brand,Not exclusive,,0,,0,189.99,0,189.99,146.2,134.504,15.72475762,0,9.2903376,0,-8.07024,9.794367928,161.243223148,-0.08,,0.69,0.26,0.29
2026-05-31,Wayfair US,DMOM1072,W119966385,TOOL-A01,TOOL-A01,Garage Storage Cabinets,347069,"Guangzhou youbao Technology Co. , Ltd.",DS,SP,Active,Not defined,Header Brand,Not exclusive,,0,,0,101.99,0,101.99,76.5,70.38,8.62418722,0,5.446441,0,-4.2228,6.462729724,86.690557944,-0.08,,0.23,0.04,0.65
2026-05-31,Wayfair US,DMOM1074,W119966380,TOOL-A07,TOOL-A07,Garage Storage Cabinets,347069,"Guangzhou youbao Technology Co. , Ltd.",DS,SP,Active,Not defined,Header Brand,Not exclusive,,0,,0,229.99,0,229.99,178.5,164.22,20.55620536,0,11.453256,0,-9.8532,11.29578497,197.67204633,-0.08,,0.88,0.44,0.27
2026-05-31,Wayfair US,DMOM1000,W114466261,5T-1830-900,5T-1830-900,Shelving & Racks,347069,"Guangzhou youbao Technology Co. , Ltd.",DS,SP,Active,Jul-2025,Header Brand,Not exclusive,2,151.3,9,705.77,139.99,0,139.99,89,80.1,22.24908781,0,5.400483,0,-4.806,6.382709297,109.326280107,-0.1,,0.5,0.94,0.31
2026-05-31,Wayfair US,DMOM1006,W114941605,MK-WB001B,MK-WB001B,Workbenches,347069,"Guangzhou youbao Technology Co. , Ltd.",DS,SP,Active,Aug-2025,Header Brand,Not exclusive,,0,,0,249.99,0,249.99,179.99,161.991,21.55307263,0,11.6919192,0,-9.71946,11.278275526,196.794807356,-0.1,,0.85,0.38,0
2026-05-31,Wayfair US,DMOM1009,W115098286,YB-MSE3400003,YB-MSE3400003,Crates and Carriers,347069,"Guangzhou youbao Technology Co. , Ltd.",DS,SP,Active,Aug-2025,Header Brand,Not exclusive,,0,,0,365.99,0,365.99,245,220.5,36.27984007,0,21.577302,0,-13.23,15.889493666,281.016635736,-0.1,,0.18,1,0.45
2026-05-31,Wayfair US,DMOM1012,W115101378,YB-CW12Y0719,YB-CW12Y0719,Small Animal Cages And Habitats,347069,"Guangzhou youbao Technology Co. , Ltd.",DS,SP,Active,Aug-2025,Header Brand,Not exclusive,,0,,0,136.99,0,136.99,105,94.5,16.44927568,0,7.1512,0,-5.67,6.527884377,118.958360057,-0.1,,0,1,0.89
2026-05-31,Wayfair US,DMOM1022,W116063490,MFC-D3-B,MFC-D3-B,Filing Cabinets,347069,"Guangzhou youbao Technology Co. , Ltd.",DS,SP,Active,Oct-2025,Header Brand,Not exclusive,35,1291.5,57,3096.45,139.99,0,139.99,105,94.5,11.8686952,0,6.840258,0,-5.67,6.787640684,114.326593884,-0.1,,0.17,0.33,0.22
2026-05-31,Wayfair US,DMOM1047,W119204836,W3D-G-locker,W3D-G-locker,Lockers,347069,"Guangzhou youbao Technology Co. , Ltd.",DS,SP,Active,Mar-2026,Header Brand,Not exclusive,,0,,0,319.99,0,319.99,221,203.32,30.1440712,0,17.633087,0,-12.1992,14.488628023,253.386586223,-0.08,,0.69,0.51,0.46
2026-05-31,Wayfair US,DMOM1062,W119966389,TOOL-B03,TOOL-B03,Garage Storage Cabinets,347069,"Guangzhou youbao Technology Co. , Ltd.",DS,SP,Active,Not defined,Header Brand,Not exclusive,,0,,0,162.99,0,162.99,127.5,117.3,11.79104581,0,8.080482,0,-7.038,8.760292022,138.893819832,-0.08,,0.65,0.21,0.36
2026-05-31,Wayfair US,DMOM1069,W119966387,TOOL-B04,TOOL-B04,Garage Storage Cabinets,347069,"Guangzhou youbao Technology Co. , Ltd.",DS,SP,Active,Not defined,Header Brand,Not exclusive,,0,,0,169.99,0,169.99,132.6,121.992,13.85016931,0,8.2457132,0,-7.31952,9.046803249,145.815165759,-0.08,,0.69,0.32,0.13
2026-05-31,Wayfair US,DMOM1000,W114466261,5T-1980-1200,5T-1980-1200,Shelving & Racks,347069,"Guangzhou youbao Technology Co. , Ltd.",DS,SP,Active,Jul-2025,Header Brand,Not exclusive,10,954,30,2877.6,172.99,0,172.99,120,108,18.44657308,0,7.050245,0,-6.48,7.616199062,134.633017142,-0.1,,0.78,0.44,0.38
2026-05-31,Wayfair US,DMOM1005,W114460483,5T-Niudun,5T-Niudun,Bookcases,347069,"Guangzhou youbao Technology Co. , Ltd.",DS,SP,Active,Jul-2025,Header Brand,Not exclusive,1,59.4,3,178.2,109.99,0,109.99,108,59.4,18.67553923,0,4.607873,0,-3.564,5.294542263,84.413954493,-0.45,,0.59,0.76,0.24
2026-05-31,Wayfair US,DMOM1007,W115098288,YB-CW12A0720,YB-CW12A0720,Cat Cages & Playpens,347069,"Guangzhou youbao Technology Co. , Ltd.",DS,SP,Active,Aug-2025,Header Brand,Not exclusive,,0,,0,289.99,0,289.99,220,198,31.80981304,0,13.994415,0,-11.88,12.951087139,244.875315179,-0.1,,0.09,1,0.45
2026-05-31,Wayfair US,DMOM1017,W115286599,3T-W,3T-W,Aquariums & Bowls,347069,"Guangzhou youbao Technology Co. , Ltd.",DS,SP,Active,Aug-2025,Header Brand,Not exclusive,5,245,9,245.31,92.99,0,92.99,70,63,10.53461371,0,4.771167,0,-3.78,5.813238132,80.339018842,-0.1,,0,0,0.59
2026-05-31,Wayfair US,DMOM1020,W116063492,MFC-D2-B,MFC-D2-B,Filing Cabinets,347069,"Guangzhou youbao Technology Co. , Ltd.",DS,SP,Active,Oct-2025,Header Brand,Not exclusive,24,1807.3,61,5404.3,157.99,0,157.99,110,99,14.54125936,0,7.087852,0,-5.94,7.487556234,122.176667594,-0.1,,0.55,0.77,0
2026-05-31,Wayfair US,DMOM1029,W116052666,VF-ZH-4B,VF-ZH-4B,Filing Cabinets,347069,"Guangzhou youbao Technology Co. , Ltd.",DS,SP,Active,Oct-2025,Header Brand,Not exclusive,11,1628,27,4238.35,255.99,0,255.99,185,166.5,20.86900351,0,11.783667,0,-9.99,11.181504125,200.344174635,-0.1,,0.63,0.53,0
2026-05-31,Wayfair US,DMOM1037,W119184271,CT-02,CT-02,Coffee & Cocktail Tables,347069,"Guangzhou youbao Technology Co. , Ltd.",DS,SP,Active,Mar-2026,Header Brand,Not exclusive,,0,,0,233.99,0,233.99,128,117.76,17.93865595,0,16.618941,0,-7.0656,10.426082627,155.678079577,-0.08,,0.18,0.18,0.45
2026-05-31,Wayfair US,DMOM1040,W119186674,CT-01,CT-01,Coffee & Cocktail Tables,347069,"Guangzhou youbao Technology Co. , Ltd.",DS,SP,Active,Mar-2026,Header Brand,Not exclusive,,0,,0,246.99,0,246.99,136,125.12,17.93855116,0,17.671158,0,-7.5072,10.887936503,164.110445663,-0.08,,0.36,0.09,0
2026-05-31,Wayfair US,DMOM1043,W119204752,PT04-WH,PT04-WH,Pantry Cabinets,347069,"Guangzhou youbao Technology Co. , Ltd.",DS,SP,Active,Mar-2026,Header Brand,Not exclusive,,0,,0,259.99,0,259.99,170,156.4,20.9738983,0,14.122738,0,-9.384,12.084712979,194.197349279,-0.08,,0.33,0.1,0.36
2026-05-31,Wayfair US,DMOM1056,DMOM1056,MFC-D2W,MFC-D2W,Filing Cabinets,347069,"Guangzhou youbao Technology Co. , Ltd.",DS,SP,Admins Can Sell,Not defined,,Not exclusive,,0,,0,203.99,0,203.99,130,123.5,13.10930401,0,10.291234,0,-7.41,9.159852506,148.650390516,-0.05,,,,
2026-05-31,Wayfair US,DMOM1067,W119966376,TOOL-B05,TOOL-B05,Garage Storage Cabinets,347069,"Guangzhou youbao Technology Co. , Ltd.",DS,SP,Active,Not defined,Header Brand,Not exclusive,,0,,0,199.99,0,199.99,156.4,143.888,15.77673346,0,9.7968062,0,-8.63328,10.17117621,170.99943587,-0.08,,0.78,0.26,0.28
2026-05-31,Wayfair US,DMOM1077,W119966384,TOOL-A08,TOOL-A08,Garage Storage Cabinets,347069,"Guangzhou youbao Technology Co. , Ltd.",DS,SP,Active,Not defined,Header Brand,Not exclusive,,0,,0,279.99,0,279.99,212.5,195.5,26.15943145,0,17.11356,0,-11.73,13.089597,240.13258845,-0.08,,0.29,0.39,0.62
2026-05-31,Wayfair US,DMOM1000,W114466261,5T-1830-1200,5T-1830-1200,Shelving & Racks,347069,"Guangzhou youbao Technology Co. , Ltd.",DS,SP,Active,Jul-2025,Header Brand,Not exclusive,4,483,18,2216.2,197.99,0,197.99,140,126,19.54896388,0,7.986154,0,-7.56,8.560998217,154.536116097,-0.1,,0.97,0.69,0.31
2026-05-31,Wayfair US,DMOM1017,W115286599,3T-B,3T-B,Aquariums & Bowls,347069,"Guangzhou youbao Technology Co. , Ltd.",DS,SP,Active,Aug-2025,Header Brand,Not exclusive,1,0,1,0,91.99,0,91.99,70,63,10.36726408,0,3.866968,0,-3.78,5.812939413,79.267171493,-0.1,,0,0.35,0
2026-05-31,Wayfair US,DMOM1018,W116063433,LFC-2W,LFC-2W,Filing Cabinets,347069,"Guangzhou youbao Technology Co. , Ltd.",DS,SP,Active,Oct-2025,Header Brand,Not exclusive,5,357.75,17,1907.55,192.99,0,192.99,135,121.5,17.73159091,0,8.103432,0,-7.29,8.824187355,148.869210265,-0.1,,0.71,0.19,0.05
2026-05-31,Wayfair US,DMOM1019,W116063436,VFC-3B,VFC-3B,Filing Cabinets,347069,"Guangzhou youbao Technology Co. , Ltd.",DS,SP,Active,Oct-2025,Header Brand,Not exclusive,8,842.4,39,4029.6,163.99,0,163.99,120,108,12.04694299,0,6.947577,0,-6.48,7.728904412,128.243424402,-0.1,,0.4,0.15,0.3
2026-05-31,Wayfair US,DMOM1022,W116063490,MFC-D3-W,MFC-D3-W,Filing Cabinets,347069,"Guangzhou youbao Technology Co. , Ltd.",DS,SP,Active,Oct-2025,Header Brand,Not exclusive,51,4573.8,65,5505.15,141.99,0,141.99,105,94.5,11.92171894,0,7.023708,0,-5.67,6.862373564,114.637800504,-0.1,,0.17,0.06,0.22
2026-05-31,Wayfair US,DMOM1025,W116063428,LFC-3W,LFC-3W,Filing Cabinets,347069,"Guangzhou youbao Technology Co. , Ltd.",DS,SP,Active,Oct-2025,Header Brand,Not exclusive,9,1213.65,44,5995.4,219.99,0,219.99,155,139.5,20.23670065,0,9.34044,0,-8.37,9.847849861,170.554990511,-0.1,,0.6,0.6,0.1
2026-05-31,Wayfair US,DMOM1027,W116063491,LFC-4W,LFC-4W,Filing Cabinets,347069,"Guangzhou youbao Technology Co. , Ltd.",DS,SP,Active,Oct-2025,Header Brand,Not exclusive,1,180,8,1412,279.99,0,279.99,200,180,22.33145275,0,13.907538,0,-10.8,12.051953105,217.490943855,-0.1,,0.76,0.33,0.29
2026-05-31,Wayfair US,DMOM1028,W116055452,VFC-5W,VFC-5W,Filing Cabinets,347069,"Guangzhou youbao Technology Co. , Ltd.",DS,SP,Active,Oct-2025,Header Brand,Not exclusive,,0,,0,239.99,0,239.99,170,153,21.23388229,0,11.869936,0,-9.18,10.550693184,187.474511474,-0.1,,0.48,0.35,0.39
2026-05-31,Wayfair US,DMOM1062,W119966389,TOOL-A03,TOOL-A03,Garage Storage Cabinets,347069,"Guangzhou youbao Technology Co. , Ltd.",DS,SP,Active,Not defined,Header Brand,Not exclusive,,0,,0,135.99,0,135.99,103.7,95.404,11.56019344,0,6.7067314,0,-5.72424,7.755768106,115.702452946,-0.08,,0.42,0.2,0.33
2026-05-31,Wayfair US,DMOM1069,W119966387,TOOL-A04,TOOL-A04,Garage Storage Cabinets,347069,"Guangzhou youbao Technology Co. , Ltd.",DS,SP,Active,Not defined,Header Brand,Not exclusive,,0,,0,165.99,0,165.99,127.5,117.3,14.14431484,0,8.0244,0,-7.038,8.896991649,141.327706489,-0.08,,0.65,0.34,0.13
2026-05-31,Wayfair US,DMOM1000,W114466261,5T-1600-800,5T-1600-800,Shelving & Racks,347069,"Guangzhou youbao Technology Co. , Ltd.",DS,SP,Active,Jul-2025,Header Brand,Not exclusive,0,0,2,153,119.99,0,119.99,85,76.5,11.76725848,0,4.615792,0,-4.59,5.626656329,93.919706809,-0.1,,0.5,0.31,0.41
2026-05-31,Wayfair US,DMOM1023,W116063425,VFC-4W,VFC-4W,Filing Cabinets,347069,"Guangzhou youbao Technology Co. , Ltd.",DS,SP,Active,Oct-2025,Header Brand,Not exclusive,1,123.2,4,491.4,199.99,0,199.99,140,126,18.40298044,0,9.461137,0,-7.56,9.052419944,155.356537384,-0.1,,0.55,0.18,0.05
2026-05-31,Wayfair US,DMOM1031,W118534853,MFC-D04,MFC-D04,Filing Cabinets,347069,"Guangzhou youbao Technology Co. , Ltd.",DS,SP,Active,Not defined,Header Brand,Not exclusive,,0,,0,189.99,0,189.99,125,115,12.30451681,0,8.82603,0,-6.9,8.672389219,137.902936029,-0.08,,,,
2026-05-31,Wayfair US,DMOM1041,W119185687,CT-3ps,CT-3ps,Coffee & Cocktail Tables,347069,"Guangzhou youbao Technology Co. , Ltd.",DS,SP,Active,Mar-2026,Header Brand,Not exclusive,,0,,0,329.99,0,329.99,187,172.04,21.19490041,0,24.786618,0,-10.3224,13.831107057,221.530225467,-0.08,,1,1,0.7
2026-05-31,Wayfair US,DMOM1048,W119237006,W9D-G-locker,W9D-G-locker,Lockers,347069,"Guangzhou youbao Technology Co. , Ltd.",DS,SP,Active,Mar-2026,Header Brand,Not exclusive,,0,,0,349.99,0,349.99,238,218.96,31.14366301,0,24.318799,0,-13.1376,15.501195509,276.786057519,-0.08,,0.81,0.52,0.67
2026-05-31,Wayfair US,DMOM1001,W114464543,2T-Kayak,2T-Kayak,Bike And Sport Racks,347069,"Guangzhou youbao Technology Co. , Ltd.",DS,SP,Active,Jul-2025,Header Brand,Not exclusive,0,0,9,581.4,129.99,0,129.99,95,85.5,11.13589873,0,6.264078,0,-5.13,5.752587666,103.522564396,-0.1,,0.73,0.09,1
2026-05-31,Wayfair US,DMOM1008,W115098290,YB-CW12S0768,YB-CW12S0768,Cat Condos & Cat Trees,347069,"Guangzhou youbao Technology Co. , Ltd.",DS,SP,Active,Aug-2025,Header Brand,Not exclusive,0,0,1,0,51.99,0,51.99,28,25.2,9.99075361,0,2.487786,0,-1.512,2.946801305,39.113340915,-0.1,,0.14,0.86,1
2026-05-31,Wayfair US,DMOM1011,W115101379,YB- CW12X0718,YB- CW12X0718,Small Animal Cages And Habitats,347069,"Guangzhou youbao Technology Co. , Ltd.",DS,SP,Active,Aug-2025,Header Brand,Not exclusive,,0,,0,207.99,0,207.99,155,139.5,22.65148141,0,9.738351,0,-8.37,9.205420848,172.725253258,-0.1,,0,0.64,0.36
2026-05-31,Wayfair US,DMOM1015,W115304074,5T-dong-183-120,5T-dong-183-120,Shelving & Racks,347069,"Guangzhou youbao Technology Co. , Ltd.",DS,SP,Active,Aug-2025,Header Brand,Not exclusive,3,216,21,2220,177.99,0,177.99,120,108,21.90390955,0,7.55553,0,-6.48,7.793265801,138.772705351,-0.1,,0.21,0.79,0.84
2026-05-31,Wayfair US,DMOM1019,W116063436,VFC-3W,VFC-3W,Filing Cabinets,347069,"Guangzhou youbao Technology Co. , Ltd.",DS,SP,Active,Oct-2025,Header Brand,Not exclusive,3,316.8,15,1584,164.99,0,164.99,120,108,12.1107601,0,7.071774,0,-6.48,7.764596789,128.467130889,-0.1,,0.4,0.4,0.3
2026-05-31,Wayfair US,DMOM1024,W116063488,LFC-5W,LFC-5W,Filing Cabinets,347069,"Guangzhou youbao Technology Co. , Ltd.",DS,SP,Active,Oct-2025,Header Brand,Not exclusive,0,0,1,207,319.99,0,319.99,230,207,25.97290525,0,19.161351,0,-12.42,13.441918924,253.156175174,-0.1,,0.73,0.5,0.64
2026-05-31,Wayfair US,DMOM1038,W119185475,PT01-WH,PT01-WH,Pantry Cabinets,347069,"Guangzhou youbao Technology Co. , Ltd.",DS,SP,Active,Mar-2026,Header Brand,Not exclusive,,0,,0,212.99,0,212.99,136,125.12,20.19038347,0,11.308146,0,-7.5072,10.357815015,159.469144485,-0.08,,0,0,0
2026-05-31,Wayfair US,DMOM1054,W119669210,LFC-4B-400,LFC-4B-400,Filing Cabinets,347069,"Guangzhou youbao Technology Co. , Ltd.",DS,SP,Active,Not defined,Header Brand,Not exclusive,,0,,0,259.99,0,259.99,180,165.6,24.5765785,0,13.302884,0,-9.936,11.287961654,204.831424154,-0.08,,0,0.05,0.1
2026-05-31,Wayfair US,DMOM1055,DMOM1055,MFC-D3B,MFC-D3B,Filing Cabinets,347069,"Guangzhou youbao Technology Co. , Ltd.",DS,SP,Admins Can Sell,Not defined,,Not exclusive,,0,,0,193.99,0,193.99,125,118.75,11.4359125,0,9.316327,0,-7.125,8.800854159,141.178093659,-0.05,,,,
2026-05-24,Wayfair US,DMOM1015,W115304074,5T-dong-198-120,5T-dong-198-120,Shelving & Racks,347069,"Guangzhou youbao Technology Co. , Ltd.",DS,SP,Active,Aug-2025,Header Brand,Not exclusive,0,0,6,587.4,164.99,0,164.99,110,99,20.97987133,0,7.348579,0,-5.94,7.273309155,128.661759485,-0.1,,0.16,0.63,0.95
2026-05-24,Wayfair US,DMOM1024,W116063488,LFC-5B,LFC-5B,Filing Cabinets,347069,"Guangzhou youbao Technology Co. , Ltd.",DS,SP,Active,Oct-2025,Header Brand,Not exclusive,1,207,1,207,319.99,0,319.99,230,207,31.47060781,0,18.686971,0,-12.42,13.467070138,258.204648948,-0.1,,0.73,0.73,0.64
2026-05-24,Wayfair US,DMOM1027,W116063491,LFC-4B,LFC-4B,Filing Cabinets,347069,"Guangzhou youbao Technology Co. , Ltd.",DS,SP,Active,Oct-2025,Header Brand,Not exclusive,14,2118.24,39,6517.99,279.99,0,279.99,200,180,28.29924325,0,13.379553,0,-10.8,12.068458515,222.947254765,-0.1,,0.76,0.38,0.29
2026-05-24,Wayfair US,DMOM1028,W116055452,VFC-5W,VFC-5W,Filing Cabinets,347069,"Guangzhou youbao Technology Co. , Ltd.",DS,SP,Active,Oct-2025,Header Brand,Not exclusive,,0,,0,232.99,0,232.99,170,153,21.23388229,0,11.545136,0,-9.18,10.288357824,186.887376114,-0.1,,0.48,0.35,0.39
2026-05-24,Wayfair US,DMOM1040,W119186674,CT-01,CT-01,Coffee & Cocktail Tables,347069,"Guangzhou youbao Technology Co. , Ltd.",DS,SP,Active,Mar-2026,Header Brand,Not exclusive,,0,,0,239.99,0,239.99,136,125.12,17.93855116,0,17.087358,0,-7.5072,10.635779843,163.274489003,-0.08,,0.36,0.09,0
2026-05-24,Wayfair US,DMOM1072,W119966385,TOOL-A01,TOOL-A01,Garage Storage Cabinets,347069,"Guangzhou youbao Technology Co. , Ltd.",DS,SP,Active,Not defined,Header Brand,Not exclusive,,0,,0,101.99,0,101.99,76.5,70.38,8.62418722,0,5.446441,0,-4.2228,6.462729724,86.690557944,-0.08,,0.23,0.04,0.65
2026-05-24,Wayfair US,DMOM1077,W119966384,TOOL-B08,TOOL-B08,Garage Storage Cabinets,347069,"Guangzhou youbao Technology Co. , Ltd.",DS,SP,Active,Not defined,Header Brand,Not exclusive,,0,,0,279.99,0,279.99,212.5,195.5,26.11122805,0,17.11356,0,-11.73,13.089597,240.08438505,-0.08,,0.27,0.37,0.61
2026-05-24,Wayfair US,DMOM1002,W114460480,8T-Kayak,8T-Kayak,Bike And Sport Racks,347069,"Guangzhou youbao Technology Co. , Ltd.",DS,SP,Active,Jul-2025,Header Brand,Not exclusive,,0,,0,279.99,0,279.99,215,193.5,18.03328132,0,11.464209,0,-11.61,11.399522882,222.787013202,-0.1,,0.82,0.64,0.36
2026-05-24,Wayfair US,DMOM1007,W115098288,YB-CW12A0720,YB-CW12A0720,Cat Cages & Playpens,347069,"Guangzhou youbao Technology Co. , Ltd.",DS,SP,Active,Aug-2025,Header Brand,Not exclusive,,0,,0,289.99,0,289.99,220,198,31.80981304,0,13.994415,0,-11.88,12.951087139,244.875315179,-0.1,,0.09,1,0.45
2026-05-24,Wayfair US,DMOM1012,W115101378,YB-CW12Y0719,YB-CW12Y0719,Small Animal Cages And Habitats,347069,"Guangzhou youbao Technology Co. , Ltd.",DS,SP,Active,Aug-2025,Header Brand,Not exclusive,,0,,0,136.99,0,136.99,105,94.5,16.44927568,0,7.1512,0,-5.67,6.527884377,118.958360057,-0.1,,0,1,0.89
2026-05-24,Wayfair US,DMOM1013,W115101372,YB-CW12H0689,YB-CW12H0689,Small Animal Cages And Habitats,347069,"Guangzhou youbao Technology Co. , Ltd.",DS,SP,Active,Aug-2025,Header Brand,Not exclusive,,0,,0,309.99,0,309.99,235,211.5,32.20172764,0,15.258837,0,-12.69,12.956850058,259.227414698,-0.1,,0.25,0.83,0.33
2026-05-24,Wayfair US,DMOM1018,W116063433,LFC-2W,LFC-2W,Filing Cabinets,347069,"Guangzhou youbao Technology Co. , Ltd.",DS,SP,Active,Oct-2025,Header Brand,Not exclusive,5,600.75,17,1907.55,186.99,0,186.99,135,121.5,17.73159091,0,7.852632,0,-7.29,8.598243795,148.392466705,-0.1,,0.71,0.19,0.05
2026-05-24,Wayfair US,DMOM1026,W116063431,VFC-2W,VFC-2W,Filing Cabinets,347069,"Guangzhou youbao Technology Co. , Ltd.",DS,SP,Active,Oct-2025,Header Brand,Not exclusive,4,212,9,567.2,115.99,0,115.99,80,72,12.9752776,0,5.047145,0,-4.32,5.90771223,91.61013483,-0.1,,0,0.33,0.29
2026-05-24,Wayfair US,DMOM1029,W116052666,VF-ZH-4W,VF-ZH-4W,Filing Cabinets,347069,"Guangzhou youbao Technology Co. , Ltd.",DS,SP,Active,Oct-2025,Header Brand,Not exclusive,3,462.5,17,2103.45,249.99,0,249.99,185,166.5,20.88000646,0,11.857203,0,-9.99,10.942159815,200.189369275,-0.1,,0.63,0.21,0
2026-05-24,Wayfair US,DMOM1037,W119184271,CT-02,CT-02,Coffee & Cocktail Tables,347069,"Guangzhou youbao Technology Co. , Ltd.",DS,SP,Active,Mar-2026,Header Brand,Not exclusive,,0,,0,227.99,0,227.99,128,117.76,17.93865595,0,16.122741,0,-7.0656,10.209783287,154.965580237,-0.08,,0.18,0.18,0.45
2026-05-24,Wayfair US,DMOM1074,W119966380,TOOL-A07,TOOL-A07,Garage Storage Cabinets,347069,"Guangzhou youbao Technology Co. , Ltd.",DS,SP,Active,Not defined,Header Brand,Not exclusive,,0,,0,229.99,0,229.99,178.5,164.22,20.55620536,0,11.453256,0,-9.8532,11.29578497,197.67204633,-0.08,,0.88,0.44,0.27
2026-05-24,Wayfair US,DMOM1000,W114466261,5T-1830-1200,5T-1830-1200,Shelving & Racks,347069,"Guangzhou youbao Technology Co. , Ltd.",DS,SP,Active,Jul-2025,Header Brand,Not exclusive,3,364,16,1978.2,197.99,0,197.99,140,126,19.54896388,0,7.986154,0,-7.56,8.560998217,154.536116097,-0.1,,0.97,0.69,0.31
2026-05-24,Wayfair US,DMOM1017,W115286599,3T-W,3T-W,Aquariums & Bowls,347069,"Guangzhou youbao Technology Co. , Ltd.",DS,SP,Active,Aug-2025,Header Brand,Not exclusive,4,182.31,8,182.31,92.99,0,92.99,70,63,10.53461371,0,4.771167,0,-3.78,5.813238132,80.339018842,-0.1,,0,0,0.59
2026-05-24,Wayfair US,DMOM1025,W116063428,LFC-3W,LFC-3W,Filing Cabinets,347069,"Guangzhou youbao Technology Co. , Ltd.",DS,SP,Active,Oct-2025,Header Brand,Not exclusive,10,1353.15,44,5995.4,209.99,0,209.99,155,139.5,20.23670065,0,8.93044,0,-8.37,9.470962861,169.768103511,-0.1,,0.6,0.6,0.1
2026-05-24,Wayfair US,DMOM1070,W119966391,TOOL-B02,TOOL-B02,Garage Storage Cabinets,347069,"Guangzhou youbao Technology Co. , Ltd.",DS,SP,Active,Not defined,Header Brand,Not exclusive,,0,,0,143.99,0,143.99,110.5,101.66,12.0216886,0,6.995381,0,-6.0996,8.0656714,122.643141,-0.08,,0.49,0.23,0.2
2026-05-24,Wayfair US,DMOM1000,W114466261,5T-1600-800,5T-1600-800,Shelving & Racks,347069,"Guangzhou youbao Technology Co. , Ltd.",DS,SP,Active,Jul-2025,Header Brand,Not exclusive,0,0,2,153,119.99,0,119.99,85,76.5,11.76725848,0,4.615792,0,-4.59,5.626656329,93.919706809,-0.1,,0.5,0.31,0.41
2026-05-24,Wayfair US,DMOM1003,W114467209,4T-Kayak,4T-Kayak,Bike And Sport Racks,347069,"Guangzhou youbao Technology Co. , Ltd.",DS,SP,Active,Jul-2025,Header Brand,Not exclusive,18,1995,40,4709.6,194.99,0,194.99,140,126,20.65774687,0,7.409247,0,-7.56,8.252161239,154.759155109,-0.1,,1,0.82,0
2026-05-24,Wayfair US,DMOM1005,W114460483,5T-Niudun,5T-Niudun,Bookcases,347069,"Guangzhou youbao Technology Co. , Ltd.",DS,SP,Active,Jul-2025,Header Brand,Not exclusive,1,59.4,3,178.2,109.99,0,109.99,108,59.4,18.67553923,0,4.607873,0,-3.564,5.294542263,84.413954493,-0.45,,0.59,0.76,0.24
2026-05-24,Wayfair US,DMOM1038,W119185475,PT01-WH,PT01-WH,Pantry Cabinets,347069,"Guangzhou youbao Technology Co. , Ltd.",DS,SP,Active,Mar-2026,Header Brand,Not exclusive,,0,,0,212.99,0,212.99,136,125.12,20.19038347,0,11.308146,0,-7.5072,10.357815015,159.469144485,-0.08,,0,0,0
2026-05-24,Wayfair US,DMOM1041,W119185687,CT-3ps,CT-3ps,Coffee & Cocktail Tables,347069,"Guangzhou youbao Technology Co. , Ltd.",DS,SP,Active,Mar-2026,Header Brand,Not exclusive,,0,,0,323.99,0,323.99,187,172.04,21.19490041,0,24.264618,0,-10.3224,13.615821657,220.792940067,-0.08,,1,1,0.7
2026-05-24,Wayfair US,DMOM1062,W119966389,TOOL-B03,TOOL-B03,Garage Storage Cabinets,347069,"Guangzhou youbao Technology Co. , Ltd.",DS,SP,Active,Not defined,Header Brand,Not exclusive,,0,,0,162.99,0,162.99,127.5,117.3,11.79104581,0,8.080482,0,-7.038,8.760292022,138.893819832,-0.08,,0.65,0.21,0.36
2026-05-24,Wayfair US,DMOM1067,W119966376,TOOL-A05,TOOL-A05,Garage Storage Cabinets,347069,"Guangzhou youbao Technology Co. , Ltd.",DS,SP,Active,Not defined,Header Brand,Not exclusive,,0,,0,189.99,0,189.99,146.2,134.504,15.72475762,0,9.2903376,0,-8.07024,9.794367928,161.243223148,-0.08,,0.69,0.26,0.29
2026-05-24,Wayfair US,DMOM1068,W119966373,TOOL-A06,TOOL-A06,Garage Storage Cabinets,347069,"Guangzhou youbao Technology Co. , Ltd.",DS,SP,Active,Not defined,Header Brand,Not exclusive,,0,,0,205.99,0,205.99,156.4,143.888,19.35971314,0,10.0347348,0,-8.63328,10.401583975,175.050751915,-0.08,,0.78,0.4,0.25
2026-05-24,Wayfair US,DMOM1072,W119966385,TOOL-B01,TOOL-B01,Garage Storage Cabinets,347069,"Guangzhou youbao Technology Co. , Ltd.",DS,SP,Active,Not defined,Header Brand,Not exclusive,,0,,0,99.99,0,99.99,74.8,68.816,8.52620857,0,5.2845936,0,-4.12896,6.383446414,84.881288584,-0.08,,0.22,0.05,0.71
2026-05-24,Wayfair US,DMOM1000,W114466261,5T-1830-900,5T-1830-900,Shelving & Racks,347069,"Guangzhou youbao Technology Co. , Ltd.",DS,SP,Active,Jul-2025,Header Brand,Not exclusive,0,0,7,554.47,139.99,0,139.99,89,80.1,22.24908781,0,5.400483,0,-4.806,6.382709297,109.326280107,-0.1,,0.5,0.94,0.31
2026-05-24,Wayfair US,DMOM1006,W114941605,MK-WB001B,MK-WB001B,Workbenches,347069,"Guangzhou youbao Technology Co. , Ltd.",DS,SP,Active,Aug-2025,Header Brand,Not exclusive,,0,,0,249.99,0,249.99,179.99,161.991,21.55307263,0,11.6919192,0,-9.71946,11.278275526,196.794807356,-0.1,,0.85,0.38,0
2026-05-24,Wayfair US,DMOM1019,W116063436,VFC-3W,VFC-3W,Filing Cabinets,347069,"Guangzhou youbao Technology Co. , Ltd.",DS,SP,Active,Oct-2025,Header Brand,Not exclusive,3,316.8,15,1584,159.99,0,159.99,120,108,12.1107601,0,6.858774,0,-6.48,7.576467689,128.066001789,-0.1,,0.4,0.4,0.3
2026-05-24,Wayfair US,DMOM1077,W119966384,TOOL-A08,TOOL-A08,Garage Storage Cabinets,347069,"Guangzhou youbao Technology Co. , Ltd.",DS,SP,Active,Not defined,Header Brand,Not exclusive,,0,,0,279.99,0,279.99,212.5,195.5,26.15943145,0,17.11356,0,-11.73,13.089597,240.13258845,-0.08,,0.29,0.39,0.62
2026-05-24,Wayfair US,DMOM1020,W116063492,MFC-D2-B,MFC-D2-B,Filing Cabinets,347069,"Guangzhou youbao Technology Co. , Ltd.",DS,SP,Active,Oct-2025,Header Brand,Not exclusive,26,1994.3,60,5305.3,153.99,0,153.99,110,99,14.54125936,0,6.908652,0,-5.94,7.337398794,121.847310154,-0.1,,0.55,0.77,0
2026-05-24,Wayfair US,DMOM1027,W116063491,LFC-4W,LFC-4W,Filing Cabinets,347069,"Guangzhou youbao Technology Co. , Ltd.",DS,SP,Active,Oct-2025,Header Brand,Not exclusive,2,360,8,1412,269.99,0,269.99,200,180,22.33145275,0,13.445538,0,-10.8,11.677109705,216.654100455,-0.1,,0.76,0.33,0.29
2026-05-24,Wayfair US,DMOM1053,W119669211,LFC-4W-400,LFC-4W-400,Filing Cabinets,347069,"Guangzhou youbao Technology Co. , Ltd.",DS,SP,Active,Not defined,Header Brand,Not exclusive,,0,,0,239.99,0,239.99,180,165.6,24.5765785,0,12.350884,0,-9.936,10.539375254,203.130837754,-0.08,,0.43,0.48,0.26
2026-05-24,Wayfair US,DMOM1067,W119966376,TOOL-B05,TOOL-B05,Garage Storage Cabinets,347069,"Guangzhou youbao Technology Co. , Ltd.",DS,SP,Active,Not defined,Header Brand,Not exclusive,,0,,0,199.99,0,199.99,156.4,143.888,15.77673346,0,9.7968062,0,-8.63328,10.17117621,170.99943587,-0.08,,0.78,0.26,0.28
2026-05-24,Wayfair US,DMOM1069,W119966387,TOOL-B04,TOOL-B04,Garage Storage Cabinets,347069,"Guangzhou youbao Technology Co. , Ltd.",DS,SP,Active,Not defined,Header Brand,Not exclusive,,0,,0,169.99,0,169.99,132.6,121.992,13.85016931,0,8.2457132,0,-7.31952,9.046803249,145.815165759,-0.08,,0.69,0.32,0.13
2026-05-24,Wayfair US,DMOM1000,W114466261,5T-1980-1200,5T-1980-1200,Shelving & Racks,347069,"Guangzhou youbao Technology Co. , Ltd.",DS,SP,Active,Jul-2025,Header Brand,Not exclusive,6,528,26,2451.6,172.99,0,172.99,120,108,18.44657308,0,7.050245,0,-6.48,7.616199062,134.633017142,-0.1,,0.78,0.44,0.38
2026-05-24,Wayfair US,DMOM1004,W114460485,3T-Kayak,3T-Kayak,Bike And Sport Racks,347069,"Guangzhou youbao Technology Co. , Ltd.",DS,SP,Active,Jul-2025,Header Brand,Not exclusive,0,0,13,1277.1,145.99,0,145.99,110,99,10.78558576,0,6.015693,0,-5.94,6.382713451,116.243992211,-0.1,,0.82,0,0.45
2026-05-24,Wayfair US,DMOM1009,W115098286,YB-MSE3400003,YB-MSE3400003,Crates and Carriers,347069,"Guangzhou youbao Technology Co. , Ltd.",DS,SP,Active,Aug-2025,Header Brand,Not exclusive,,0,,0,365.99,0,365.99,245,220.5,36.27984007,0,21.577302,0,-13.23,15.889493666,281.016635736,-0.1,,0.18,1,0.45
2026-05-24,Wayfair US,DMOM1019,W116063436,VFC-3B,VFC-3B,Filing Cabinets,347069,"Guangzhou youbao Technology Co. , Ltd.",DS,SP,Active,Oct-2025,Header Brand,Not exclusive,5,530.4,35,3609.6,159.99,0,159.99,120,108,12.12396364,0,6.778377,0,-6.48,7.578353972,128.000694612,-0.1,,0.4,0.15,0.3
2026-05-24,Wayfair US,DMOM1024,W116063488,LFC-5W,LFC-5W,Filing Cabinets,347069,"Guangzhou youbao Technology Co. , Ltd.",DS,SP,Active,Oct-2025,Header Brand,Not exclusive,0,0,1,207,313.99,0,313.99,230,207,25.97290525,0,18.831951,0,-12.42,13.219064344,252.603920594,-0.1,,0.73,0.5,0.64
2026-05-24,Wayfair US,DMOM1025,W116063428,LFC-3B,LFC-3B,Filing Cabinets,347069,"Guangzhou youbao Technology Co. , Ltd.",DS,SP,Active,Oct-2025,Header Brand,Not exclusive,4,533.2,19,2433.5,209.99,0,209.99,155,139.5,20.08066834,0,9.350272,0,-8.37,9.456108168,170.017048508,-0.1,,0.6,0.6,0.3
2026-05-24,Wayfair US,DMOM1028,W116055452,VFC-5B,VFC-5B,Filing Cabinets,347069,"Guangzhou youbao Technology Co. , Ltd.",DS,SP,Active,Oct-2025,Header Brand,Not exclusive,0,0,2,306,239.99,0,239.99,170,153,28.12110025,0,11.815337,0,-9.18,10.551636344,194.308073594,-0.1,,0.48,0.78,0.39
2026-05-24,Wayfair US,DMOM1068,W119966373,TOOL-B06,TOOL-B06,Garage Storage Cabinets,347069,"Guangzhou youbao Technology Co. , Ltd.",DS,SP,Active,Not defined,Header Brand,Not exclusive,,0,,0,209.99,0,209.99,161.5,148.58,19.28960863,0,10.401842,0,-8.9148,10.543268728,179.899919358,-0.08,,0.8,0.39,0.29
2026-05-24,Wayfair US,DMOM1001,W114464543,2T-Kayak,2T-Kayak,Bike And Sport Racks,347069,"Guangzhou youbao Technology Co. , Ltd.",DS,SP,Active,Jul-2025,Header Brand,Not exclusive,0,0,9,581.4,129.99,0,129.99,95,85.5,11.13589873,0,6.264078,0,-5.13,5.752587666,103.522564396,-0.1,,0.73,0.09,1
2026-05-24,Wayfair US,DMOM1018,W116063433,LFC-2B,LFC-2B,Filing Cabinets,347069,"Guangzhou youbao Technology Co. , Ltd.",DS,SP,Active,Oct-2025,Header Brand,Not exclusive,21,2123.55,29,3072.6,189.99,0,189.99,135,121.5,18.63488071,0,8.131572,0,-7.29,8.703748968,149.680201678,-0.1,,0.71,0.14,0.1
2026-05-24,Wayfair US,DMOM1020,W116063492,MFC-D2-W,MFC-D2-W,Filing Cabinets,347069,"Guangzhou youbao Technology Co. , Ltd.",DS,SP,Active,Oct-2025,Header Brand,Not exclusive,19,1648.9,38,3297.8,149.99,0,149.99,110,99,11.85266233,0,7.088832,0,-5.94,7.17545214,119.17694647,-0.1,,0.55,0,0
2026-05-24,Wayfair US,DMOM1021,W116063489,LFC-2B-680,LFC-2B-680,Filing Cabinets,347069,"Guangzhou youbao Technology Co. , Ltd.",DS,SP,Active,Oct-2025,Header Brand,Not exclusive,23,2437.2,44,4634.4,159.99,0,159.99,120,108,12.16556527,0,6.335202,0,-6.48,7.594072989,127.614840259,-0.1,,0.48,0.05,0
2026-05-24,Wayfair US,DMOM1022,W116063490,MFC-D3-W,MFC-D3-W,Filing Cabinets,347069,"Guangzhou youbao Technology Co. , Ltd.",DS,SP,Active,Oct-2025,Header Brand,Not exclusive,53,4757.55,65,5505.15,137.99,0,137.99,105,94.5,11.92171894,0,6.826908,0,-5.67,6.712907804,114.291534744,-0.1,,0.17,0.06,0.22
2026-05-24,Wayfair US,DMOM1022,W116063490,MFC-D3-B,MFC-D3-B,Filing Cabinets,347069,"Guangzhou youbao Technology Co. , Ltd.",DS,SP,Active,Oct-2025,Header Brand,Not exclusive,35,1291.5,57,3096.45,137.99,0,137.99,105,94.5,11.8686952,0,6.741858,0,-5.67,6.712907804,114.153461004,-0.1,,0.17,0.33,0.22
2026-05-24,Wayfair US,DMOM1023,W116063425,VFC-4B,VFC-4B,Filing Cabinets,347069,"Guangzhou youbao Technology Co. , Ltd.",DS,SP,Active,Oct-2025,Header Brand,Not exclusive,3,361.2,15,1744.23,192.99,0,192.99,140,126,18.34723216,0,9.143736,0,-7.56,8.789298624,154.720266784,-0.1,,0.55,0.23,0.05
2026-05-24,Wayfair US,DMOM1026,W116063431,VFC-2B,VFC-2B,Filing Cabinets,347069,"Guangzhou youbao Technology Co. , Ltd.",DS,SP,Active,Oct-2025,Header Brand,Not exclusive,,0,,0,117.99,0,117.99,80,72,14.2044643,0,5.258133,0,-4.32,5.977171521,93.119768821,-0.1,,0,0,0.29
2026-05-24,Wayfair US,DMOM1029,W116052666,VF-ZH-4B,VF-ZH-4B,Filing Cabinets,347069,"Guangzhou youbao Technology Co. , Ltd.",DS,SP,Active,Oct-2025,Header Brand,Not exclusive,11,1628,27,4238.35,249.99,0,249.99,185,166.5,20.86900351,0,11.523867,0,-9.99,10.955914265,199.858784775,-0.1,,0.63,0.53,0
2026-05-24,Wayfair US,DMOM1054,W119669210,LFC-4B-400,LFC-4B-400,Filing Cabinets,347069,"Guangzhou youbao Technology Co. , Ltd.",DS,SP,Active,Not defined,Header Brand,Not exclusive,,0,,0,239.99,0,239.99,180,165.6,24.5765785,0,12.350884,0,-9.936,10.539375254,203.130837754,-0.08,,0,0.05,0.1
2026-05-24,Wayfair US,DMOM1074,W119966380,TOOL-B07,TOOL-B07,Garage Storage Cabinets,347069,"Guangzhou youbao Technology Co. , Ltd.",DS,SP,Active,Not defined,Header Brand,Not exclusive,,0,,0,229.99,0,229.99,178.5,164.22,20.41159516,0,11.430257,0,-9.8532,11.296688831,197.505340991,-0.08,,0.88,0.44,0.27
2026-05-24,Wayfair US,DMOM1008,W115098290,YB-CW12S0768,YB-CW12S0768,Cat Condos & Cat Trees,347069,"Guangzhou youbao Technology Co. , Ltd.",DS,SP,Active,Aug-2025,Header Brand,Not exclusive,0,0,1,0,51.99,0,51.99,28,25.2,9.99075361,0,2.487786,0,-1.512,2.946801305,39.113340915,-0.1,,0.14,0.86,1
2026-05-24,Wayfair US,DMOM1016,W115304072,5T-wangge,5T-wangge,Shelving & Racks,347069,"Guangzhou youbao Technology Co. , Ltd.",DS,SP,Active,Aug-2025,Header Brand,Not exclusive,0,0,3,211.2,114.99,0,114.99,80,72,11.64287275,0,4.970187,0,-4.32,5.414300941,89.707360691,-0.1,,0.55,0.09,0.91
2026-05-24,Wayfair US,DMOM1023,W116063425,VFC-4W,VFC-4W,Filing Cabinets,347069,"Guangzhou youbao Technology Co. , Ltd.",DS,SP,Active,Oct-2025,Header Brand,Not exclusive,1,123.2,4,491.4,192.99,0,192.99,140,126,18.40298044,0,9.137037,0,-7.56,8.790057074,154.770074514,-0.1,,0.55,0.18,0.05
2026-05-24,Wayfair US,DMOM1039,W119185476,PT02-WH,PT02-WH,Pantry Cabinets,347069,"Guangzhou youbao Technology Co. , Ltd.",DS,SP,Active,Mar-2026,Header Brand,Not exclusive,,0,,0,249.99,0,249.99,162,149.04,21.31886698,0,13.636974,0,-8.9424,11.724803107,186.778244087,-0.08,,0.55,0.18,0.09
2026-05-24,Wayfair US,DMOM1047,W119204836,W3D-G-locker,W3D-G-locker,Lockers,347069,"Guangzhou youbao Technology Co. , Ltd.",DS,SP,Active,Mar-2026,Header Brand,Not exclusive,,0,,0,319.99,0,319.99,221,203.32,30.1440712,0,17.633087,0,-12.1992,14.488628023,253.386586223,-0.08,,0.69,0.51,0.46
2026-05-24,Wayfair US,DMOM1055,DMOM1055,MFC-D3B,MFC-D3B,Filing Cabinets,347069,"Guangzhou youbao Technology Co. , Ltd.",DS,SP,Admins Can Sell,Not defined,,Not exclusive,,0,,0,187.99,0,187.99,125,118.75,11.4359125,0,9.017527,0,-7.125,8.576796999,140.655236499,-0.05,,,,
2026-05-24,Wayfair US,DMOM1000,W114466261,6T-2095-122,6T-2095-122,Shelving & Racks,347069,"Guangzhou youbao Technology Co. , Ltd.",DS,SP,Active,Jul-2025,Header Brand,Not exclusive,3,405,13,1467,209.99,0,209.99,150,135,19.33330606,0,8.605051,0,-8.1,9.009089076,163.847446136,-0.1,,1,0.65,0.32
2026-05-24,Wayfair US,DMOM1011,W115101379,YB- CW12X0718,YB- CW12X0718,Small Animal Cages And Habitats,347069,"Guangzhou youbao Technology Co. , Ltd.",DS,SP,Active,Aug-2025,Header Brand,Not exclusive,,0,,0,207.99,0,207.99,155,139.5,22.65148141,0,9.738351,0,-8.37,9.205420848,172.725253258,-0.1,,0,0.64,0.36
2026-05-24,Wayfair US,DMOM1015,W115304074,5T-dong-183-120,5T-dong-183-120,Shelving & Racks,347069,"Guangzhou youbao Technology Co. , Ltd.",DS,SP,Active,Aug-2025,Header Brand,Not exclusive,3,324,21,2220,177.99,0,177.99,120,108,21.90390955,0,7.55553,0,-6.48,7.793265801,138.772705351,-0.1,,0.21,0.79,0.84
2026-05-24,Wayfair US,DMOM1017,W115286599,3T-B,3T-B,Aquariums & Bowls,347069,"Guangzhou youbao Technology Co. , Ltd.",DS,SP,Active,Aug-2025,Header Brand,Not exclusive,,0,,0,91.99,0,91.99,70,63,10.36726408,0,3.866968,0,-3.78,5.812939413,79.267171493,-0.1,,0,0.35,0
2026-05-24,Wayfair US,DMOM1021,W116063489,LFC-2W-680,LFC-2W-680,Filing Cabinets,347069,"Guangzhou youbao Technology Co. , Ltd.",DS,SP,Active,Oct-2025,Header Brand,Not exclusive,22,2204.4,54,5494.8,159.99,0,159.99,120,108,12.2239333,0,6.170013,0,-6.48,7.600989357,127.514935657,-0.1,,0.48,0.38,0
2026-05-24,Wayfair US,DMOM1042,W119206158,PT03-WH,PT03-WH,Pantry Cabinets,347069,"Guangzhou youbao Technology Co. , Ltd.",DS,SP,Active,Mar-2026,Header Brand,Not exclusive,,0,,0,249.99,0,249.99,162,149.04,20.98144318,0,13.676877,0,-8.9424,11.723820646,186.479740826,-0.08,,0.5,0,0.18
2026-05-24,Wayfair US,DMOM1056,DMOM1056,MFC-D2W,MFC-D2W,Filing Cabinets,347069,"Guangzhou youbao Technology Co. , Ltd.",DS,SP,Admins Can Sell,Not defined,,Not exclusive,,0,,0,197.99,0,197.99,130,123.5,13.10930401,0,9.981634,0,-7.41,8.936219786,148.117157796,-0.05,,,,
2026-05-24,Wayfair US,DMOM1062,W119966389,TOOL-A03,TOOL-A03,Garage Storage Cabinets,347069,"Guangzhou youbao Technology Co. , Ltd.",DS,SP,Active,Not defined,Header Brand,Not exclusive,,0,,0,135.99,0,135.99,103.7,95.404,11.56019344,0,6.7067314,0,-5.72424,7.755768106,115.702452946,-0.08,,0.42,0.2,0.33
2026-05-24,Wayfair US,DMOM1069,W119966387,TOOL-A04,TOOL-A04,Garage Storage Cabinets,347069,"Guangzhou youbao Technology Co. , Ltd.",DS,SP,Active,Not defined,Header Brand,Not exclusive,,0,,0,165.99,0,165.99,127.5,117.3,14.14431484,0,8.0244,0,-7.038,8.896991649,141.327706489,-0.08,,0.65,0.34,0.13
2026-05-24,Wayfair US,DMOM1070,W119966391,TOOL-A02,TOOL-A02,Garage Storage Cabinets,347069,"Guangzhou youbao Technology Co. , Ltd.",DS,SP,Active,Not defined,Header Brand,Not exclusive,,0,,0,143.99,0,143.99,110.5,101.66,11.88326101,0,7.00808,0,-6.0996,8.063973757,122.515714767,-0.08,,0.49,0.21,0.2
2026-05-17,Wayfair US,DMOM1011,W115101379,YB- CW12X0718,YB- CW12X0718,Small Animal Cages And Habitats,347069,"Guangzhou youbao Technology Co. , Ltd.",DS,SP,Active,Aug-2025,Header Brand,Not exclusive,,0,,0,207.99,0,207.99,155,139.5,22.65148141,0,9.738351,0,-8.37,9.205420848,172.725253258,-0.1,,0,0.64,0.36
2026-05-17,Wayfair US,DMOM1027,W116063491,LFC-4B,LFC-4B,Filing Cabinets,347069,"Guangzhou youbao Technology Co. , Ltd.",DS,SP,Active,Oct-2025,Header Brand,Not exclusive,13,1958.23,38,6347.99,269.99,0,269.99,200,180,22.37776993,0,12.932553,0,-10.8,11.693025615,216.203348545,-0.1,,0.76,0.38,0.29
2026-05-17,Wayfair US,DMOM1041,W119185687,CT-3ps,CT-3ps,Coffee & Cocktail Tables,347069,"Guangzhou youbao Technology Co. , Ltd.",DS,SP,Active,Mar-2026,Header Brand,Not exclusive,,0,,0,323.99,0,323.99,187,172.04,21.19490041,0,24.264618,0,-10.3224,13.615821657,220.792940067,-0.08,,1,1,0.7
2026-05-17,Wayfair US,DMOM1042,W119206158,PT03-WH,PT03-WH,Pantry Cabinets,347069,"Guangzhou youbao Technology Co. , Ltd.",DS,SP,Active,Mar-2026,Header Brand,Not exclusive,,0,,0,249.99,0,249.99,162,149.04,20.98144318,0,13.676877,0,-8.9424,11.723820646,186.479740826,-0.08,,0.5,0,0.18
2026-05-17,Wayfair US,DMOM1064,W119966383,TOOL-A03,TOOL-A03,Garage Storage Cabinets,347069,"Guangzhou youbao Technology Co. , Ltd.",DS,SP,Active,Not defined,Header Brand,Not exclusive,,0,,0,145.99,0,145.99,103.7,103.7,11.56019344,0,7.198117,0,-6.222,8.129000206,124.365310646,,,,,
2026-05-17,Wayfair US,DMOM1001,W114464543,2T-Kayak,2T-Kayak,Bike And Sport Racks,347069,"Guangzhou youbao Technology Co. , Ltd.",DS,SP,Active,Jul-2025,Header Brand,Not exclusive,0,0,9,581.4,129.99,0,129.99,95,85.5,11.13589873,0,6.264078,0,-5.13,5.752587666,103.522564396,-0.1,,0.73,0.09,1
2026-05-17,Wayfair US,DMOM1002,W114460480,8T-Kayak,8T-Kayak,Bike And Sport Racks,347069,"Guangzhou youbao Technology Co. , Ltd.",DS,SP,Active,Jul-2025,Header Brand,Not exclusive,,0,,0,279.99,0,279.99,215,193.5,18.03328132,0,11.464209,0,-11.61,11.399522882,222.787013202,-0.1,,0.82,0.64,0.36
2026-05-17,Wayfair US,DMOM1017,W115286599,3T-B,3T-B,Aquariums & Bowls,347069,"Guangzhou youbao Technology Co. , Ltd.",DS,SP,Active,Aug-2025,Header Brand,Not exclusive,,0,,0,92.99,0,92.99,70,63,11.5260319,0,3.920168,0,-3.78,5.850148653,80.516348553,-0.1,,0,0.35,0
2026-05-17,Wayfair US,DMOM1021,W116063489,LFC-2B-680,LFC-2B-680,Filing Cabinets,347069,"Guangzhou youbao Technology Co. , Ltd.",DS,SP,Active,Oct-2025,Header Brand,Not exclusive,22,2329.2,42,4418.4,159.99,0,159.99,120,108,12.16556527,0,6.335202,0,-6.48,7.594072989,127.614840259,-0.1,,0.48,0.05,0
2026-05-17,Wayfair US,DMOM1027,W116063491,LFC-4W,LFC-4W,Filing Cabinets,347069,"Guangzhou youbao Technology Co. , Ltd.",DS,SP,Active,Oct-2025,Header Brand,Not exclusive,2,360,8,1412,269.99,0,269.99,200,180,21.46819273,0,13.445538,0,-10.8,11.677109705,215.790840435,-0.1,,0.76,0.33,0.29
2026-05-17,Wayfair US,DMOM1040,W119186674,CT-01,CT-01,Coffee & Cocktail Tables,347069,"Guangzhou youbao Technology Co. , Ltd.",DS,SP,Active,Mar-2026,Header Brand,Not exclusive,,0,,0,239.99,0,239.99,136,125.12,17.93855116,0,17.087358,0,-7.5072,10.635779843,163.274489003,-0.08,,0.36,0.09,0
2026-05-17,Wayfair US,DMOM1066,W119966381,TOOL-B02,TOOL-B02,Garage Storage Cabinets,347069,"Guangzhou youbao Technology Co. , Ltd.",DS,SP,Active,Not defined,Header Brand,Not exclusive,,0,,0,154.99,0,154.99,110.5,110.5,12.0216886,0,7.530217,0,-6.63,8.47709131,131.89899691,,,,,
2026-05-17,Wayfair US,DMOM1067,W119966376,TOOL-A05,TOOL-A05,Garage Storage Cabinets,347069,"Guangzhou youbao Technology Co. , Ltd.",DS,SP,Active,Not defined,Header Brand,Not exclusive,,0,,0,203.99,0,203.99,146.2,146.2,15.72475762,0,9.979208,0,-8.772,10.318598488,173.450564108,,,0.69,0.26,0.29
2026-05-17,Wayfair US,DMOM1076,W119966375,TOOL-B06,TOOL-B06,Garage Storage Cabinets,347069,"Guangzhou youbao Technology Co. , Ltd.",DS,SP,Active,Not defined,Header Brand,Not exclusive,,0,,0,226.99,0,226.99,161.5,161.5,19.28960863,0,11.246878,0,-9.69,11.179834408,193.526321038,,,,,
2026-05-17,Wayfair US,DMOM1000,W114466261,5T-1980-1200,5T-1980-1200,Shelving & Racks,347069,"Guangzhou youbao Technology Co. , Ltd.",DS,SP,Active,Jul-2025,Header Brand,Not exclusive,9,846,26,2451.6,172.99,0,172.99,120,108,18.44657308,0,7.050245,0,-6.48,7.616199062,134.633017142,-0.1,,0.78,0.44,0.38
2026-05-17,Wayfair US,DMOM1000,W114466261,5T-1830-900,5T-1830-900,Shelving & Racks,347069,"Guangzhou youbao Technology Co. , Ltd.",DS,SP,Active,Jul-2025,Header Brand,Not exclusive,0,0,7,554.47,139.99,0,139.99,89,80.1,22.24908781,0,5.400483,0,-4.806,6.382709297,109.326280107,-0.1,,0.5,0.94,0.31
2026-05-17,Wayfair US,DMOM1007,W115098288,YB-CW12A0720,YB-CW12A0720,Cat Cages & Playpens,347069,"Guangzhou youbao Technology Co. , Ltd.",DS,SP,Active,Aug-2025,Header Brand,Not exclusive,,0,,0,289.99,0,289.99,220,198,31.80981304,0,13.994415,0,-11.88,12.951087139,244.875315179,-0.1,,0.09,1,0.45
2026-05-17,Wayfair US,DMOM1015,W115304074,5T-dong-183-120,5T-dong-183-120,Shelving & Racks,347069,"Guangzhou youbao Technology Co. , Ltd.",DS,SP,Active,Aug-2025,Header Brand,Not exclusive,4,426,21,2220,177.99,0,177.99,120,108,21.90390955,0,7.55553,0,-6.48,7.793265801,138.772705351,-0.1,,0.21,0.79,0.84
2026-05-17,Wayfair US,DMOM1017,W115286599,3T-W,3T-W,Aquariums & Bowls,347069,"Guangzhou youbao Technology Co. , Ltd.",DS,SP,Active,Aug-2025,Header Brand,Not exclusive,3,182.31,7,182.31,92.99,0,92.99,70,63,10.53461371,0,4.771167,0,-3.78,5.813238132,80.339018842,-0.1,,0,0,0.59
2026-05-17,Wayfair US,DMOM1020,W116063492,MFC-D2-W,MFC-D2-W,Filing Cabinets,347069,"Guangzhou youbao Technology Co. , Ltd.",DS,SP,Active,Oct-2025,Header Brand,Not exclusive,22,1934.9,38,3297.8,149.99,0,149.99,110,99,11.10236593,0,7.088832,0,-5.94,7.17545214,118.42665007,-0.1,,0.55,0,0
2026-05-17,Wayfair US,DMOM1024,W116063488,LFC-5B,LFC-5B,Filing Cabinets,347069,"Guangzhou youbao Technology Co. , Ltd.",DS,SP,Active,Oct-2025,Header Brand,Not exclusive,1,207,1,207,319.99,0,319.99,230,207,31.47060781,0,18.686971,0,-12.42,13.467070138,258.204648948,-0.1,,0.73,0.73,0.64
2026-05-17,Wayfair US,DMOM1069,W119966387,TOOL-B04,TOOL-B04,Garage Storage Cabinets,347069,"Guangzhou youbao Technology Co. , Ltd.",DS,SP,Active,Not defined,Header Brand,Not exclusive,,0,,0,183.99,0,183.99,132.6,132.6,13.85016931,0,8.92599,0,-7.956,9.571143849,156.991303159,,,0.69,0.32,0.13
2026-05-17,Wayfair US,DMOM1077,W119966384,TOOL-B08,TOOL-B08,Garage Storage Cabinets,347069,"Guangzhou youbao Technology Co. , Ltd.",DS,SP,Active,Not defined,Header Brand,Not exclusive,,0,,0,299.99,0,299.99,212.5,212.5,26.11122805,0,18.36696,0,-12.75,13.833153,258.06134105,,,0.27,0.37,0.61
2026-05-17,Wayfair US,DMOM1074,W119966380,TOOL-B07,TOOL-B07,Garage Storage Cabinets,347069,"Guangzhou youbao Technology Co. , Ltd.",DS,SP,Active,Not defined,Header Brand,Not exclusive,,0,,0,249.99,0,249.99,178.5,178.5,20.41159516,0,12.424233,0,-10.71,12.045982631,212.671810791,,,0.88,0.44,0.27
2026-05-17,Wayfair US,DMOM1003,W114467209,4T-Kayak,4T-Kayak,Bike And Sport Racks,347069,"Guangzhou youbao Technology Co. , Ltd.",DS,SP,Active,Jul-2025,Header Brand,Not exclusive,17,1988,38,4583.6,194.99,0,194.99,140,126,20.65774687,0,7.409247,0,-7.56,8.252161239,154.759155109,-0.1,,1,0.82,0
2026-05-17,Wayfair US,DMOM1013,W115101372,YB-CW12H0689,YB-CW12H0689,Small Animal Cages And Habitats,347069,"Guangzhou youbao Technology Co. , Ltd.",DS,SP,Active,Aug-2025,Header Brand,Not exclusive,,0,,0,309.99,0,309.99,235,211.5,32.20172764,0,15.258837,0,-12.69,12.956850058,259.227414698,-0.1,,0.25,0.83,0.33
2026-05-17,Wayfair US,DMOM1025,W116063428,LFC-3W,LFC-3W,Filing Cabinets,347069,"Guangzhou youbao Technology Co. , Ltd.",DS,SP,Active,Oct-2025,Header Brand,Not exclusive,12,1632.15,43,5855.9,209.99,0,209.99,155,139.5,19.58731702,0,8.93044,0,-8.37,9.470962861,169.118719881,-0.1,,0.6,0.6,0.1
2026-05-17,Wayfair US,DMOM1065,W119966374,TOOL-B05,TOOL-B05,Garage Storage Cabinets,347069,"Guangzhou youbao Technology Co. , Ltd.",DS,SP,Active,Not defined,Header Brand,Not exclusive,,0,,0,215.99,0,215.99,156.4,156.4,15.77673346,0,10.583491,0,-9.384,10.77048549,184.14670995,,,,,
2026-05-17,Wayfair US,DMOM1053,W119669211,LFC-4W-400,LFC-4W-400,Filing Cabinets,347069,"Guangzhou youbao Technology Co. , Ltd.",DS,SP,Active,Not defined,Header Brand,Not exclusive,,0,,0,273.99,0,273.99,180,180,24.5765785,0,14.049924,0,-10.8,11.811972134,219.638474634,,,0.43,0.48,0.26
2026-05-17,Wayfair US,DMOM1075,W119966386,TOOL-A07,TOOL-A07,Garage Storage Cabinets,347069,"Guangzhou youbao Technology Co. , Ltd.",DS,SP,Admins Can Sell,Not defined,Header Brand,Not exclusive,,0,,0,249.99,0,249.99,178.5,178.5,20.55620536,0,12.449232,0,-10.71,12.04500017,212.84043753,,,,,
2026-05-17,Wayfair US,DMOM1006,W114941605,MK-WB001B,MK-WB001B,Workbenches,347069,"Guangzhou youbao Technology Co. , Ltd.",DS,SP,Active,Aug-2025,Header Brand,Not exclusive,,0,,0,249.99,0,249.99,179.99,161.991,21.55307263,0,11.6919192,0,-9.71946,11.278275526,196.794807356,-0.1,,0.85,0.38,0
2026-05-17,Wayfair US,DMOM1015,W115304074,5T-dong-198-120,5T-dong-198-120,Shelving & Racks,347069,"Guangzhou youbao Technology Co. , Ltd.",DS,SP,Active,Aug-2025,Header Brand,Not exclusive,0,0,6,587.4,164.99,0,164.99,110,99,20.97987133,0,7.348579,0,-5.94,7.273309155,128.661759485,-0.1,,0.16,0.63,0.95
2026-05-17,Wayfair US,DMOM1024,W116063488,LFC-5W,LFC-5W,Filing Cabinets,347069,"Guangzhou youbao Technology Co. , Ltd.",DS,SP,Active,Oct-2025,Header Brand,Not exclusive,0,0,1,207,313.99,0,313.99,230,207,25.97290525,0,18.831951,0,-12.42,13.219064344,252.603920594,-0.1,,0.73,0.5,0.64
2026-05-17,Wayfair US,DMOM1026,W116063431,VFC-2W,VFC-2W,Filing Cabinets,347069,"Guangzhou youbao Technology Co. , Ltd.",DS,SP,Active,Oct-2025,Header Brand,Not exclusive,4,212,9,567.2,115.99,0,115.99,80,72,12.9752776,0,5.047145,0,-4.32,5.90771223,91.61013483,-0.1,,0,0.33,0.29
2026-05-17,Wayfair US,DMOM1039,W119185476,PT02-WH,PT02-WH,Pantry Cabinets,347069,"Guangzhou youbao Technology Co. , Ltd.",DS,SP,Active,Mar-2026,Header Brand,Not exclusive,,0,,0,249.99,0,249.99,162,149.04,21.31886698,0,13.636974,0,-8.9424,11.724803107,186.778244087,-0.08,,0.55,0.18,0.09
2026-05-17,Wayfair US,DMOM1071,W119966378,TOOL-B01,TOOL-B01,Garage Storage Cabinets,347069,"Guangzhou youbao Technology Co. , Ltd.",DS,SP,Admins Can Sell,Not defined,Header Brand,Not exclusive,,0,,0,106.99,0,106.99,74.8,74.8,8.52620857,0,5.646504,0,-4.488,6.642700654,91.127413224,,,,,
2026-05-17,Wayfair US,DMOM1005,W114460483,5T-Niudun,5T-Niudun,Bookcases,347069,"Guangzhou youbao Technology Co. , Ltd.",DS,SP,Active,Jul-2025,Header Brand,Not exclusive,1,59.4,3,178.2,109.99,0,109.99,108,59.4,18.67553923,0,4.607873,0,-3.564,5.294542263,84.413954493,-0.45,,0.59,0.76,0.24
2026-05-17,Wayfair US,DMOM1018,W116063433,LFC-2B,LFC-2B,Filing Cabinets,347069,"Guangzhou youbao Technology Co. , Ltd.",DS,SP,Active,Oct-2025,Header Brand,Not exclusive,21,2123.55,29,3072.6,187.99,0,187.99,135,121.5,17.79205474,0,8.045972,0,-7.29,8.628513048,148.676539788,-0.1,,0.71,0.14,0.1
2026-05-17,Wayfair US,DMOM1020,W116063492,MFC-D2-B,MFC-D2-B,Filing Cabinets,347069,"Guangzhou youbao Technology Co. , Ltd.",DS,SP,Active,Oct-2025,Header Brand,Not exclusive,29,2390.3,59,5206.3,153.99,0,153.99,110,99,14.85741079,0,6.908652,0,-5.94,7.337398794,122.163461584,-0.1,,0.55,0.77,0
2026-05-17,Wayfair US,DMOM1037,W119184271,CT-02,CT-02,Coffee & Cocktail Tables,347069,"Guangzhou youbao Technology Co. , Ltd.",DS,SP,Active,Mar-2026,Header Brand,Not exclusive,,0,,0,227.99,0,227.99,128,117.76,17.93865595,0,16.122741,0,-7.0656,10.209783287,154.965580237,-0.08,,0.18,0.18,0.45
2026-05-17,Wayfair US,DMOM1004,W114460485,3T-Kayak,3T-Kayak,Bike And Sport Racks,347069,"Guangzhou youbao Technology Co. , Ltd.",DS,SP,Active,Jul-2025,Header Brand,Not exclusive,0,0,13,1277.1,145.99,0,145.99,110,99,10.78558576,0,6.015693,0,-5.94,6.382713451,116.243992211,-0.1,,0.82,0,0.45
2026-05-17,Wayfair US,DMOM1012,W115101378,YB-CW12Y0719,YB-CW12Y0719,Small Animal Cages And Habitats,347069,"Guangzhou youbao Technology Co. , Ltd.",DS,SP,Active,Aug-2025,Header Brand,Not exclusive,,0,,0,136.99,0,136.99,105,94.5,16.44927568,0,7.1512,0,-5.67,6.527884377,118.958360057,-0.1,,0,1,0.89
2026-05-17,Wayfair US,DMOM1016,W115304072,5T-wangge,5T-wangge,Shelving & Racks,347069,"Guangzhou youbao Technology Co. , Ltd.",DS,SP,Active,Aug-2025,Header Brand,Not exclusive,0,0,3,211.2,114.99,0,114.99,80,72,11.64287275,0,4.970187,0,-4.32,5.414300941,89.707360691,-0.1,,0.55,0.09,0.91
2026-05-17,Wayfair US,DMOM1019,W116063436,VFC-3W,VFC-3W,Filing Cabinets,347069,"Guangzhou youbao Technology Co. , Ltd.",DS,SP,Active,Oct-2025,Header Brand,Not exclusive,3,316.8,15,1584,161.99,0,161.99,120,108,13.84933099,0,6.943974,0,-6.48,7.651719329,129.965024319,-0.1,,0.4,0.4,0.3
2026-05-17,Wayfair US,DMOM1026,W116063431,VFC-2B,VFC-2B,Filing Cabinets,347069,"Guangzhou youbao Technology Co. , Ltd.",DS,SP,Active,Oct-2025,Header Brand,Not exclusive,,0,,0,112.99,0,112.99,80,72,11.12269519,0,5.024633,0,-4.32,5.789848071,89.617176261,-0.1,,0,0,0.29
2026-05-17,Wayfair US,DMOM1028,W116055452,VFC-5W,VFC-5W,Filing Cabinets,347069,"Guangzhou youbao Technology Co. , Ltd.",DS,SP,Active,Oct-2025,Header Brand,Not exclusive,,0,,0,229.99,0,229.99,170,153,20.27547295,0,11.405936,0,-9.18,10.175928384,185.677337334,-0.1,,0.48,0.35,0.39
2026-05-17,Wayfair US,DMOM1047,W119204836,W3D-G-locker,W3D-G-locker,Lockers,347069,"Guangzhou youbao Technology Co. , Ltd.",DS,SP,Active,Mar-2026,Header Brand,Not exclusive,,0,,0,349.99,0,349.99,221,203.32,49.364560225,0,19.208087,0,-12.1992,15.605730523,275.299177748,-0.08,,0.69,0.51,0.46
2026-05-17,Wayfair US,DMOM1070,W119966391,TOOL-A02,TOOL-A02,Garage Storage Cabinets,347069,"Guangzhou youbao Technology Co. , Ltd.",DS,SP,Active,Not defined,Header Brand,Not exclusive,,0,,0,154.99,0,154.99,110.5,110.5,11.88326101,0,7.543564,0,-6.63,8.475263977,131.772088987,,,0.49,0.21,0.2
2026-05-17,Wayfair US,DMOM1008,W115098290,YB-CW12S0768,YB-CW12S0768,Cat Condos & Cat Trees,347069,"Guangzhou youbao Technology Co. , Ltd.",DS,SP,Active,Aug-2025,Header Brand,Not exclusive,0,0,1,0,51.99,0,51.99,28,25.2,9.99075361,0,2.487786,0,-1.512,2.946801305,39.113340915,-0.1,,0.14,0.86,1
2026-05-17,Wayfair US,DMOM1023,W116063425,VFC-4B,VFC-4B,Filing Cabinets,347069,"Guangzhou youbao Technology Co. , Ltd.",DS,SP,Active,Oct-2025,Header Brand,Not exclusive,3,361.2,15,1744.23,193.99,0,193.99,140,126,18.90649639,0,9.190136,0,-7.56,8.826775104,155.363407494,-0.1,,0.55,0.23,0.05
2026-05-17,Wayfair US,DMOM1025,W116063428,LFC-3B,LFC-3B,Filing Cabinets,347069,"Guangzhou youbao Technology Co. , Ltd.",DS,SP,Active,Oct-2025,Header Brand,Not exclusive,3,401.45,18,2301.75,209.99,0,209.99,155,139.5,19.40299141,0,9.350272,0,-8.37,9.456108168,169.339371578,-0.1,,0.6,0.6,0.3
2026-05-17,Wayfair US,DMOM1029,W116052666,VF-ZH-4B,VF-ZH-4B,Filing Cabinets,347069,"Guangzhou youbao Technology Co. , Ltd.",DS,SP,Active,Oct-2025,Header Brand,Not exclusive,10,1461.5,26,4071.85,249.99,0,249.99,185,166.5,22.32275518,0,11.523867,0,-9.99,10.955914265,201.312536445,-0.1,,0.63,0.53,0
2026-05-17,Wayfair US,DMOM1038,W119185475,PT01-WH,PT01-WH,Pantry Cabinets,347069,"Guangzhou youbao Technology Co. , Ltd.",DS,SP,Active,Mar-2026,Header Brand,Not exclusive,,0,,0,209.99,0,209.99,136,125.12,20.08559347,0,11.152746,0,-7.5072,10.246022235,159.097161705,-0.08,,0,0,0
2026-05-17,Wayfair US,DMOM1068,W119966373,TOOL-A06,TOOL-A06,Garage Storage Cabinets,347069,"Guangzhou youbao Technology Co. , Ltd.",DS,SP,Active,Not defined,Header Brand,Not exclusive,,0,,0,219.99,0,219.99,156.4,156.4,19.35971314,0,10.726578,0,-9.384,10.926364735,188.028655875,,,0.78,0.4,0.25
2026-05-17,Wayfair US,DMOM1000,W114466261,6T-2095-122,6T-2095-122,Shelving & Racks,347069,"Guangzhou youbao Technology Co. , Ltd.",DS,SP,Active,Jul-2025,Header Brand,Not exclusive,3,405,13,1467,209.99,0,209.99,150,135,19.33330606,0,8.605051,0,-8.1,9.009089076,163.847446136,-0.1,,1,0.65,0.32
2026-05-17,Wayfair US,DMOM1000,W114466261,5T-1830-1200,5T-1830-1200,Shelving & Racks,347069,"Guangzhou youbao Technology Co. , Ltd.",DS,SP,Active,Jul-2025,Header Brand,Not exclusive,5,616,16,1978.2,197.99,0,197.99,140,126,19.54896388,0,7.986154,0,-7.56,8.560998217,154.536116097,-0.1,,0.97,0.69,0.31
2026-05-17,Wayfair US,DMOM1009,W115098286,YB-MSE3400003,YB-MSE3400003,Crates and Carriers,347069,"Guangzhou youbao Technology Co. , Ltd.",DS,SP,Active,Aug-2025,Header Brand,Not exclusive,,0,,0,365.99,0,365.99,245,220.5,36.27984007,0,21.577302,0,-13.23,15.889493666,281.016635736,-0.1,,0.18,1,0.45
2026-05-17,Wayfair US,DMOM1021,W116063489,LFC-2W-680,LFC-2W-680,Filing Cabinets,347069,"Guangzhou youbao Technology Co. , Ltd.",DS,SP,Active,Oct-2025,Header Brand,Not exclusive,25,2522.4,54,5494.8,162.99,0,162.99,120,108,13.64247553,0,6.286113,0,-6.48,7.714326627,129.162915157,-0.1,,0.48,0.38,0
2026-05-17,Wayfair US,DMOM1022,W116063490,MFC-D3-B,MFC-D3-B,Filing Cabinets,347069,"Guangzhou youbao Technology Co. , Ltd.",DS,SP,Active,Oct-2025,Header Brand,Not exclusive,33,1102.5,55,2907.45,138.99,0,138.99,105,94.5,12.51325849,0,6.791058,0,-5.67,6.750274244,114.884590734,-0.1,,0.17,0.33,0.22
2026-05-17,Wayfair US,DMOM1023,W116063425,VFC-4W,VFC-4W,Filing Cabinets,347069,"Guangzhou youbao Technology Co. , Ltd.",DS,SP,Active,Oct-2025,Header Brand,Not exclusive,2,242.2,4,491.4,192.99,0,192.99,140,126,18.40298044,0,9.137037,0,-7.56,8.790057074,154.770074514,-0.1,,0.55,0.18,0.05
2026-05-17,Wayfair US,DMOM1028,W116055452,VFC-5B,VFC-5B,Filing Cabinets,347069,"Guangzhou youbao Technology Co. , Ltd.",DS,SP,Active,Oct-2025,Header Brand,Not exclusive,0,0,2,306,229.99,0,229.99,170,153,20.31833206,0,11.352337,0,-9.18,10.176832244,185.667501304,-0.1,,0.48,0.78,0.39
2026-05-17,Wayfair US,DMOM1056,DMOM1056,MFC-D2W,MFC-D2W,Filing Cabinets,347069,"Guangzhou youbao Technology Co. , Ltd.",DS,SP,Admins Can Sell,Not defined,,Not exclusive,,0,,0,206.99,0,206.99,130,130,13.10930401,0,10.433684,0,-7.8,9.271668866,155.014656876,,,,,
2026-05-17,Wayfair US,DMOM1000,W114466261,5T-1600-800,5T-1600-800,Shelving & Racks,347069,"Guangzhou youbao Technology Co. , Ltd.",DS,SP,Active,Jul-2025,Header Brand,Not exclusive,0,0,2,153,119.99,0,119.99,85,76.5,11.76725848,0,4.615792,0,-4.59,5.626656329,93.919706809,-0.1,,0.5,0.31,0.41
2026-05-17,Wayfair US,DMOM1010,W115099172,YB-CW12S0714,PWUC2619,Small Animal Cages And Habitats,347069,"Guangzhou youbao Technology Co. , Ltd.",DS,,Active,Aug-2025,,Not exclusive,,0,,0,167.99,0,167.99,130,117,20.01412669,0,7.936482,0,-7.02,7.715039834,145.645648524,-0.1,,0,0.91,1
2026-05-17,Wayfair US,DMOM1018,W116063433,LFC-2W,LFC-2W,Filing Cabinets,347069,"Guangzhou youbao Technology Co. , Ltd.",DS,SP,Active,Oct-2025,Header Brand,Not exclusive,4,479.25,16,1786.05,189.99,0,189.99,135,121.5,18.73956592,0,7.978032,0,-7.29,8.711215575,149.638813495,-0.1,,0.71,0.19,0.05
2026-05-17,Wayfair US,DMOM1019,W116063436,VFC-3B,VFC-3B,Filing Cabinets,347069,"Guangzhou youbao Technology Co. , Ltd.",DS,SP,Active,Oct-2025,Header Brand,Not exclusive,5,530.4,35,3609.6,159.99,0,159.99,120,108,12.12396364,0,6.778377,0,-6.48,7.578353972,128.000694612,-0.1,,0.4,0.15,0.3
2026-05-17,Wayfair US,DMOM1022,W116063490,MFC-D3-W,MFC-D3-W,Filing Cabinets,347069,"Guangzhou youbao Technology Co. , Ltd.",DS,SP,Active,Oct-2025,Header Brand,Not exclusive,56,5035.8,65,5505.15,136.99,0,136.99,105,94.5,11.2651048,0,6.777708,0,-5.67,6.675541364,113.548354164,-0.1,,0.17,0.06,0.22
2026-05-17,Wayfair US,DMOM1029,W116052666,VF-ZH-4W,VF-ZH-4W,Filing Cabinets,347069,"Guangzhou youbao Technology Co. , Ltd.",DS,SP,Active,Oct-2025,Header Brand,Not exclusive,3,462.5,17,2103.45,249.99,0,249.99,185,166.5,20.88000646,0,11.857203,0,-9.99,10.942159815,200.189369275,-0.1,,0.63,0.21,0
2026-05-17,Wayfair US,DMOM1055,DMOM1055,MFC-D3B,MFC-D3B,Filing Cabinets,347069,"Guangzhou youbao Technology Co. , Ltd.",DS,SP,Admins Can Sell,Not defined,,Not exclusive,,0,,0,196.99,0,196.99,125,125,11.4359125,0,9.447602,0,-7.5,8.912882739,147.296397239,,,,,
2026-05-17,Wayfair US,DMOM1062,W119966389,TOOL-B03,TOOL-B03,Garage Storage Cabinets,347069,"Guangzhou youbao Technology Co. , Ltd.",DS,SP,Active,Not defined,Header Brand,Not exclusive,,0,,0,175.99,0,175.99,127.5,127.5,11.79104581,0,8.723542,0,-7.65,9.245238302,149.609826112,,,0.65,0.21,0.36
2026-05-17,Wayfair US,DMOM1063,W119966379,TOOL-A04,TOOL-A04,Garage Storage Cabinets,347069,"Guangzhou youbao Technology Co. , Ltd.",DS,SP,Active,Not defined,Header Brand,Not exclusive,,0,,0,178.99,0,178.99,127.5,127.5,14.14431484,0,8.65478,0,-7.65,9.383879349,152.032974189,,,,,
2026-05-17,Wayfair US,DMOM1072,W119966385,TOOL-A01,TOOL-A01,Garage Storage Cabinets,347069,"Guangzhou youbao Technology Co. , Ltd.",DS,SP,Active,Not defined,Header Brand,Not exclusive,,0,,0,108.99,0,108.99,76.5,76.5,8.62418722,0,5.814837,0,-4.59,6.722341594,93.071365814,,,0.23,0.04,0.65
2026-05-17,Wayfair US,DMOM1073,W119966388,TOOL-A08,TOOL-A08,Garage Storage Cabinets,347069,"Guangzhou youbao Technology Co. , Ltd.",DS,SP,Active,Not defined,Header Brand,Not exclusive,,0,,0,299.99,0,299.99,212.5,212.5,26.15943145,0,18.36696,0,-12.75,13.833153,258.10954445,,,,,
2026-05-17,Wayfair US,DMOM1054,W119669210,LFC-4B-400,LFC-4B-400,Filing Cabinets,347069,"Guangzhou youbao Technology Co. , Ltd.",DS,SP,Active,Not defined,Header Brand,Not exclusive,,0,,0,273.99,0,273.99,180,180,24.5765785,0,14.049924,0,-10.8,11.811972134,219.638474634,,,0,0.05,0.1
2026-05-10,Wayfair US,DMOM1004,W114460485,3T-Kayak,3T-Kayak,Bike And Sport Racks,347069,"Guangzhou youbao Technology Co. , Ltd.",DS,SP,Active,Jul-2025,Header Brand,Not exclusive,0,0,13,1277.1,145.99,0,145.99,110,99,10.78558576,0,6.015693,0,-5.94,6.382713451,116.243992211,-0.1,,0.82,0,0.45
2026-05-10,Wayfair US,DMOM1007,W115098288,YB-CW12A0720,YB-CW12A0720,Cat Cages & Playpens,347069,"Guangzhou youbao Technology Co. , Ltd.",DS,SP,Active,Aug-2025,Header Brand,Not exclusive,,0,,0,289.99,0,289.99,220,198,31.80981304,0,13.994415,0,-11.88,12.951087139,244.875315179,-0.1,,0.09,1,0.45
2026-05-10,Wayfair US,DMOM1018,W116063433,LFC-2B,LFC-2B,Filing Cabinets,347069,"Guangzhou youbao Technology Co. , Ltd.",DS,SP,Active,Oct-2025,Header Brand,Not exclusive,18,1759.05,26,2708.1,187.99,0,187.99,135,121.5,17.79205474,0,8.045972,0,-7.29,8.628513048,148.676539788,-0.1,,0.71,0.14,0.1
2026-05-10,Wayfair US,DMOM1024,W116063488,LFC-5B,LFC-5B,Filing Cabinets,347069,"Guangzhou youbao Technology Co. , Ltd.",DS,SP,Active,Oct-2025,Header Brand,Not exclusive,1,207,1,207,319.99,0,319.99,230,207,31.47060781,0,18.686971,0,-12.42,13.467070138,258.204648948,-0.1,,0.73,0.73,0.64
2026-05-10,Wayfair US,DMOM1026,W116063431,VFC-2B,VFC-2B,Filing Cabinets,347069,"Guangzhou youbao Technology Co. , Ltd.",DS,SP,Active,Oct-2025,Header Brand,Not exclusive,,0,,0,112.99,0,112.99,80,72,11.12269519,0,5.024633,0,-4.32,5.789848071,89.617176261,-0.1,,0,0,0.29
2026-05-10,Wayfair US,DMOM1026,W116063431,VFC-2W,VFC-2W,Filing Cabinets,347069,"Guangzhou youbao Technology Co. , Ltd.",DS,SP,Active,Oct-2025,Header Brand,Not exclusive,4,212,9,567.2,115.99,0,115.99,80,72,12.9752776,0,5.047145,0,-4.32,5.90771223,91.61013483,-0.1,,0,0.33,0.29
2026-05-10,Wayfair US,DMOM1003,W114467209,4T-Kayak,4T-Kayak,Bike And Sport Racks,347069,"Guangzhou youbao Technology Co. , Ltd.",DS,SP,Active,Jul-2025,Header Brand,Not exclusive,14,1610,35,4205.6,194.99,0,194.99,140,126,20.65774687,0,7.409247,0,-7.56,8.252161239,154.759155109,-0.1,,1,0.82,0
2026-05-10,Wayfair US,DMOM1013,W115101372,YB-CW12H0689,YB-CW12H0689,Small Animal Cages And Habitats,347069,"Guangzhou youbao Technology Co. , Ltd.",DS,SP,Active,Aug-2025,Header Brand,Not exclusive,,0,,0,309.99,0,309.99,235,211.5,32.20172764,0,15.258837,0,-12.69,12.956850058,259.227414698,-0.1,,0.25,0.83,0.33
2026-05-10,Wayfair US,DMOM1019,W116063436,VFC-3W,VFC-3W,Filing Cabinets,347069,"Guangzhou youbao Technology Co. , Ltd.",DS,SP,Active,Oct-2025,Header Brand,Not exclusive,3,316.8,15,1584,161.99,0,161.99,120,108,13.84933099,0,6.943974,0,-6.48,7.651719329,129.965024319,-0.1,,0.4,0.4,0.3
2026-05-10,Wayfair US,DMOM1042,W119206158,PT03-WH,PT03-WH,Pantry Cabinets,347069,"Guangzhou youbao Technology Co. , Ltd.",DS,SP,Active,Mar-2026,Header Brand,Not exclusive,,0,,0,255.99,0,255.99,162,149.04,20.98144318,0,21.5487,0,-8.9424,11.575870648,194.203613828,-0.08,,0.5,0,0.18
2026-05-10,Wayfair US,DMOM1000,W114466261,6T-2095-122,6T-2095-122,Shelving & Racks,347069,"Guangzhou youbao Technology Co. , Ltd.",DS,SP,Active,Jul-2025,Header Brand,Not exclusive,3,405,13,1467,209.99,0,209.99,150,135,19.33330606,0,8.605051,0,-8.1,9.009089076,163.847446136,-0.1,,1,0.65,0.32
2026-05-10,Wayfair US,DMOM1015,W115304074,5T-dong-183-120,5T-dong-183-120,Shelving & Racks,347069,"Guangzhou youbao Technology Co. , Ltd.",DS,SP,Active,Aug-2025,Header Brand,Not exclusive,4,426,21,2220,177.99,0,177.99,120,108,21.90390955,0,7.55553,0,-6.48,7.793265801,138.772705351,-0.1,,0.21,0.79,0.84
2026-05-10,Wayfair US,DMOM1017,W115286599,3T-W,3T-W,Aquariums & Bowls,347069,"Guangzhou youbao Technology Co. , Ltd.",DS,SP,Active,Aug-2025,Header Brand,Not exclusive,6,122.81,6,122.81,92.99,0,92.99,70,63,10.53461371,0,4.771167,0,-3.78,5.813238132,80.339018842,-0.1,,0,0,0.59
2026-05-10,Wayfair US,DMOM1025,W116063428,LFC-3W,LFC-3W,Filing Cabinets,347069,"Guangzhou youbao Technology Co. , Ltd.",DS,SP,Active,Oct-2025,Header Brand,Not exclusive,15,2042.9,43,5855.9,209.99,0,209.99,155,139.5,19.58731702,0,8.93044,0,-8.37,9.470962861,169.118719881,-0.1,,0.6,0.6,0.1
2026-05-10,Wayfair US,DMOM1027,W116063491,LFC-4B,LFC-4B,Filing Cabinets,347069,"Guangzhou youbao Technology Co. , Ltd.",DS,SP,Active,Oct-2025,Header Brand,Not exclusive,13,1958.23,38,6347.99,269.99,0,269.99,200,180,22.37776993,0,12.932553,0,-10.8,11.693025615,216.203348545,-0.1,,0.76,0.38,0.29
2026-05-10,Wayfair US,DMOM1028,W116055452,VFC-5B,VFC-5B,Filing Cabinets,347069,"Guangzhou youbao Technology Co. , Ltd.",DS,SP,Active,Oct-2025,Header Brand,Not exclusive,0,0,2,306,229.99,0,229.99,170,153,20.31833206,0,11.352337,0,-9.18,10.176832244,185.667501304,-0.1,,0.48,0.78,0.39
2026-05-10,Wayfair US,DMOM1038,W119185475,PT01-WH,PT01-WH,Pantry Cabinets,347069,"Guangzhou youbao Technology Co. , Ltd.",DS,SP,Active,Mar-2026,Header Brand,Not exclusive,,0,,0,219.99,0,219.99,136,125.12,20.08559347,0,18.5479,0,-7.5072,10.288402648,166.534696118,-0.08,,0,0,0
2026-05-10,Wayfair US,DMOM1055,DMOM1055,MFC-D3B,MFC-D3B,Filing Cabinets,347069,"Guangzhou youbao Technology Co. , Ltd.",DS,SP,Admins Can Sell,Not defined,,Not exclusive,,0,,0,203.99,0,203.99,125,125,11.4359125,0,17.1091,0,-7.5,8.852007118,154.897019618,,,,,
2026-05-10,Wayfair US,DMOM1000,W114466261,5T-1600-800,5T-1600-800,Shelving & Racks,347069,"Guangzhou youbao Technology Co. , Ltd.",DS,SP,Active,Jul-2025,Header Brand,Not exclusive,0,0,2,153,119.99,0,119.99,85,76.5,11.76725848,0,4.615792,0,-4.59,5.626656329,93.919706809,-0.1,,0.5,0.31,0.41
2026-05-10,Wayfair US,DMOM1008,W115098290,YB-CW12S0768,YB-CW12S0768,Cat Condos & Cat Trees,347069,"Guangzhou youbao Technology Co. , Ltd.",DS,SP,Active,Aug-2025,Header Brand,Not exclusive,0,0,1,0,51.99,0,51.99,28,25.2,9.99075361,0,2.487786,0,-1.512,2.946801305,39.113340915,-0.1,,0.14,0.86,1
2026-05-10,Wayfair US,DMOM1010,W115099172,YB-CW12S0714,PWUC2619,Small Animal Cages And Habitats,347069,"Guangzhou youbao Technology Co. , Ltd.",DS,,Active,Aug-2025,,Not exclusive,,0,,0,167.99,0,167.99,130,117,20.01412669,0,7.936482,0,-7.02,7.715039834,145.645648524,-0.1,,0,0.91,1
2026-05-10,Wayfair US,DMOM1011,W115101379,YB- CW12X0718,YB- CW12X0718,Small Animal Cages And Habitats,347069,"Guangzhou youbao Technology Co. , Ltd.",DS,SP,Active,Aug-2025,Header Brand,Not exclusive,,0,,0,207.99,0,207.99,155,139.5,22.65148141,0,9.738351,0,-8.37,9.205420848,172.725253258,-0.1,,0,0.64,0.36
2026-05-10,Wayfair US,DMOM1000,W114466261,5T-1980-1200,5T-1980-1200,Shelving & Racks,347069,"Guangzhou youbao Technology Co. , Ltd.",DS,SP,Active,Jul-2025,Header Brand,Not exclusive,10,954,26,2451.6,172.99,0,172.99,120,108,18.44657308,0,7.050245,0,-6.48,7.616199062,134.633017142,-0.1,,0.78,0.44,0.38
2026-05-10,Wayfair US,DMOM1009,W115098286,YB-MSE3400003,YB-MSE3400003,Crates and Carriers,347069,"Guangzhou youbao Technology Co. , Ltd.",DS,SP,Active,Aug-2025,Header Brand,Not exclusive,,0,,0,365.99,0,365.99,245,220.5,36.27984007,0,21.577302,0,-13.23,15.889493666,281.016635736,-0.1,,0.18,1,0.45
2026-05-10,Wayfair US,DMOM1015,W115304074,5T-dong-198-120,5T-dong-198-120,Shelving & Racks,347069,"Guangzhou youbao Technology Co. , Ltd.",DS,SP,Active,Aug-2025,Header Brand,Not exclusive,0,0,6,587.4,164.99,0,164.99,110,99,20.97987133,0,7.348579,0,-5.94,7.273309155,128.661759485,-0.1,,0.16,0.63,0.95
2026-05-10,Wayfair US,DMOM1021,W116063489,LFC-2W-680,LFC-2W-680,Filing Cabinets,347069,"Guangzhou youbao Technology Co. , Ltd.",DS,SP,Active,Oct-2025,Header Brand,Not exclusive,26,2630.4,54,5494.8,162.99,0,162.99,120,108,13.64247553,0,6.286113,0,-6.48,7.714326627,129.162915157,-0.1,,0.48,0.38,0
2026-05-10,Wayfair US,DMOM1022,W116063490,MFC-D3-B,MFC-D3-B,Filing Cabinets,347069,"Guangzhou youbao Technology Co. , Ltd.",DS,SP,Active,Oct-2025,Header Brand,Not exclusive,33,1102.5,55,2907.45,138.99,0,138.99,105,94.5,12.51325849,0,6.791058,0,-5.67,6.750274244,114.884590734,-0.1,,0.17,0.33,0.22
2026-05-10,Wayfair US,DMOM1024,W116063488,LFC-5W,LFC-5W,Filing Cabinets,347069,"Guangzhou youbao Technology Co. , Ltd.",DS,SP,Active,Oct-2025,Header Brand,Not exclusive,1,207,1,207,313.99,0,313.99,230,207,25.97290525,0,18.831951,0,-12.42,13.219064344,252.603920594,-0.1,,0.73,0.5,0.64
2026-05-10,Wayfair US,DMOM1040,W119186674,CT-01,CT-01,Coffee & Cocktail Tables,347069,"Guangzhou youbao Technology Co. , Ltd.",DS,SP,Active,Mar-2026,Header Brand,Not exclusive,,0,,0,244.99,0,244.99,136,125.12,17.93855116,0,20.7979,0,-7.5072,10.752346236,167.101597396,-0.08,,0.36,0.09,0
2026-05-10,Wayfair US,DMOM1054,W119669210,LFC-4B-400,LFC-4B-400,Filing Cabinets,347069,"Guangzhou youbao Technology Co. , Ltd.",DS,SP,Active,Not defined,Header Brand,Not exclusive,,0,,0,279.99,0,279.99,180,180,24.5765785,0,23.3991,0,-10.8,11.569995118,228.745673618,,,0,0.05,0.1
2026-05-10,Wayfair US,DMOM1006,W114941605,MK-WB001B,MK-WB001B,Workbenches,347069,"Guangzhou youbao Technology Co. , Ltd.",DS,SP,Active,Aug-2025,Header Brand,Not exclusive,,0,,0,249.99,0,249.99,179.99,161.991,21.55307263,0,11.6919192,0,-9.71946,11.278275526,196.794807356,-0.1,,0.85,0.38,0
2026-05-10,Wayfair US,DMOM1022,W116063490,MFC-D3-W,MFC-D3-W,Filing Cabinets,347069,"Guangzhou youbao Technology Co. , Ltd.",DS,SP,Active,Oct-2025,Header Brand,Not exclusive,59,5319.3,65,5505.15,136.99,0,136.99,105,94.5,11.2651048,0,6.777708,0,-5.67,6.675541364,113.548354164,-0.1,,0.17,0.06,0.22
2026-05-10,Wayfair US,DMOM1028,W116055452,VFC-5W,VFC-5W,Filing Cabinets,347069,"Guangzhou youbao Technology Co. , Ltd.",DS,SP,Active,Oct-2025,Header Brand,Not exclusive,,0,,0,229.99,0,229.99,170,153,20.27547295,0,11.405936,0,-9.18,10.175928384,185.677337334,-0.1,,0.48,0.35,0.39
2026-05-10,Wayfair US,DMOM1029,W116052666,VF-ZH-4W,VF-ZH-4W,Filing Cabinets,347069,"Guangzhou youbao Technology Co. , Ltd.",DS,SP,Active,Oct-2025,Header Brand,Not exclusive,3,462.5,17,2103.45,249.99,0,249.99,185,166.5,20.88000646,0,11.857203,0,-9.99,10.942159815,200.189369275,-0.1,,0.63,0.21,0
2026-05-10,Wayfair US,DMOM1041,W119185687,CT-3ps,CT-3ps,Coffee & Cocktail Tables,347069,"Guangzhou youbao Technology Co. , Ltd.",DS,SP,Active,Mar-2026,Header Brand,Not exclusive,,0,,0,329.99,0,329.99,187,172.04,21.19490041,0,27.9787,0,-10.3224,13.792201236,224.683401646,-0.08,,1,1,0.7
2026-05-10,Wayfair US,DMOM1001,W114464543,2T-Kayak,2T-Kayak,Bike And Sport Racks,347069,"Guangzhou youbao Technology Co. , Ltd.",DS,SP,Active,Jul-2025,Header Brand,Not exclusive,0,0,9,581.4,129.99,0,129.99,95,85.5,11.13589873,0,6.264078,0,-5.13,5.752587666,103.522564396,-0.1,,0.73,0.09,1
2026-05-10,Wayfair US,DMOM1005,W114460483,5T-Niudun,5T-Niudun,Bookcases,347069,"Guangzhou youbao Technology Co. , Ltd.",DS,SP,Active,Jul-2025,Header Brand,Not exclusive,1,59.4,3,178.2,109.99,0,109.99,108,59.4,18.67553923,0,4.607873,0,-3.564,5.294542263,84.413954493,-0.45,,0.59,0.76,0.24
2026-05-10,Wayfair US,DMOM1012,W115101378,YB-CW12Y0719,YB-CW12Y0719,Small Animal Cages And Habitats,347069,"Guangzhou youbao Technology Co. , Ltd.",DS,SP,Active,Aug-2025,Header Brand,Not exclusive,,0,,0,136.99,0,136.99,105,94.5,16.44927568,0,7.1512,0,-5.67,6.527884377,118.958360057,-0.1,,0,1,0.89
2026-05-10,Wayfair US,DMOM1016,W115304072,5T-wangge,5T-wangge,Shelving & Racks,347069,"Guangzhou youbao Technology Co. , Ltd.",DS,SP,Active,Aug-2025,Header Brand,Not exclusive,0,0,3,211.2,114.99,0,114.99,80,72,11.64287275,0,4.970187,0,-4.32,5.414300941,89.707360691,-0.1,,0.55,0.09,0.91
2026-05-10,Wayfair US,DMOM1020,W116063492,MFC-D2-W,MFC-D2-W,Filing Cabinets,347069,"Guangzhou youbao Technology Co. , Ltd.",DS,SP,Active,Oct-2025,Header Brand,Not exclusive,22,2033.9,37,3297.8,149.99,0,149.99,110,99,11.10236593,0,7.088832,0,-5.94,7.17545214,118.42665007,-0.1,,0.55,0,0
2026-05-10,Wayfair US,DMOM1023,W116063425,VFC-4W,VFC-4W,Filing Cabinets,347069,"Guangzhou youbao Technology Co. , Ltd.",DS,SP,Active,Oct-2025,Header Brand,Not exclusive,2,242.2,4,491.4,192.99,0,192.99,140,126,18.40298044,0,9.137037,0,-7.56,8.790057074,154.770074514,-0.1,,0.55,0.18,0.05
2026-05-10,Wayfair US,DMOM1023,W116063425,VFC-4B,VFC-4B,Filing Cabinets,347069,"Guangzhou youbao Technology Co. , Ltd.",DS,SP,Active,Oct-2025,Header Brand,Not exclusive,3,271.43,14,1625.23,193.99,0,193.99,140,126,18.90649639,0,9.190136,0,-7.56,8.826775104,155.363407494,-0.1,,0.55,0.23,0.05
2026-05-10,Wayfair US,DMOM1053,W119669211,LFC-4W-400,LFC-4W-400,Filing Cabinets,347069,"Guangzhou youbao Technology Co. , Ltd.",DS,SP,Active,Not defined,Header Brand,Not exclusive,,0,,0,279.99,0,279.99,180,180,24.5765785,0,23.3991,0,-10.8,11.569995118,228.745673618,,,0.43,0.48,0.26
2026-05-10,Wayfair US,DMOM1000,W114466261,5T-1830-900,5T-1830-900,Shelving & Racks,347069,"Guangzhou youbao Technology Co. , Ltd.",DS,SP,Active,Jul-2025,Header Brand,Not exclusive,0,0,7,554.47,139.99,0,139.99,89,80.1,21.99801097,0,5.400483,0,-4.806,6.382709297,109.075203267,-0.1,,0.5,0.94,0.31
2026-05-10,Wayfair US,DMOM1002,W114460480,8T-Kayak,8T-Kayak,Bike And Sport Racks,347069,"Guangzhou youbao Technology Co. , Ltd.",DS,SP,Active,Jul-2025,Header Brand,Not exclusive,,0,,0,279.99,0,279.99,215,193.5,18.03328132,0,11.464209,0,-11.61,11.399522882,222.787013202,-0.1,,0.82,0.64,0.36
2026-05-10,Wayfair US,DMOM1017,W115286599,3T-B,3T-B,Aquariums & Bowls,347069,"Guangzhou youbao Technology Co. , Ltd.",DS,SP,Active,Aug-2025,Header Brand,Not exclusive,,0,,0,92.99,0,92.99,70,63,11.5260319,0,3.920168,0,-3.78,5.850148653,80.516348553,-0.1,,0,0.35,0
2026-05-10,Wayfair US,DMOM1018,W116063433,LFC-2W,LFC-2W,Filing Cabinets,347069,"Guangzhou youbao Technology Co. , Ltd.",DS,SP,Active,Oct-2025,Header Brand,Not exclusive,4,479.25,16,1786.05,189.99,0,189.99,135,121.5,18.73956592,0,7.978032,0,-7.29,8.711215575,149.638813495,-0.1,,0.71,0.19,0.05
2026-05-10,Wayfair US,DMOM1020,W116063492,MFC-D2-B,MFC-D2-B,Filing Cabinets,347069,"Guangzhou youbao Technology Co. , Ltd.",DS,SP,Active,Oct-2025,Header Brand,Not exclusive,31,2582.8,59,5206.3,153.99,0,153.99,110,99,14.85741079,0,6.908652,0,-5.94,7.337398794,122.163461584,-0.1,,0.55,0.77,0
2026-05-10,Wayfair US,DMOM1021,W116063489,LFC-2B-680,LFC-2B-680,Filing Cabinets,347069,"Guangzhou youbao Technology Co. , Ltd.",DS,SP,Active,Oct-2025,Header Brand,Not exclusive,19,2005.2,38,3992.4,159.99,0,159.99,120,108,12.16556527,0,6.335202,0,-6.48,7.594072989,127.614840259,-0.1,,0.48,0.05,0
2026-05-10,Wayfair US,DMOM1027,W116063491,LFC-4W,LFC-4W,Filing Cabinets,347069,"Guangzhou youbao Technology Co. , Ltd.",DS,SP,Active,Oct-2025,Header Brand,Not exclusive,5,880,8,1412,269.99,0,269.99,200,180,21.46819273,0,13.445538,0,-10.8,11.677109705,215.790840435,-0.1,,0.76,0.33,0.29
2026-05-10,Wayfair US,DMOM1029,W116052666,VF-ZH-4B,VF-ZH-4B,Filing Cabinets,347069,"Guangzhou youbao Technology Co. , Ltd.",DS,SP,Active,Oct-2025,Header Brand,Not exclusive,10,1461.5,26,4071.85,249.99,0,249.99,185,166.5,22.32275518,0,11.523867,0,-9.99,10.955914265,201.312536445,-0.1,,0.63,0.53,0
2026-05-10,Wayfair US,DMOM1039,W119185476,PT02-WH,PT02-WH,Pantry Cabinets,347069,"Guangzhou youbao Technology Co. , Ltd.",DS,SP,Active,Mar-2026,Header Brand,Not exclusive,,0,,0,255.99,0,255.99,162,149.04,21.31886698,0,21.5487,0,-8.9424,11.575870648,194.541037628,-0.08,,0.55,0.18,0.09
2026-05-10,Wayfair US,DMOM1000,W114466261,5T-1830-1200,5T-1830-1200,Shelving & Racks,347069,"Guangzhou youbao Technology Co. , Ltd.",DS,SP,Active,Jul-2025,Header Brand,Not exclusive,5,616,16,1978.2,197.99,0,197.99,140,126,19.54896388,0,7.986154,0,-7.56,8.560998217,154.536116097,-0.1,,0.97,0.69,0.31
2026-05-10,Wayfair US,DMOM1019,W116063436,VFC-3B,VFC-3B,Filing Cabinets,347069,"Guangzhou youbao Technology Co. , Ltd.",DS,SP,Active,Oct-2025,Header Brand,Not exclusive,5,536.4,34,3507.6,159.99,0,159.99,120,108,12.12396364,0,6.778377,0,-6.48,7.578353972,128.000694612,-0.1,,0.4,0.15,0.3
2026-05-10,Wayfair US,DMOM1025,W116063428,LFC-3B,LFC-3B,Filing Cabinets,347069,"Guangzhou youbao Technology Co. , Ltd.",DS,SP,Active,Oct-2025,Header Brand,Not exclusive,3,401.45,18,2301.75,209.99,0,209.99,155,139.5,19.40299141,0,9.350272,0,-8.37,9.456108168,169.339371578,-0.1,,0.6,0.6,0.3
2026-05-10,Wayfair US,DMOM1037,W119184271,CT-02,CT-02,Coffee & Cocktail Tables,347069,"Guangzhou youbao Technology Co. , Ltd.",DS,SP,Active,Mar-2026,Header Brand,Not exclusive,,0,,0,229.99,0,229.99,128,117.76,17.93865595,0,19.5215,0,-7.0656,10.215901236,158.370457186,-0.08,,0.18,0.18,0.45
2026-05-10,Wayfair US,DMOM1056,DMOM1056,MFC-D2W,MFC-D2W,Filing Cabinets,347069,"Guangzhou youbao Technology Co. , Ltd.",DS,SP,Admins Can Sell,Not defined,,Not exclusive,,0,,0,213.99,0,213.99,130,130,13.10930401,0,17.9591,0,-7.8,9.209637118,162.478041128,,,,,
2026-05-03,Wayfair US,DMOM1000,W114466261,6T-2095-122,6T-2095-122,Shelving & Racks,347069,"Guangzhou youbao Technology Co. , Ltd.",DS,SP,Active,Jul-2025,Header Brand,Not exclusive,2,270,12,1332,209.99,0,209.99,150,135,19.12901975,0,9.843983,0,-8.1,8.952971348,164.825974098,-0.1,,1,0.65,0.32
2026-05-03,Wayfair US,DMOM1000,W114466261,5T-1980-1200,5T-1980-1200,Shelving & Racks,347069,"Guangzhou youbao Technology Co. , Ltd.",DS,SP,Active,Jul-2025,Header Brand,Not exclusive,9,846,25,2343.6,172.99,0,172.99,120,108,18.213416401,0,7.448407,0,-6.48,7.590364735,134.772188136,-0.1,,0.78,0.44,0.38
2026-05-03,Wayfair US,DMOM1000,W114466261,5T-1830-900,5T-1830-900,Shelving & Racks,347069,"Guangzhou youbao Technology Co. , Ltd.",DS,SP,Active,Jul-2025,Header Brand,Not exclusive,0,0,7,554.47,139.99,0,139.99,89,80.1,21.964975974,0,5.888353,0,-4.806,6.360702869,109.508031843,-0.1,,0.5,0.94,0.31
2026-05-03,Wayfair US,DMOM1042,W119206158,PT03-WH,PT03-WH,Pantry Cabinets,347069,"Guangzhou youbao Technology Co. , Ltd.",DS,SP,Active,Mar-2026,Header Brand,Not exclusive,,0,,0,249.99,0,249.99,162,149.04,20.889578364,0,17.1825,0,-8.9424,11.581363844,189.751042208,-0.08,,0.5,0,0.18
2026-05-03,Wayfair US,DMOM1007,W115098288,YB-CW12A0720,YB-CW12A0720,Cat Cages & Playpens,347069,"Guangzhou youbao Technology Co. , Ltd.",DS,SP,Active,Aug-2025,Header Brand,Not exclusive,,0,,0,293.99,0,293.99,220,198,31.714620584,0,13.917602,0,-11.88,13.084070989,244.836293573,-0.1,,0.09,1,0.45
2026-05-03,Wayfair US,DMOM1024,W116063488,LFC-5B,LFC-5B,Filing Cabinets,347069,"Guangzhou youbao Technology Co. , Ltd.",DS,SP,Active,Oct-2025,Header Brand,Not exclusive,,0,,0,339.99,0,339.99,230,207,33.717640078,0,24.453366,0,-12.42,14.071193865,266.822199943,-0.1,,0.73,0.73,0.64
2026-05-03,Wayfair US,DMOM1026,W116063431,VFC-2W,VFC-2W,Filing Cabinets,347069,"Guangzhou youbao Technology Co. , Ltd.",DS,SP,Active,Oct-2025,Header Brand,Not exclusive,4,212,9,567.2,113.99,0,113.99,80,72,12.927978235,0,6.382823,0,-4.32,5.778034884,92.768836119,-0.1,,0,0.33,0.29
2026-05-03,Wayfair US,DMOM1041,W119185687,CT-3ps,CT-3ps,Coffee & Cocktail Tables,347069,"Guangzhou youbao Technology Co. , Ltd.",DS,SP,Active,Mar-2026,Header Brand,Not exclusive,,0,,0,329.99,0,329.99,187,172.04,21.167363286,0,23.801396,0,-10.3224,13.921887306,220.608246592,-0.08,,1,1,0.7
2026-05-03,Wayfair US,DMOM1023,W116063425,VFC-4B,VFC-4B,Filing Cabinets,347069,"Guangzhou youbao Technology Co. , Ltd.",DS,SP,Active,Oct-2025,Header Brand,Not exclusive,4,397.43,14,1625.23,199.99,0,199.99,140,126,18.572509325,0,11.250862,0,-7.56,8.993472891,157.256844216,-0.1,,0.55,0.23,0.05
2026-05-03,Wayfair US,DMOM1028,W116055452,VFC-5W,VFC-5W,Filing Cabinets,347069,"Guangzhou youbao Technology Co. , Ltd.",DS,SP,Active,Oct-2025,Header Brand,Not exclusive,,0,,0,239.99,0,239.99,170,153,20.148400536,0,15.237318,0,-9.18,10.439400221,189.645118757,-0.1,,0.48,0.35,0.39
2026-05-03,Wayfair US,DMOM1008,W115098290,YB-CW12S0768,YB-CW12S0768,Cat Condos & Cat Trees,347069,"Guangzhou youbao Technology Co. , Ltd.",DS,SP,Active,Aug-2025,Header Brand,Not exclusive,0,0,1,0,52.99,0,52.99,28,25.2,9.954070131,0,2.783123,0,-1.512,2.974920804,39.400113935,-0.1,,0.14,0.86,1
2026-05-03,Wayfair US,DMOM1011,W115101379,YB- CW12X0718,YB- CW12X0718,Small Animal Cages And Habitats,347069,"Guangzhou youbao Technology Co. , Ltd.",DS,SP,Active,Aug-2025,Header Brand,Not exclusive,,0,,0,204.99,0,204.99,155,139.5,22.580847511,0,9.571164,0,-8.37,9.105055996,172.387067507,-0.1,,0,0.64,0.36
2026-05-03,Wayfair US,DMOM1017,W115286599,3T-B,3T-B,Aquariums & Bowls,347069,"Guangzhou youbao Technology Co. , Ltd.",DS,SP,Active,Aug-2025,Header Brand,Not exclusive,,0,,0,88.99,0,88.99,70,63,11.370794135,0,3.903541,0,-3.78,5.691868964,80.186204099,-0.1,,0,0.35,0
2026-05-03,Wayfair US,DMOM1024,W116063488,LFC-5W,LFC-5W,Filing Cabinets,347069,"Guangzhou youbao Technology Co. , Ltd.",DS,SP,Active,Oct-2025,Header Brand,Not exclusive,1,207,1,207,329.99,0,329.99,230,207,27.865658623,0,23.819366,0,-12.42,13.703110065,259.968134688,-0.1,,0.73,0.5,0.64
2026-05-03,Wayfair US,DMOM1027,W116063491,LFC-4B,LFC-4B,Filing Cabinets,347069,"Guangzhou youbao Technology Co. , Ltd.",DS,SP,Active,Oct-2025,Header Brand,Not exclusive,14,2128.23,38,6347.99,279.99,0,279.99,200,180,22.201793368,0,17.677422,0,-10.8,11.924311263,221.003526631,-0.1,,0.76,0.38,0.29
2026-05-03,Wayfair US,DMOM1040,W119186674,CT-01,CT-01,Coffee & Cocktail Tables,347069,"Guangzhou youbao Technology Co. , Ltd.",DS,SP,Active,Mar-2026,Header Brand,Not exclusive,,0,,0,243.99,0,243.99,136,125.12,17.785556555,0,17.173819,0,-7.5072,10.823018994,163.395194549,-0.08,,0.36,0.09,0
2026-05-03,Wayfair US,DMOM1003,W114467209,4T-Kayak,4T-Kayak,Bike And Sport Racks,347069,"Guangzhou youbao Technology Co. , Ltd.",DS,SP,Active,Jul-2025,Header Brand,Not exclusive,15,1729,35,4205.6,193.99,0,193.99,140,126,20.631023098,0,7.257159,0,-7.56,8.223790097,154.551972195,-0.1,,1,0.82,0
2026-05-03,Wayfair US,DMOM1015,W115304074,5T-dong-198-120,5T-dong-198-120,Shelving & Racks,347069,"Guangzhou youbao Technology Co. , Ltd.",DS,SP,Active,Aug-2025,Header Brand,Not exclusive,0,0,6,587.4,164.99,0,164.99,110,99,20.913719943,0,7.995317,0,-5.94,7.233107692,129.202144635,-0.1,,0.16,0.63,0.95
2026-05-03,Wayfair US,DMOM1018,W116063433,LFC-2W,LFC-2W,Filing Cabinets,347069,"Guangzhou youbao Technology Co. , Ltd.",DS,SP,Active,Oct-2025,Header Brand,Not exclusive,4,479.25,16,1786.05,193.99,0,193.99,135,121.5,18.560908826,0,10.646175,0,-7.29,8.780269881,152.197353707,-0.1,,0.71,0.19,0.05
2026-05-03,Wayfair US,DMOM1021,W116063489,LFC-2W-680,LFC-2W-680,Filing Cabinets,347069,"Guangzhou youbao Technology Co. , Ltd.",DS,SP,Active,Oct-2025,Header Brand,Not exclusive,28,2840.4,54,5494.8,168.99,0,168.99,120,108,13.83981926,0,9.154173,0,-6.48,7.848022869,132.362015129,-0.1,,0.48,0.38,0
2026-05-03,Wayfair US,DMOM1027,W116063491,LFC-4W,LFC-4W,Filing Cabinets,347069,"Guangzhou youbao Technology Co. , Ltd.",DS,SP,Active,Oct-2025,Header Brand,Not exclusive,5,880,8,1412,279.99,0,279.99,200,180,23.037760859,0,17.677422,0,-10.8,11.924311263,221.839494122,-0.1,,0.76,0.33,0.29
2026-05-03,Wayfair US,DMOM1054,W119669210,LFC-4B-400,LFC-4B-400,Filing Cabinets,347069,"Guangzhou youbao Technology Co. , Ltd.",DS,SP,Active,Not defined,Header Brand,Not exclusive,,0,,0,276.99,0,276.99,180,180,24.314442803,0,17.430624,0,-10.8,11.815403024,222.760469827,,,0,0.05,0.1
2026-05-03,Wayfair US,DMOM1000,W114466261,5T-1830-1200,5T-1830-1200,Shelving & Racks,347069,"Guangzhou youbao Technology Co. , Ltd.",DS,SP,Active,Jul-2025,Header Brand,Not exclusive,5,616,16,1978.2,199.99,0,199.99,140,126,19.36102973,0,9.126292,0,-7.56,8.587363094,155.514684824,-0.1,,0.97,0.69,0.31
2026-05-03,Wayfair US,DMOM1000,W114466261,5T-1600-800,5T-1600-800,Shelving & Racks,347069,"Guangzhou youbao Technology Co. , Ltd.",DS,SP,Active,Jul-2025,Header Brand,Not exclusive,0,0,2,153,119.99,0,119.99,85,76.5,11.640845391,0,5.294181,0,-4.59,5.597891127,94.442917518,-0.1,,0.5,0.31,0.41
2026-05-03,Wayfair US,DMOM1012,W115101378,YB-CW12Y0719,YB-CW12Y0719,Small Animal Cages And Habitats,347069,"Guangzhou youbao Technology Co. , Ltd.",DS,SP,Active,Aug-2025,Header Brand,Not exclusive,,0,,0,137.99,0,137.99,105,94.5,16.395273328,0,6.683202,0,-5.67,6.592633013,118.501108341,-0.1,,0,1,0.89
2026-05-03,Wayfair US,DMOM1013,W115101372,YB-CW12H0689,YB-CW12H0689,Small Animal Cages And Habitats,347069,"Guangzhou youbao Technology Co. , Ltd.",DS,SP,Active,Aug-2025,Header Brand,Not exclusive,,0,,0,309.99,0,309.99,235,211.5,32.105484244,0,14.875548,0,-12.69,12.970250926,258.76128317,-0.1,,0.25,0.83,0.33
2026-05-03,Wayfair US,DMOM1015,W115304074,5T-dong-183-120,5T-dong-183-120,Shelving & Racks,347069,"Guangzhou youbao Technology Co. , Ltd.",DS,SP,Active,Aug-2025,Header Brand,Not exclusive,5,528,21,2220,179.99,0,179.99,120,108,21.835280305,0,8.585454,0,-6.48,7.814412187,139.755146492,-0.1,,0.21,0.79,0.84
2026-05-03,Wayfair US,DMOM1017,W115286599,3T-W,3T-W,Aquariums & Bowls,347069,"Guangzhou youbao Technology Co. , Ltd.",DS,SP,Active,Aug-2025,Header Brand,Not exclusive,6,122.81,6,122.81,88.99,0,88.99,70,63,10.421016343,0,5.079228,0,-3.78,5.652349395,80.372593738,-0.1,,0,0,0.59
2026-05-03,Wayfair US,DMOM1025,W116063428,LFC-3B,LFC-3B,Filing Cabinets,347069,"Guangzhou youbao Technology Co. , Ltd.",DS,SP,Active,Oct-2025,Header Brand,Not exclusive,5,533.2,18,2301.75,219.99,0,219.99,155,139.5,19.195069438,0,12.362871,0,-8.37,9.744967138,172.432907576,-0.1,,0.6,0.6,0.3
2026-05-03,Wayfair US,DMOM1026,W116063431,VFC-2B,VFC-2B,Filing Cabinets,347069,"Guangzhou youbao Technology Co. , Ltd.",DS,SP,Active,Oct-2025,Header Brand,Not exclusive,,0,,0,111.99,0,111.99,80,72,10.980244002,0,6.28662,0,-4.32,5.702649742,90.649513744,-0.1,,0,0,0.29
2026-05-03,Wayfair US,DMOM1002,W114460480,8T-Kayak,8T-Kayak,Bike And Sport Racks,347069,"Guangzhou youbao Technology Co. , Ltd.",DS,SP,Active,Jul-2025,Header Brand,Not exclusive,,0,,0,279.99,0,279.99,215,193.5,17.992902411,0,11.413926,0,-11.61,11.418229015,222.715057426,-0.1,,0.82,0.64,0.36
2026-05-03,Wayfair US,DMOM1016,W115304072,5T-wangge,5T-wangge,Shelving & Racks,347069,"Guangzhou youbao Technology Co. , Ltd.",DS,SP,Active,Aug-2025,Header Brand,Not exclusive,0,0,3,211.2,114.99,0,114.99,80,72,11.490979485,0,5.063472,0,-4.32,5.40752228,89.641973765,-0.1,,0.55,0.09,0.91
2026-05-03,Wayfair US,DMOM1020,W116063492,MFC-D2-W,MFC-D2-W,Filing Cabinets,347069,"Guangzhou youbao Technology Co. , Ltd.",DS,SP,Active,Oct-2025,Header Brand,Not exclusive,19,1736.9,34,3000.8,153.99,0,153.99,110,99,11.660179556,0,8.793927,0,-5.94,7.261751207,120.775857763,-0.1,,0.55,0,0
2026-05-03,Wayfair US,DMOM1020,W116063492,MFC-D2-B,MFC-D2-B,Filing Cabinets,347069,"Guangzhou youbao Technology Co. , Ltd.",DS,SP,Active,Oct-2025,Header Brand,Not exclusive,32,2681.8,59,5206.3,157.99,0,157.99,110,99,14.763051766,0,9.090324,0,-5.94,7.408080944,124.32145671,-0.1,,0.55,0.77,0
2026-05-03,Wayfair US,DMOM1022,W116063490,MFC-D3-B,MFC-D3-B,Filing Cabinets,347069,"Guangzhou youbao Technology Co. , Ltd.",DS,SP,Active,Oct-2025,Header Brand,Not exclusive,32,1008,54,2812.95,139.99,0,139.99,105,94.5,12.450476614,0,7.881437,0,-5.67,6.748579274,115.910492888,-0.1,,0.17,0.33,0.22
2026-05-03,Wayfair US,DMOM1029,W116052666,VF-ZH-4W,VF-ZH-4W,Filing Cabinets,347069,"Guangzhou youbao Technology Co. , Ltd.",DS,SP,Active,Oct-2025,Header Brand,Not exclusive,4,462.5,17,2103.45,259.99,0,259.99,185,166.5,21.776546247,0,16.285521,0,-9.99,11.182720303,205.75478755,-0.1,,0.63,0.21,0
2026-05-03,Wayfair US,DMOM1029,W116052666,VF-ZH-4B,VF-ZH-4B,Filing Cabinets,347069,"Guangzhou youbao Technology Co. , Ltd.",DS,SP,Active,Oct-2025,Header Brand,Not exclusive,10,1461.5,26,4071.85,259.99,0,259.99,185,166.5,22.126755906,0,15.615691,0,-9.99,11.203155517,205.455602423,-0.1,,0.63,0.53,0
2026-05-03,Wayfair US,DMOM1056,DMOM1056,MFC-D2W,MFC-D2W,Filing Cabinets,347069,"Guangzhou youbao Technology Co. , Ltd.",DS,SP,Admins Can Sell,Not defined,,Not exclusive,,0,,0,226.99,0,226.99,130,130,13.003851769,0,13.438012,0,-7.8,9.952882176,158.594745945,,,,,
2026-05-03,Wayfair US,DMOM1006,W114941605,MK-WB001B,MK-WB001B,Workbenches,347069,"Guangzhou youbao Technology Co. , Ltd.",DS,SP,Active,Aug-2025,Header Brand,Not exclusive,,0,,0,249.99,0,249.99,179.99,161.991,21.485384173,0,11.5861383,0,-9.71946,11.244871861,196.587934334,-0.1,,0.85,0.38,0
2026-05-03,Wayfair US,DMOM1023,W116063425,VFC-4W,VFC-4W,Filing Cabinets,347069,"Guangzhou youbao Technology Co. , Ltd.",DS,SP,Active,Oct-2025,Header Brand,Not exclusive,2,242.2,4,491.4,199.99,0,199.99,140,126,18.197426524,0,11.283461,0,-7.56,8.992686931,156.913574455,-0.1,,0.55,0.18,0.05
2026-05-03,Wayfair US,DMOM1038,W119185475,PT01-WH,PT01-WH,Pantry Cabinets,347069,"Guangzhou youbao Technology Co. , Ltd.",DS,SP,Active,Mar-2026,Header Brand,Not exclusive,,0,,0,214.99,0,214.99,136,125.12,20.877873356,0,12.235409,0,-7.5072,10.407841125,161.133923481,-0.08,,0,0,0
2026-05-03,Wayfair US,DMOM1053,W119669211,LFC-4W-400,LFC-4W-400,Filing Cabinets,347069,"Guangzhou youbao Technology Co. , Ltd.",DS,SP,Active,Not defined,Header Brand,Not exclusive,,0,,0,276.99,0,276.99,180,180,24.314442803,0,17.430624,0,-10.8,11.815403024,222.760469827,,,0.43,0.48,0.26
2026-05-03,Wayfair US,DMOM1009,W115098286,YB-MSE3400003,YB-MSE3400003,Crates and Carriers,347069,"Guangzhou youbao Technology Co. , Ltd.",DS,SP,Active,Aug-2025,Header Brand,Not exclusive,,0,,0,364.99,0,364.99,245,220.5,36.172660997,0,21.250161,0,-13.23,15.865650003,280.558472,-0.1,,0.18,1,0.45
2026-05-03,Wayfair US,DMOM1025,W116063428,LFC-3W,LFC-3W,Filing Cabinets,347069,"Guangzhou youbao Technology Co. , Ltd.",DS,SP,Active,Oct-2025,Header Brand,Not exclusive,17,2314.15,43,5855.9,219.99,0,219.99,155,139.5,19.308566212,0,12.362871,0,-8.37,9.744967138,172.54640435,-0.1,,0.6,0.6,0.1
2026-05-03,Wayfair US,DMOM1028,W116055452,VFC-5B,VFC-5B,Filing Cabinets,347069,"Guangzhou youbao Technology Co. , Ltd.",DS,SP,Active,Oct-2025,Header Brand,Not exclusive,0,0,2,306,239.99,0,239.99,170,153,20.288651614,0,15.237318,0,-9.18,10.439400221,189.785369835,-0.1,,0.48,0.78,0.39
2026-05-03,Wayfair US,DMOM1037,W119184271,CT-02,CT-02,Coffee & Cocktail Tables,347069,"Guangzhou youbao Technology Co. , Ltd.",DS,SP,Active,Mar-2026,Header Brand,Not exclusive,,0,,0,229.99,0,229.99,128,117.76,17.879928182,0,16.179066,0,-7.0656,10.315325913,155.068720095,-0.08,,0.18,0.18,0.45
2026-05-03,Wayfair US,DMOM1055,DMOM1055,MFC-D3B,MFC-D3B,Filing Cabinets,347069,"Guangzhou youbao Technology Co. , Ltd.",DS,SP,Admins Can Sell,Not defined,,Not exclusive,,0,,0,216.99,0,216.99,125,125,11.346861574,0,12.880007,0,-7.5,9.578726723,151.305595297,,,,,
2026-05-03,Wayfair US,DMOM1001,W114464543,2T-Kayak,2T-Kayak,Bike And Sport Racks,347069,"Guangzhou youbao Technology Co. , Ltd.",DS,SP,Active,Jul-2025,Header Brand,Not exclusive,0,0,9,581.4,127.99,0,127.99,95,85.5,11.096144483,0,4.84418,0,-5.13,5.729789657,102.04011414,-0.1,,0.73,0.09,1
2026-05-03,Wayfair US,DMOM1004,W114460485,3T-Kayak,3T-Kayak,Bike And Sport Racks,347069,"Guangzhou youbao Technology Co. , Ltd.",DS,SP,Active,Jul-2025,Header Brand,Not exclusive,0,0,13,1277.1,145.99,0,145.99,110,99,10.746770896,0,5.612624,0,-5.94,6.400499412,115.819894308,-0.1,,0.82,0,0.45
2026-05-03,Wayfair US,DMOM1005,W114460483,5T-Niudun,5T-Niudun,Bookcases,347069,"Guangzhou youbao Technology Co. , Ltd.",DS,SP,Active,Jul-2025,Header Brand,Not exclusive,1,59.4,3,178.2,116.99,0,116.99,108,59.4,18.643993481,0,5.290778,0,-3.564,5.540703119,85.3114746,-0.45,,0.59,0.76,0.24
2026-05-03,Wayfair US,DMOM1010,W115099172,YB-CW12S0714,PWUC2619,Small Animal Cages And Habitats,347069,"Guangzhou youbao Technology Co. , Ltd.",DS,,Active,Aug-2025,,Not exclusive,,0,,0,169.99,0,169.99,130,117,19.950564999,0,8.033798,0,-7.02,7.799471326,145.763834325,-0.1,,0,0.91,1
2026-05-03,Wayfair US,DMOM1018,W116063433,LFC-2B,LFC-2B,Filing Cabinets,347069,"Guangzhou youbao Technology Co. , Ltd.",DS,SP,Active,Oct-2025,Header Brand,Not exclusive,18,1759.05,26,2708.1,191.99,0,191.99,135,121.5,17.601411697,0,10.541175,0,-7.29,8.705796381,151.058383078,-0.1,,0.71,0.14,0.1
2026-05-03,Wayfair US,DMOM1019,W116063436,VFC-3B,VFC-3B,Filing Cabinets,347069,"Guangzhou youbao Technology Co. , Ltd.",DS,SP,Active,Oct-2025,Header Brand,Not exclusive,6,644.4,34,3507.6,165.99,0,165.99,120,108,12.023975385,0,8.999478,0,-6.48,7.739597903,130.283051288,-0.1,,0.4,0.15,0.3
2026-05-03,Wayfair US,DMOM1019,W116063436,VFC-3W,VFC-3W,Filing Cabinets,347069,"Guangzhou youbao Technology Co. , Ltd.",DS,SP,Active,Oct-2025,Header Brand,Not exclusive,3,316.8,15,1584,168.99,0,168.99,120,108,13.830308941,0,9.156078,0,-6.48,7.851343523,132.357730464,-0.1,,0.4,0.4,0.3
2026-05-03,Wayfair US,DMOM1021,W116063489,LFC-2B-680,LFC-2B-680,Filing Cabinets,347069,"Guangzhou youbao Technology Co. , Ltd.",DS,SP,Active,Oct-2025,Header Brand,Not exclusive,19,2005.2,38,3992.4,165.99,0,165.99,120,108,12.04330955,0,8.996073,0,-6.48,7.736336199,130.295718749,-0.1,,0.48,0.05,0
2026-05-03,Wayfair US,DMOM1022,W116063490,MFC-D3-W,MFC-D3-W,Filing Cabinets,347069,"Guangzhou youbao Technology Co. , Ltd.",DS,SP,Active,Oct-2025,Header Brand,Not exclusive,55,4941.3,61,5127.15,139.99,0,139.99,105,94.5,11.758627034,0,7.881437,0,-5.67,6.748579274,115.218643308,-0.1,,0.17,0.06,0.22
2026-05-03,Wayfair US,DMOM1039,W119185476,PT02-WH,PT02-WH,Pantry Cabinets,347069,"Guangzhou youbao Technology Co. , Ltd.",DS,SP,Active,Mar-2026,Header Brand,Not exclusive,,0,,0,249.99,0,249.99,162,149.04,21.214601354,0,14.970585,0,-8.9424,11.680592376,187.96337873,-0.08,,0.55,0.18,0.09
