Promotion Name,Promotion Start Date,Promotion End Date,Class,Store,Product Part #,Revenue 30 Days Prior,Avg Daily Revenue Prior 30 Days,Revenue During Promotion,Avg Daily Revenue During Promotion,Revenue Post 30 Days,Avg Daily Revenue Post 30 Days,# of Units Sold 30 Days Prior,Avg Daily Units Sold Prior 30 Days,# of Units Sold During Promotion,Avg Daily Units Sold During Promotion,# of Units Sold Post 30 Days,Avg Daily Units Sold Post 30 Days,Discount Percent,Impressions,Conversion Rate
C13 Deal of the Day 2025 - November 21,2025-11-21,2025-11-22,Bike And Sport Racks,Wayfair US,4T-Kayak,579.04,19.3,114.49,57.25,115.81,3.86,5,0.17,1,0.5,1,0.03,13,,
C13 Deal of the Day 2025 - November 21,2025-11-21,2025-11-22,Filing Cabinets,Wayfair Canada (English),LFC-2W-680,0,0,99.74,49.87,98.78,3.29,0,0,1,0.5,1,0.03,13,5,20
C13 Deal of the Day 2025 - November 21,2025-11-21,2025-11-22,Filing Cabinets,Wayfair US,LFC-3W,131.13,4.37,126.76,63.38,1267.89,42.26,1,0.03,1,0.5,12,0.4,13,6,0
C13 Deal of the Day 2025 - November 21,2025-11-21,2025-11-22,Filing Cabinets,Wayfair US,MFC-D2-W,0,0,89.96,44.98,367.21,12.24,0,0,1,0.5,5,0.17,13,,
C13 Deal of the Day 2025 - November 21,2025-11-21,2025-11-22,Filing Cabinets,Wayfair US,VF-ZH-4B,0,0,151.29,75.65,1086.87,36.23,0,0,1,0.5,7,0.23,13,1,100
C13 Deal of the Day 2025 - November 22,2025-11-22,2025-11-23,Bookcases,Wayfair US,5T-Niudun,0,0,55.83,27.92,0,0,0,0,1,0.5,0,0,13,,
C13 Deal of the Day 2025 - November 23,2025-11-23,2025-11-24,Filing Cabinets,Wayfair US,LFC-2W-680,200.79,6.69,98.13,49.07,896.91,29.9,2,0.07,1,0.5,10,0.33,13,2,50
C13 Deal of the Day 2025 - November 24,2025-11-24,2025-11-25,Filing Cabinets,Wayfair US,LFC-4B,0,0,-3.48,-1.74,498.2,16.61,0,0,1,0.5,3,0.1,13,68,1.4705882352941175
C13 Deal of the Day 2025 - November 24,2025-11-24,2025-11-25,Filing Cabinets,Wayfair US,MFC-D3-W,0,0,-1.83,-0.92,0,0,0,0,1,0.5,0,0,13,2,50
C13 Deal of the Day 2025 - November 24,2025-11-24,2025-11-25,Filing Cabinets,Wayfair US,VFC-3W,0,0,-2.09,-1.05,95.88,3.2,0,0,1,0.5,1,0.03,13,3,33.333333333333329
C13 Deal of the Day 2025 - November 25,2025-11-25,2025-11-26,Filing Cabinets,Wayfair US,LFC-2W-680,200.79,6.69,294.4,147.2,602.51,20.08,2,0.07,3,1.5,7,0.23,13,20,10
C13 Deal of the Day 2025 - November 25,2025-11-25,2025-11-26,Filing Cabinets,Wayfair US,MFC-D3-B,86.85,2.9,-1.83,-0.92,256.61,8.55,1,0.03,0,0,3,0.1,13,5,20
C13 Deal of the Day 2025 - November 25,2025-11-25,2025-11-26,Filing Cabinets,Wayfair US,VFC-3B,0,0,-2.09,-1.05,1199.07,39.97,0,0,1,0.5,12,0.4,13,9,11.111111111111111
C13 Deal of the Day 2025 - November 26,2025-11-26,2025-11-27,Filing Cabinets,Wayfair US,LFC-3W,257.89,8.6,-2.79,-1.4,1270.68,42.36,2,0.07,1,0.5,11,0.37,13,8,0
C13 Deal of the Day 2025 - November 26,2025-11-26,2025-11-27,Filing Cabinets,Wayfair US,VFC-4W,0,0,-2.52,-1.26,115.81,3.86,0,0,1,0.5,1,0.03,13,3,33.333333333333329
NA - Back to School - Q3 2025,2025-05-31,2025-09-03,Bike And Sport Racks,Wayfair US,3T-Kayak,0,0,93.06,0.97,463.23,15.44,0,0,1,0.01,5,0.17,10,,
NA - Back to School - Q3 2025,2025-05-31,2025-09-03,Bike And Sport Racks,Wayfair Canada (English),4T-Kayak,0,0,120.07,1.25,0,0,0,0,1,0.01,0,0,10,,
NA 48 HR Sale - January 2026,2026-01-24,2026-01-26,Filing Cabinets,Wayfair US,LFC-2B-680,988.12,32.94,95.88,31.96,197.4,6.58,10,0.33,1,0.33,2,0.07,10,6,16.666666666666664
NA 48 HR Sale - January 2026,2026-01-24,2026-01-26,Filing Cabinets,Wayfair Canada (English),LFC-5W,0,0,189.3,63.1,0,0,0,0,1,0.33,0,0,10,1,100
NA 48 HR Sale - January 2026,2026-01-24,2026-01-26,Filing Cabinets,Wayfair US,MFC-D3-W,88.83,2.96,88.83,29.61,528.04,17.6,1,0.03,0,0,6,0.2,10,,
NA 48 HR Sale - January 2026,2026-01-24,2026-01-26,Filing Cabinets,Wayfair US,VFC-3B,1495.71,49.86,101.52,33.84,304.56,10.15,15,0.5,1,0.33,3,0.1,10,4,0
NA 48 HR Sale - January 2026,2026-01-24,2026-01-26,Filing Cabinets,Wayfair US,VFC-3W,895.62,29.85,101.52,33.84,0,0,9,0.3,1,0.33,0,0,10,1,100
NA 48 HR Sale - March 2026,2026-03-14,2026-03-16,Shelving & Racks,Wayfair US,6T-2095-122,0,0,253.8,84.6,0,0,0,0,2,0.67,0,0,10,3,33.333333333333329
NA 48 HR Sale - March 2026,2026-03-14,2026-03-16,Filing Cabinets,Wayfair US,MFC-D2-B,997.81,33.26,87.89,29.3,995.74,33.19,11,0.37,1,0.33,11,0.37,10,35,2.8571428571428572
NA 48 HR Sale - March 2026,2026-03-14,2026-03-16,Filing Cabinets,Wayfair US,VF-ZH-4B,0,0,156.51,52.17,765.15,25.51,0,0,1,0.33,5,0.17,10,8,12.5
NA 5 Days of Deals - December 2025,2025-12-08,2025-12-13,Shelving & Racks,Wayfair US,5T-1830-1200,0,0,347.43,57.91,118.44,3.95,0,0,3,0.5,1,0.03,10,9,0
NA 5 Days of Deals - December 2025,2025-12-08,2025-12-13,Shelving & Racks,Wayfair US,5T-1980-1200,394.8,13.16,101.52,16.92,0,0,4,0.13,1,0.17,0,0,10,11,9.0909090909090917
NA 5 Days of Deals - December 2025,2025-12-08,2025-12-13,Filing Cabinets,Wayfair US,LFC-2B,226.04,7.53,111.67,18.61,213.3,7.11,3,0.1,1,0.17,3,0.1,10,1,100
NA 5 Days of Deals - December 2025,2025-12-08,2025-12-13,Filing Cabinets,Wayfair US,LFC-2W,663.84,22.13,114.21,19.04,109.24,3.64,7,0.23,1,0.17,2,0.07,10,4,0
NA 5 Days of Deals - December 2025,2025-12-08,2025-12-13,Filing Cabinets,Wayfair US,LFC-2W-680,891.27,29.71,101.52,16.92,1096.41,36.55,10,0.33,1,0.17,11,0.37,10,18,0
NA 5 Days of Deals - December 2025,2025-12-08,2025-12-13,Filing Cabinets,Wayfair US,LFC-3W,878.87,29.3,384.65,64.11,1145.2,38.17,9,0.3,3,0.5,9,0.3,10,4,25
NA 5 Days of Deals - December 2025,2025-12-08,2025-12-13,Filing Cabinets,Wayfair US,MFC-D2-B,180.04,6,90.99,15.17,814.8,27.16,3,0.1,1,0.17,9,0.3,10,4,25
NA 5 Days of Deals - December 2025,2025-12-08,2025-12-13,Filing Cabinets,Wayfair US,MFC-D2-W,88.03,2.93,93.06,15.51,910.96,30.37,2,0.07,1,0.17,9,0.3,10,1,0
NA 5 Days of Deals - December 2025,2025-12-08,2025-12-13,Filing Cabinets,Wayfair US,VF-ZH-4B,460.83,15.36,313.02,52.17,754.71,25.16,3,0.1,2,0.33,5,0.17,10,11,9.0909090909090917
NA 5 Days of Deals - December 2025,2025-12-08,2025-12-13,Filing Cabinets,Wayfair US,VF-ZH-4W,156.51,5.22,156.51,26.09,754.71,25.16,1,0.03,1,0.17,4,0.13,10,3,33.333333333333329
NA 5 Days of Deals - December 2025,2025-12-08,2025-12-13,Filing Cabinets,Wayfair Canada (English),VFC-2W,68.64,2.29,134.94,22.49,0,0,1,0.03,2,0.33,0,0,10,4,25
NA 5 Days of Deals - January 2026,2026-01-29,2026-02-03,Bike And Sport Racks,Wayfair US,4T-Kayak,236.88,7.9,111.86,18.64,111.86,3.73,2,0.07,1,0.17,1,0.03,10,,
NA 5 Days of Deals - January 2026,2026-01-29,2026-02-03,Shelving & Racks,Wayfair US,5T-dong-183-120,0,0,95.88,15.98,197.4,6.58,0,0,1,0.17,2,0.07,10,2,50
NA 5 Days of Deals - January 2026,2026-01-29,2026-02-03,Shelving & Racks,Wayfair Canada (English),6T-2095-122,0,0,124.95,20.83,0,0,0,0,1,0.17,0,0,10,3,33.333333333333329
NA 5 Days of Deals - January 2026,2026-01-29,2026-02-03,Filing Cabinets,Wayfair US,LFC-2W-680,994.89,33.16,197.4,32.9,501.96,16.73,10,0.33,2,0.33,5,0.17,10,8,25
NA 5 Days of Deals - January 2026,2026-01-29,2026-02-03,Filing Cabinets,Wayfair US,LFC-3B,1180.87,39.36,156.62,26.1,123.84,4.13,10,0.33,2,0.33,1,0.03,10,6,16.666666666666664
NA 5 Days of Deals - January 2026,2026-01-29,2026-02-03,Filing Cabinets,Wayfair US,LFC-3W,1145.2,38.17,262.26,43.71,1034.46,34.48,9,0.3,2,0.33,8,0.27,10,16,12.5
NA 5 Days of Deals - January 2026,2026-01-29,2026-02-03,Filing Cabinets,Wayfair US,MFC-D2-B,1272.86,42.43,279.18,46.53,1008.15,33.61,14,0.47,3,0.5,11,0.37,10,37,2.7027027027027026
NA 5 Days of Deals - January 2026,2026-01-29,2026-02-03,Filing Cabinets,Wayfair Canada (English),MFC-D2-W,0,0,91.64,15.27,0,0,0,0,1,0.17,0,0,10,,
NA 5 Days of Deals - January 2026,2026-01-29,2026-02-03,Filing Cabinets,Wayfair US,MFC-D3-B,1180.45,39.35,83.89,13.98,0,0,14,0.47,1,0.17,0,0,10,3,0
NA 5 Days of Deals - January 2026,2026-01-29,2026-02-03,Filing Cabinets,Wayfair US,VF-ZH-4W,911.22,30.37,156.51,26.09,0,0,5,0.17,1,0.17,0,0,10,8,0
NA 5 Days of Deals - January 2026,2026-01-29,2026-02-03,Filing Cabinets,Wayfair US,VFC-3B,1296.06,43.2,101.52,16.92,203.04,6.77,13,0.43,1,0.17,2,0.07,10,12,8.3333333333333321
NA 5 Days of Deals - October 2025,2025-10-10,2025-10-15,Bike And Sport Racks,Wayfair US,2T-Kayak,237.55,7.92,160.74,26.79,75.9,2.53,3,0.1,1,0.17,1,0.03,10,,
NA 5 Days of Deals - October 2025,2025-10-10,2025-10-15,Aquariums & Bowls,Wayfair US,3T-B,0,0,59.22,9.87,0,0,0,0,1,0.17,0,0,10,,
NA 5 Days of Deals - October 2025,2025-10-10,2025-10-15,Bike And Sport Racks,Wayfair Canada (English),3T-Kayak,0,0,94.33,15.72,0,0,0,0,1,0.17,0,0,10,,
NA 5 Days of Deals - October 2025,2025-10-10,2025-10-15,Bike And Sport Racks,Wayfair US,4T-Kayak,471.13,15.7,236.88,39.48,579.04,19.3,4,0.13,2,0.33,5,0.17,10,,
NA 5 Days of Deals - October 2025,2025-10-10,2025-10-15,Shelving & Racks,Wayfair US,5T-1980-1200,99.27,3.31,0,0,605.73,20.19,1,0.03,0,0,6,0.2,10,5,20
NA 5 Days of Deals - October 2025,2025-10-10,2025-10-15,Shelving & Racks,Wayfair US,6T-2095-122,-2.64,-0.09,126.9,21.15,493.5,16.45,1,0.03,1,0.17,4,0.13,10,1,100
NA 72 Hour Clearout - December 2025,2025-12-13,2025-12-16,Filing Cabinets,Wayfair Canada (English),LFC-2B-680,295.5,9.85,201.46,50.37,100.16,3.34,3,0.1,2,0.5,1,0.03,10,4,25
NA 72 Hour Clearout - December 2025,2025-12-13,2025-12-16,Filing Cabinets,Wayfair US,LFC-2W-680,992.79,33.09,203.04,50.76,893.37,29.78,11,0.37,2,0.5,9,0.3,10,8,0
NA 72 Hour Clearout - December 2025,2025-12-13,2025-12-16,Filing Cabinets,Wayfair US,LFC-4B,161.96,5.4,163.56,40.89,2120.78,70.69,2,0.07,1,0.25,15,0.5,10,2,50
NA 72 Hour Clearout - December 2025,2025-12-13,2025-12-16,Filing Cabinets,Wayfair US,MFC-D2-B,457.15,15.24,93.06,23.27,907.86,30.26,6,0.2,1,0.25,10,0.33,10,2,0
NA 72 Hour Clearout - December 2025,2025-12-13,2025-12-16,Filing Cabinets,Wayfair US,VF-ZH-4B,773.85,25.8,307.8,76.95,907.74,30.26,5,0.17,2,0.5,6,0.2,10,9,11.111111111111111
NA 72 Hour Clearout - December 2025,2025-12-13,2025-12-16,Filing Cabinets,Wayfair US,VFC-2W,63.35,2.11,135.36,33.84,0,0,3,0.1,2,0.5,0,0,10,3,66.666666666666657
NA 72 Hour Clearout - December 2025,2025-12-13,2025-12-16,Filing Cabinets,Wayfair US,VFC-4W,-2.52,-0.08,115.81,28.95,0,0,1,0.03,1,0.25,0,0,10,1,100
NA 72 Hour Clearout - December 2025,2025-12-13,2025-12-16,Cat Condos & Cat Trees,Wayfair US,YB-CW12S0768,0,0,0,0,0,0,0,0,0,0,0,0,10,,
NA 72 Hour Clearout - March 2026,2026-03-28,2026-03-31,Bike And Sport Racks,Wayfair US,4T-Kayak,230.3,7.68,223.72,55.93,829.08,27.64,2,0.07,2,0.5,7,0.23,15,,
NA 72 Hour Clearout - March 2026,2026-03-28,2026-03-31,Shelving & Racks,Wayfair US,5T-1830-1200,118.44,3.95,111.86,27.97,0,0,1,0.03,1,0.25,0,0,15,1,0
NA 72 Hour Clearout - March 2026,2026-03-28,2026-03-31,Filing Cabinets,Wayfair US,LFC-2B,427.27,14.24,107.86,26.97,1006.31,33.54,5,0.17,1,0.25,9,0.3,15,9,11.111111111111111
NA 72 Hour Clearout - March 2026,2026-03-28,2026-03-31,Filing Cabinets,Wayfair US,LFC-2B-680,203.04,6.77,291.03,72.76,1091.91,36.4,2,0.07,3,0.75,11,0.37,15,12,16.666666666666664
NA 72 Hour Clearout - March 2026,2026-03-28,2026-03-31,Filing Cabinets,Wayfair US,LFC-2W-680,394.8,13.16,191.76,47.94,1485.58,49.52,4,0.13,2,0.5,15,0.5,15,38,5.2631578947368416
NA 72 Hour Clearout - March 2026,2026-03-28,2026-03-31,Filing Cabinets,Wayfair US,LFC-3W,123.84,4.13,123.84,30.96,762,25.4,1,0.03,1,0.25,6,0.2,15,11,9.0909090909090917
NA 72 Hour Clearout - March 2026,2026-03-28,2026-03-31,Filing Cabinets,Wayfair US,LFC-4B,159.8,5.33,165.44,41.36,1466.4,48.88,1,0.03,1,0.25,10,0.33,15,8,0
NA 72 Hour Clearout - March 2026,2026-03-28,2026-03-31,Filing Cabinets,Wayfair US,MFC-D2-B,884.07,29.47,178.88,44.72,542.85,18.1,10,0.33,2,0.5,6,0.2,15,22,4.5454545454545459
NA 72 Hour Clearout - March 2026,2026-03-28,2026-03-31,Filing Cabinets,Wayfair US,MFC-D2-W,0,0,87.89,21.97,712.98,23.77,0,0,1,0.25,13,0.43,15,20,5
NA 72 Hour Clearout - March 2026,2026-03-28,2026-03-31,Filing Cabinets,Wayfair US,MFC-D3-W,676.02,22.53,83.89,20.97,3170.4,105.68,8,0.27,1,0.25,39,1.3,15,15,0
NA 72 Hour Clearout - March 2026,2026-03-28,2026-03-31,Filing Cabinets,Wayfair US,VFC-4B,0,0,111.86,27.97,0,0,1,0.03,1,0.25,0,0,15,8,12.5
NA 72 Hour Clearout - November 2025,2025-11-09,2025-11-12,Bike And Sport Racks,Wayfair US,4T-Kayak,697.48,23.25,118.44,29.61,230.3,7.68,6,0.2,1,0.25,2,0.07,10,,
NA 72 Hour Clearout - November 2025,2025-11-09,2025-11-12,Shelving & Racks,Wayfair US,5T-1980-1200,406.08,13.54,199.65,49.91,296.67,9.89,4,0.13,2,0.5,3,0.1,10,31,6.4516129032258061
NA 72 Hour Clearout - November 2025,2025-11-09,2025-11-12,Shelving & Racks,Wayfair US,5T-dong-183-120,489.07,16.3,101.52,25.38,390.3,13.01,5,0.17,1,0.25,4,0.13,10,2,50
NA 72 Hour Clearout - October 2025,2025-10-07,2025-10-10,Shelving & Racks,Wayfair US,5T-1830-1200,113.35,3.78,118.44,29.61,236.88,7.9,2,0.07,1,0.25,2,0.07,10,1,0
NA 72 Hour Clearout - October 2025,2025-10-07,2025-10-10,Shelving & Racks,Wayfair US,5T-1830-900,-1.57,-0.05,75.3,18.83,75.3,2.51,1,0.03,1,0.25,1,0.03,10,3,33.333333333333329
NA Big Outdoor Sale - March 2026,2026-03-24,2026-04-16,Filing Cabinets,Wayfair US,LFC-2B,103.68,3.46,435.26,18.14,913.68,30.46,2,0.07,4,0.17,8,0.27,12,26,7.6923076923076925
NA Big Outdoor Sale - March 2026,2026-03-24,2026-04-16,Filing Cabinets,Wayfair US,LFC-2B-680,203.04,6.77,198.54,8.27,578.48,19.28,2,0.07,2,0.08,6,0.2,12,22,9.0909090909090917
NA Big Outdoor Sale - March 2026,2026-03-24,2026-04-16,Filing Cabinets,Wayfair US,LFC-2W-680,298.92,9.96,592.23,24.68,400.44,13.35,3,0.1,6,0.25,4,0.13,12,72,4.1666666666666661
NA Big Outdoor Sale - March 2026,2026-03-24,2026-04-16,Filing Cabinets,Wayfair US,LFC-3W,131.13,4.37,252.05,10.5,254.97,8.5,1,0.03,2,0.08,2,0.07,12,40,2.5
NA Big Outdoor Sale - March 2026,2026-03-24,2026-04-16,Filing Cabinets,Wayfair Canada (English),LFC-4B,166.18,5.54,165.87,6.91,0,0,1,0.03,1,0.04,0,0,12,3,33.333333333333329
NA Big Outdoor Sale - March 2026,2026-03-24,2026-04-16,Filing Cabinets,Wayfair US,LFC-4B,159.8,5.33,613.88,25.58,42.24,1.41,1,0.03,4,0.17,1,0.03,12,28,7.1428571428571423
NA Big Outdoor Sale - March 2026,2026-03-24,2026-04-16,Filing Cabinets,Wayfair US,MFC-D2-B,1059.85,35.33,272.98,11.37,0,0,12,0.4,3,0.13,0,0,12,9,22.222222222222221
NA Big Outdoor Sale - March 2026,2026-03-24,2026-04-16,Filing Cabinets,Wayfair US,MFC-D2-W,0,0,87.89,3.66,548.57,18.29,0,0,1,0.04,11,0.37,12,2,0
NA Big Outdoor Sale - March 2026,2026-03-24,2026-04-16,Filing Cabinets,Wayfair US,MFC-D3-W,676.02,22.53,347.42,14.48,435.43,14.51,8,0.27,4,0.17,7,0.23,12,12,8.3333333333333321
NA Big Outdoor Sale - March 2026,2026-03-24,2026-04-16,Filing Cabinets,Wayfair US,VF-ZH-4B,608.65,20.29,295.62,12.32,313.02,10.43,4,0.13,2,0.08,2,0.07,12,11,18.181818181818183
NA Big Outdoor Sale - March 2026,2026-03-24,2026-04-16,Filing Cabinets,Wayfair US,VFC-4B,0,0,0,0,86.86,2.9,0,0,1,0.04,1,0.03,12,5,20
NA Big Outdoor Sale - March 2026,2026-03-24,2026-04-16,Filing Cabinets,Wayfair Canada (English),VFC-4B,0,0,227.37,9.47,0,0,0,0,2,0.08,0,0,12,2,50
NA Big Outdoor Sale - March 2026,2026-03-24,2026-04-16,Filing Cabinets,Wayfair US,VFC-4W,0,0,115.81,4.83,0,0,0,0,1,0.04,0,0,12,,
NA Cyber 13 - November 2025,2025-11-20,2025-12-03,Filing Cabinets,Wayfair Canada (English),LFC-2W-680,0,0,103.15,7.37,0,0,0,0,1,0.07,0,0,10,4,25
NA Cyber 13 Extended - November 2025,2025-12-03,2025-12-08,Shelving & Racks,Wayfair US,5T-1830-1200,118.44,3.95,118.44,19.74,118.44,3.95,1,0.03,1,0.17,1,0.03,10,,
NA Cyber 13 Extended - November 2025,2025-12-03,2025-12-08,Filing Cabinets,Wayfair US,LFC-2B,-2.38,-0.08,114.21,19.04,109.24,3.64,1,0.03,1,0.17,2,0.07,10,1,0
NA Cyber 13 Extended - November 2025,2025-12-03,2025-12-08,Filing Cabinets,Wayfair US,LFC-3B,0,0,128.21,21.37,498.28,16.61,0,0,1,0.17,4,0.13,10,4,25
NA Cyber 13 Extended - November 2025,2025-12-03,2025-12-08,Filing Cabinets,Wayfair US,LFC-3W,376.21,12.54,131.13,21.86,1279.25,42.64,5,0.17,1,0.17,10,0.33,10,20,5
NA Cyber 13 Extended - November 2025,2025-12-03,2025-12-08,Filing Cabinets,Wayfair US,LFC-4B,-3.48,-0.12,165.44,27.57,2158.12,71.94,1,0.03,1,0.17,14,0.47,10,3,0
NA Cyber 13 Extended - November 2025,2025-12-03,2025-12-08,Filing Cabinets,Wayfair US,MFC-D2-B,180.04,6,186.12,31.02,731.04,24.37,3,0.1,2,0.33,8,0.27,10,6,16.666666666666664
NA Cyber 13 Extended - November 2025,2025-12-03,2025-12-08,Filing Cabinets,Wayfair US,MFC-D2-W,88.03,2.93,93.06,15.51,640.05,21.34,2,0.07,1,0.17,7,0.23,10,1,100
NA Cyber 13 Extended - November 2025,2025-12-03,2025-12-08,Filing Cabinets,Wayfair US,MFC-D3-W,-1.83,-0.06,0,0,88.83,2.96,1,0.03,0,0,1,0.03,10,1,100
NA Cyber 13 Extended - November 2025,2025-12-03,2025-12-08,Filing Cabinets,Wayfair Canada (English),VFC-3W,0,0,101.2,16.87,0,0,0,0,1,0.17,0,0,10,1,100
NA Cyber 5 - November 2025,2025-11-28,2025-12-03,Bike And Sport Racks,Wayfair US,2T-Kayak,0,0,78.59,13.1,0,0,0,0,1,0.17,0,0,12,,
NA Cyber 5 - November 2025,2025-11-28,2025-12-03,Bike And Sport Racks,Wayfair US,3T-Kayak,186.12,6.2,90.99,15.17,93.06,3.1,2,0.07,1,0.17,1,0.03,12,,
NA Cyber 5 - November 2025,2025-11-28,2025-12-03,Bike And Sport Racks,Wayfair US,4T-Kayak,469.81,15.66,115.81,19.3,118.44,3.95,4,0.13,1,0.17,1,0.03,12,,
NA Cyber 5 - November 2025,2025-11-28,2025-12-03,Shelving & Racks,Wayfair US,5T-1830-900,0,0,71.11,11.85,0,0,0,0,1,0.17,0,0,12,3,0
NA Cyber 5 - November 2025,2025-11-28,2025-12-03,Shelving & Racks,Wayfair US,5T-1980-1200,199.65,6.66,195.15,32.53,101.52,3.38,2,0.07,2,0.33,1,0.03,12,8,12.5
NA Cyber 5 - November 2025,2025-11-28,2025-12-03,Shelving & Racks,Wayfair US,5T-dong-183-120,490.68,16.36,294.42,49.07,101.52,3.38,5,0.17,3,0.5,1,0.03,12,18,16.666666666666664
NA Cyber 5 - November 2025,2025-11-28,2025-12-03,Shelving & Racks,Wayfair US,6T-2095-122,126.9,4.23,0,0,126.9,4.23,1,0.03,0,0,1,0.03,12,3,0
NA Cyber 5 - November 2025,2025-11-28,2025-12-03,Filing Cabinets,Wayfair US,LFC-2B,0,0,111.83,18.64,223.45,7.45,0,0,2,0.33,3,0.1,12,10,10
NA Cyber 5 - November 2025,2025-11-28,2025-12-03,Filing Cabinets,Wayfair Canada (English),LFC-2B-680,194.49,6.48,101.01,16.84,301.62,10.05,2,0.07,1,0.17,3,0.1,12,,
NA Cyber 5 - November 2025,2025-11-28,2025-12-03,Filing Cabinets,Wayfair US,LFC-2B-680,0,0,586.73,97.79,304.56,10.15,0,0,7,1.17,3,0.1,12,29,20.689655172413794
NA Cyber 5 - November 2025,2025-11-28,2025-12-03,Filing Cabinets,Wayfair US,LFC-2W,107.86,3.6,555.98,92.66,111.78,3.73,1,0.03,6,1,2,0.07,12,50,8
NA Cyber 5 - November 2025,2025-11-28,2025-12-03,Filing Cabinets,Wayfair US,LFC-2W-680,593.32,19.78,297.95,49.66,609.12,20.3,6,0.2,4,0.67,6,0.2,12,58,3.4482758620689653
NA Cyber 5 - November 2025,2025-11-28,2025-12-03,Filing Cabinets,Wayfair Canada (English),LFC-2W-680,202.89,6.76,98.78,16.46,0,0,2,0.07,1,0.17,0,0,12,14,7.1428571428571423
NA Cyber 5 - November 2025,2025-11-28,2025-12-03,Filing Cabinets,Wayfair US,LFC-3W,257.89,8.6,623.77,103.96,909.17,30.31,2,0.07,6,1,7,0.23,12,35,11.428571428571429
NA Cyber 5 - November 2025,2025-11-28,2025-12-03,Filing Cabinets,Wayfair US,LFC-4W,0,0,-3.52,-0.59,0,0,0,0,1,0.17,0,0,12,11,9.0909090909090917
NA Cyber 5 - November 2025,2025-11-28,2025-12-03,Filing Cabinets,Wayfair US,MFC-D2-B,178.88,5.96,89.05,14.84,646.25,21.54,2,0.07,2,0.33,7,0.23,12,26,7.6923076923076925
NA Cyber 5 - November 2025,2025-11-28,2025-12-03,Filing Cabinets,Wayfair US,MFC-D2-W,89.96,3,-1.93,-0.32,648.32,21.61,1,0.03,1,0.17,7,0.23,12,10,10
NA Cyber 5 - November 2025,2025-11-28,2025-12-03,Filing Cabinets,Wayfair US,MFC-D3-B,85.02,2.83,170.74,28.46,85.87,2.86,1,0.03,2,0.33,1,0.03,12,4,0
NA Cyber 5 - November 2025,2025-11-28,2025-12-03,Filing Cabinets,Wayfair US,VF-ZH-4B,151.29,5.04,309.54,51.59,777.33,25.91,1,0.03,2,0.33,5,0.17,12,15,6.666666666666667
NA Cyber 5 - November 2025,2025-11-28,2025-12-03,Filing Cabinets,Wayfair US,VF-ZH-4W,0,0,156.51,26.09,464.31,15.48,0,0,1,0.17,3,0.1,12,2,0
NA Cyber 5 - November 2025,2025-11-28,2025-12-03,Filing Cabinets,Wayfair US,VFC-2W,0,0,63.35,10.56,135.36,4.51,0,0,3,0.5,2,0.07,12,4,25
NA Cyber 5 - November 2025,2025-11-28,2025-12-03,Filing Cabinets,Wayfair US,VFC-3B,-2.09,-0.07,691.47,115.25,910.29,30.34,1,0.03,7,1.17,9,0.3,12,5,40
NA Cyber 5 - November 2025,2025-11-28,2025-12-03,Filing Cabinets,Wayfair US,VFC-3W,-2.09,-0.07,95.88,15.98,304.56,10.15,1,0.03,1,0.17,3,0.1,12,7,0
NA Cyber 5 - November 2025,2025-11-28,2025-12-03,Filing Cabinets,Wayfair Canada (English),VFC-4B,0,0,117.84,19.64,0,0,0,0,1,0.17,0,0,12,1,0
NA Cyber 5 - November 2025,2025-11-28,2025-12-03,Filing Cabinets,Wayfair US,VFC-4B,0,0,-2.46,-0.41,-5.04,-0.17,0,0,1,0.17,2,0.07,12,5,20
NA Cyber Month - November 2025,2025-10-30,2025-12-08,Bike And Sport Racks,Wayfair US,3T-Kayak,93.06,3.1,93.06,2.33,183.02,6.1,1,0.03,1,0.03,2,0.07,10,,
NA Cyber Month - November 2025,2025-10-30,2025-12-08,Bike And Sport Racks,Wayfair US,4T-Kayak,697.48,23.25,236.88,5.92,118.44,3.95,6,0.2,2,0.05,1,0.03,10,,
NA Cyber Month - November 2025,2025-10-30,2025-12-08,Shelving & Racks,Wayfair US,5T-1600-800,0,0,143.82,3.6,0,0,0,0,2,0.05,0,0,10,4,50
NA Cyber Month - November 2025,2025-10-30,2025-12-08,Shelving & Racks,Wayfair US,5T-1830-1200,236.88,7.9,118.44,2.96,118.44,3.95,2,0.07,1,0.03,1,0.03,10,1,100
NA Cyber Month - November 2025,2025-10-30,2025-12-08,Shelving & Racks,Wayfair US,5T-dong-183-120,398.83,13.29,101.52,2.54,101.52,3.38,4,0.13,1,0.03,1,0.03,10,2,50
NA Cyber Month - November 2025,2025-10-30,2025-12-08,Shelving & Racks,Wayfair US,5T-dong-198-120,4.65,0.16,181.99,4.55,186.12,6.2,2,0.07,2,0.05,2,0.07,10,3,33.333333333333329
NA Cyber Month - November 2025,2025-10-30,2025-12-08,Shelving & Racks,Wayfair US,6T-2095-122,620.4,20.68,126.9,3.17,126.9,4.23,5,0.17,1,0.03,1,0.03,10,,
NA Cyber Month - November 2025,2025-10-30,2025-12-08,Filing Cabinets,Wayfair US,LFC-2W-680,0,0,99.27,2.48,805.38,26.85,0,0,1,0.03,8,0.27,10,1,0
NA Cyber Month - November 2025,2025-10-30,2025-12-08,Filing Cabinets,Wayfair US,LFC-3W,0,0,131.13,3.28,1279.25,42.64,0,0,1,0.03,10,0.33,10,9,11.111111111111111
NA Cyber Month - November 2025,2025-10-30,2025-12-08,Filing Cabinets,Wayfair US,MFC-D2-B,0,0,90.99,2.27,731.04,24.37,0,0,1,0.03,8,0.27,10,4,0
NA Cyber Month - November 2025,2025-10-30,2025-12-08,Filing Cabinets,Wayfair US,MFC-D3-B,0,0,86.85,2.17,255.63,8.52,0,0,1,0.03,3,0.1,10,1,100
NA EPIC Fall Sale Weekend Room - September 2025,2025-09-19,2025-09-23,Bike And Sport Racks,Wayfair US,3T-Kayak,279.18,9.31,90.99,18.2,0,0,3,0.1,1,0.2,0,0,12,,
NA EPIC Fall Sale Weekend Room - September 2025,2025-09-19,2025-09-23,Shelving & Racks,Wayfair US,5T-1830-1200,109.23,3.64,-2.46,-0.49,234.25,7.81,1,0.03,1,0.2,2,0.07,12,5,20
NA EPIC Fall Sale Weekend Room - September 2025,2025-09-19,2025-09-23,Shelving & Racks,Wayfair US,5T-1830-900,150.59,5.02,-1.57,-0.31,75.3,2.51,2,0.07,1,0.2,1,0.03,12,114,0.8771929824561403
NA EPIC Fall Sale Weekend Room - September 2025,2025-09-19,2025-09-23,Shelving & Racks,Wayfair US,5T-dong-183-120,101.52,3.38,-4.22,-0.84,398.83,13.29,1,0.03,2,0.4,4,0.13,12,101,1.9801980198019802
NA EPIC Fall Sale Weekend Room - September 2025,2025-09-19,2025-09-23,Shelving & Racks,Wayfair US,5T-dong-198-120,0,0,-1.94,-0.39,4.65,0.16,0,0,1,0.2,1,0.03,12,10,10
NA EPIC Fall Sale Weekend Room - September 2025,2025-09-19,2025-09-23,Shelving & Racks,Wayfair US,5T-wangge,0,0,-4.23,-0.85,0,0,0,0,3,0.6,0,0,12,,
NA EPIC Fall Sale Weekend Room - September 2025,2025-09-19,2025-09-23,Shelving & Racks,Wayfair US,6T-2095-122,0,0,-2.64,-0.53,380.7,12.69,0,0,1,0.2,3,0.1,12,17,5.88235294117647
NA End of Year Clearance / Boxing Week - December 2025,2025-12-16,2026-01-02,Bike And Sport Racks,Wayfair US,3T-Kayak,90.99,3.03,93.06,5.17,180.95,6.03,1,0.03,1,0.06,2,0.07,10,,
NA End of Year Clearance / Boxing Week - December 2025,2025-12-16,2026-01-02,Bike And Sport Racks,Wayfair US,4T-Kayak,230.3,7.68,118.44,6.58,236.88,7.9,2,0.07,1,0.06,2,0.07,10,,
NA End of Year Clearance / Boxing Week - December 2025,2025-12-16,2026-01-02,Shelving & Racks,Wayfair US,5T-dong-183-120,294.42,9.81,101.52,5.64,0,0,3,0.1,1,0.06,0,0,10,3,33.333333333333329
NA End of Year Clearance / Boxing Week - December 2025,2025-12-16,2026-01-02,Shelving & Racks,Wayfair US,5T-dong-198-120,181.99,6.07,186.12,10.34,0,0,2,0.07,2,0.11,0,0,10,2,50
NA End of Year Clearance / Boxing Week - December 2025,2025-12-16,2026-01-02,Shelving & Racks,Wayfair US,6T-2095-122,126.9,4.23,126.9,7.05,0,0,1,0.03,1,0.06,0,0,10,1,0
NA End of Year Clearance / Boxing Week - December 2025,2025-12-16,2026-01-02,Filing Cabinets,Wayfair US,LFC-2B,337.71,11.26,-2.43,-0.14,326.13,10.87,4,0.13,1,0.06,3,0.1,10,4,0
NA End of Year Clearance / Boxing Week - December 2025,2025-12-16,2026-01-02,Filing Cabinets,Wayfair US,LFC-2B-680,586.73,19.56,304.56,16.92,875.32,29.18,7,0.23,3,0.17,9,0.3,10,14,14.285714285714285
NA End of Year Clearance / Boxing Week - December 2025,2025-12-16,2026-01-02,Filing Cabinets,Wayfair Canada (English),LFC-2B-680,101.01,3.37,100.16,5.56,0,0,1,0.03,1,0.06,0,0,10,4,25
NA End of Year Clearance / Boxing Week - December 2025,2025-12-16,2026-01-02,Filing Cabinets,Wayfair US,LFC-2W,670.19,22.34,-2.43,-0.14,222.07,7.4,7,0.23,1,0.06,2,0.07,10,37,2.7027027027027026
NA End of Year Clearance / Boxing Week - December 2025,2025-12-16,2026-01-02,Filing Cabinets,Wayfair US,LFC-2W-680,1094.31,36.48,304.56,16.92,893.37,29.78,12,0.4,3,0.17,9,0.3,10,55,1.8181818181818181
NA End of Year Clearance / Boxing Week - December 2025,2025-12-16,2026-01-02,Filing Cabinets,Wayfair US,LFC-3W,1394.65,46.49,393.39,21.86,1028.64,34.29,13,0.43,3,0.17,8,0.27,10,36,8.3333333333333321
NA End of Year Clearance / Boxing Week - December 2025,2025-12-16,2026-01-02,Filing Cabinets,Wayfair US,LFC-4B,161.96,5.4,1150.56,63.92,1508.3,50.28,2,0.07,7,0.39,12,0.4,10,38,5.2631578947368416
NA End of Year Clearance / Boxing Week - December 2025,2025-12-16,2026-01-02,Filing Cabinets,Wayfair US,MFC-D2-B,550.21,18.34,276.08,15.34,1272.86,42.43,7,0.23,3,0.17,14,0.47,10,47,6.3829787234042552
NA End of Year Clearance / Boxing Week - December 2025,2025-12-16,2026-01-02,Filing Cabinets,Wayfair US,MFC-D2-W,274.15,9.14,462.2,25.68,448.76,14.96,4,0.13,5,0.28,4,0.13,10,13,7.6923076923076925
NA End of Year Clearance / Boxing Week - December 2025,2025-12-16,2026-01-02,Filing Cabinets,Wayfair US,MFC-D3-B,255.76,8.53,85.87,4.77,1353.17,45.11,3,0.1,1,0.06,16,0.53,10,3,0
NA End of Year Clearance / Boxing Week - December 2025,2025-12-16,2026-01-02,Filing Cabinets,Wayfair US,MFC-D3-W,-1.83,-0.06,88.83,4.94,88.83,2.96,1,0.03,1,0.06,0,0,10,6,0
NA End of Year Clearance / Boxing Week - December 2025,2025-12-16,2026-01-02,Filing Cabinets,Wayfair US,VF-ZH-4B,930.36,31.01,156.51,8.7,1215.54,40.52,6,0.2,1,0.06,8,0.27,10,1,0
NA End of Year Clearance / Boxing Week - December 2025,2025-12-16,2026-01-02,Filing Cabinets,Wayfair US,VF-ZH-4W,313.02,10.43,307.8,17.1,916.44,30.55,2,0.07,2,0.11,5,0.17,10,8,12.5
NA End of Year Clearance / Boxing Week - December 2025,2025-12-16,2026-01-02,Filing Cabinets,Wayfair Canada (English),VF-ZH-4W,0,0,154.41,8.58,0,0,0,0,1,0.06,0,0,10,1,100
NA End of Year Clearance / Boxing Week - December 2025,2025-12-16,2026-01-02,Filing Cabinets,Wayfair US,VFC-3B,689.38,22.98,910.29,50.57,991.5,33.05,8,0.27,9,0.5,10,0.33,10,139,3.5971223021582732
NA End of Year Clearance / Boxing Week - December 2025,2025-12-16,2026-01-02,Filing Cabinets,Wayfair US,VFC-3W,93.79,3.13,304.56,16.92,692.58,23.09,2,0.07,3,0.17,7,0.23,10,14,7.1428571428571423
NA End of Year Clearance / Boxing Week - December 2025,2025-12-16,2026-01-02,Filing Cabinets,Wayfair US,VFC-4B,-2.46,-0.08,-5.04,-0.28,772.21,25.74,1,0.03,2,0.11,7,0.23,10,11,18.181818181818183
NA End of Year Clearance / Boxing Week - December 2025,2025-12-16,2026-01-02,Filing Cabinets,Wayfair US,VFC-5B,0,0,143.82,7.99,143.82,4.79,0,0,1,0.06,1,0.03,10,2,0
NA Epic Fall Sale - September 2025,2025-09-15,2025-09-23,Bike And Sport Racks,Wayfair US,3T-Kayak,93.06,3.1,279.18,31.02,0,0,1,0.03,3,0.33,0,0,10,,
NA Epic Fall Sale - September 2025,2025-09-15,2025-09-23,Bike And Sport Racks,Wayfair US,4T-Kayak,455.34,15.18,118.44,13.16,473.76,15.79,4,0.13,1,0.11,4,0.13,10,,
NA Epic Fall Sale - September 2025,2025-09-15,2025-09-23,Bookcases,Wayfair US,5T-Niudun,0,0,55.83,6.2,0,0,0,0,1,0.11,0,0,10,,
NA Extended Way Day 2 - October 2025,2025-10-30,2025-10-31,Bike And Sport Racks,Wayfair US,3T-Kayak,93.06,3.1,93.06,46.53,184.05,6.14,1,0.03,1,0.5,2,0.07,15,,
NA Extended Way Day 2 - October 2025,2025-10-30,2025-10-31,Shelving & Racks,Wayfair US,5T-dong-183-120,398.83,13.29,191.76,95.88,398.19,13.27,4,0.13,2,1,4,0.13,15,,
NA Four Day Flash Sale - January 2026,2026-01-09,2026-01-13,Filing Cabinets,Wayfair US,LFC-2W,-2.43,-0.08,111.67,22.33,110.4,3.68,1,0.03,1,0.2,1,0.03,12,2,50
NA Four Day Flash Sale - January 2026,2026-01-09,2026-01-13,Filing Cabinets,Wayfair US,LFC-2W-680,805.38,26.85,294.42,58.88,501.96,16.73,8,0.27,3,0.6,5,0.17,12,25,12
NA Four Day Flash Sale - January 2026,2026-01-09,2026-01-13,Filing Cabinets,Wayfair US,LFC-3B,498.28,16.61,256.42,51.28,706.63,23.55,4,0.13,2,0.4,7,0.23,12,5,40
NA Four Day Flash Sale - January 2026,2026-01-09,2026-01-13,Filing Cabinets,Wayfair US,LFC-3W,1406.01,46.87,123.84,24.77,1165.59,38.85,11,0.37,1,0.2,9,0.3,12,4,0
NA Four Day Flash Sale - January 2026,2026-01-09,2026-01-13,Filing Cabinets,Wayfair US,LFC-4W,0,0,165.44,33.09,658,21.93,0,0,1,0.2,4,0.13,12,3,33.333333333333329
NA Four Day Flash Sale - January 2026,2026-01-09,2026-01-13,Filing Cabinets,Wayfair US,MFC-D2-B,908.89,30.3,93.06,18.61,1008.15,33.61,10,0.33,1,0.2,11,0.37,12,8,0
NA Four Day Flash Sale - January 2026,2026-01-09,2026-01-13,Filing Cabinets,Wayfair US,MFC-D2-W,819.97,27.33,90.99,18.2,93.06,3.1,8,0.27,1,0.2,1,0.03,12,5,20
NA Four Day Flash Sale - January 2026,2026-01-09,2026-01-13,Filing Cabinets,Wayfair US,VF-ZH-4B,928.62,30.95,452.13,90.43,464.31,15.48,6,0.2,3,0.6,3,0.1,12,23,13.043478260869565
NA Four Day Flash Sale - January 2026,2026-01-09,2026-01-13,Filing Cabinets,Wayfair US,VFC-3B,1202.43,40.08,198.54,39.71,703.86,23.46,12,0.4,2,0.4,7,0.23,12,8,0
NA Four Day Flash Sale - January 2026,2026-01-09,2026-01-13,Filing Cabinets,Wayfair US,VFC-3W,694.83,23.16,99.27,19.85,203.04,6.77,7,0.23,1,0.2,2,0.07,12,4,25
NA Four Day Flash Sale - January 2026,2026-01-09,2026-01-13,Filing Cabinets,Wayfair US,VFC-4B,223.95,7.47,85.26,17.05,344.79,11.49,4,0.13,1,0.2,3,0.1,12,8,12.5
NA Holiday Deal Week - October 2025,2025-09-29,2025-10-07,Bike And Sport Racks,Wayfair US,4T-Kayak,461.92,15.4,236.88,26.32,697.48,23.25,4,0.13,2,0.22,6,0.2,10,,
NA Holiday Deal Week - October 2025,2025-09-29,2025-10-07,Shelving & Racks,Wayfair US,5T-dong-183-120,97.3,3.24,203.04,22.56,489.07,16.3,3,0.1,2,0.22,5,0.17,10,2,50
NA Holiday Deal Week - October 2025,2025-09-29,2025-10-07,Shelving & Racks,Wayfair US,5T-dong-198-120,-1.94,-0.06,4.65,0.52,0,0,1,0.03,1,0.11,1,0.03,10,1,0
NA Labor Day/Labour Day - August 2025,2025-08-23,2025-09-03,Shelving & Racks,Wayfair US,5T-1830-900,0,0,150.59,12.55,-1.57,-0.05,0,0,2,0.17,1,0.03,10,8,12.5
NA Labor Day/Labour Day - August 2025,2025-08-23,2025-09-03,Shelving & Racks,Wayfair US,5T-1980-1200,0,0,304.56,25.38,99.27,3.31,0,0,3,0.25,1,0.03,10,4,0
NA Labor Day/Labour Day Weekend - August 2025,2025-08-29,2025-09-03,Bike And Sport Racks,Wayfair US,2T-Kayak,0,0,74.12,12.35,237.55,7.92,0,0,1,0.17,3,0.1,17,,
NA Labor Day/Labour Day Weekend - August 2025,2025-08-29,2025-09-03,Bike And Sport Racks,Wayfair US,4T-Kayak,118.44,3.95,218.46,36.41,589.57,19.65,1,0.03,2,0.33,5,0.17,17,,
NA Labor Day/Labour Day Weekend - August 2025,2025-08-29,2025-09-03,Shelving & Racks,Wayfair US,5T-1830-1200,0,0,109.23,18.21,113.35,3.78,0,0,1,0.17,2,0.07,17,3,0
NA Loyalty Way Day Early Access - April 2026,2026-04-23,2026-04-24,Filing Cabinets,Wayfair US,MFC-D3-W,3174.18,105.81,-1.89,-0.95,439.21,14.64,37,1.23,1,0.5,5,0.17,31.02,27,0
NA New Year Super Sale - January 2026,2026-01-02,2026-01-09,Bike And Sport Racks,Wayfair US,3T-Kayak,93.06,3.1,180.95,22.62,0,0,1,0.03,2,0.25,0,0,13,,
NA New Year Super Sale - January 2026,2026-01-02,2026-01-09,Shelving & Racks,Wayfair US,5T-1830-1200,465.87,15.53,118.44,14.81,0,0,4,0.13,1,0.13,0,0,13,3,33.333333333333329
NA New Year Super Sale - January 2026,2026-01-02,2026-01-09,Shelving & Racks,Wayfair Canada (English),5T-dong-183-120,0,0,292.35,36.54,0,0,0,0,3,0.38,0,0,13,2,50
NA New Year Super Sale - January 2026,2026-01-02,2026-01-09,Filing Cabinets,Wayfair US,LFC-2B,337.66,11.26,215.73,26.97,110.4,3.68,4,0.13,2,0.25,1,0.03,13,1,100
NA New Year Super Sale - January 2026,2026-01-02,2026-01-09,Filing Cabinets,Wayfair US,LFC-2B-680,203.04,6.77,582.04,72.76,293.28,9.78,2,0.07,6,0.75,3,0.1,13,18,11.111111111111111
NA New Year Super Sale - January 2026,2026-01-02,2026-01-09,Filing Cabinets,Wayfair US,LFC-2W-680,609.12,20.3,294.39,36.8,796.38,26.55,6,0.2,3,0.38,8,0.27,13,61,3.278688524590164
NA New Year Super Sale - January 2026,2026-01-02,2026-01-09,Filing Cabinets,Wayfair Canada (English),LFC-2W-680,0,0,97.45,12.18,0,0,0,0,1,0.13,0,0,13,4,25
NA New Year Super Sale - January 2026,2026-01-02,2026-01-09,Filing Cabinets,Perigold US,LFC-3B,0,0,123.84,15.48,0,0,0,0,1,0.13,0,0,13,,
NA New Year Super Sale - January 2026,2026-01-02,2026-01-09,Filing Cabinets,Wayfair US,LFC-3B,128.21,4.27,498.28,62.29,963.05,32.1,1,0.03,4,0.5,9,0.3,13,34,8.8235294117647065
NA New Year Super Sale - January 2026,2026-01-02,2026-01-09,Filing Cabinets,Wayfair US,LFC-3W,909.17,30.31,627.97,78.5,903.33,30.11,7,0.23,5,0.63,7,0.23,13,74,1.3513513513513513
NA New Year Super Sale - January 2026,2026-01-02,2026-01-09,Filing Cabinets,Wayfair US,LFC-4B,1316,43.87,970.22,121.28,1188.56,39.62,8,0.27,8,1,8,0.27,13,45,8.88888888888889
NA New Year Super Sale - January 2026,2026-01-02,2026-01-09,Filing Cabinets,Wayfair US,MFC-D2-B,646.25,21.54,538.72,67.34,920.26,30.68,7,0.23,6,0.75,10,0.33,13,106,3.7735849056603774
NA New Year Super Sale - January 2026,2026-01-02,2026-01-09,Filing Cabinets,Wayfair US,MFC-D2-W,555.26,18.51,357.77,44.72,90.99,3.03,6,0.2,3,0.38,1,0.03,13,30,6.666666666666667
NA New Year Super Sale - January 2026,2026-01-02,2026-01-09,Filing Cabinets,Wayfair US,MFC-D3-B,85.87,2.86,255.63,31.95,1097.54,36.58,1,0.03,3,0.38,13,0.43,13,17,11.76470588235294
NA New Year Super Sale - January 2026,2026-01-02,2026-01-09,Filing Cabinets,Wayfair US,VF-ZH-4B,933.84,31.13,299.1,37.39,916.44,30.55,6,0.2,2,0.25,6,0.2,13,31,6.4516129032258061
NA New Year Super Sale - January 2026,2026-01-02,2026-01-09,Filing Cabinets,Wayfair US,VF-ZH-4W,620.82,20.69,446.91,55.86,469.53,15.65,4,0.13,2,0.25,3,0.1,13,27,0
NA New Year Super Sale - January 2026,2026-01-02,2026-01-09,Filing Cabinets,Wayfair US,VFC-3B,1404.36,46.81,292.14,36.52,800.88,26.7,14,0.47,3,0.38,8,0.27,13,59,0
NA New Year Super Sale - January 2026,2026-01-02,2026-01-09,Filing Cabinets,Wayfair US,VFC-3W,101.52,3.38,390.27,48.78,302.31,10.08,1,0.03,4,0.5,3,0.1,13,32,9.375
NA New Year Super Sale - January 2026,2026-01-02,2026-01-09,Filing Cabinets,Wayfair US,VFC-4B,-5.04,-0.17,460.6,57.58,430.05,14.34,2,0.07,4,0.5,4,0.13,13,17,11.76470588235294
NA Presidents' Day Weekend - Feb 2026,2026-02-13,2026-02-18,Aquariums & Bowls,Wayfair US,3T-B,0,0,60.48,10.08,0,0,0,0,1,0.17,0,0,10,,
NA Presidents' Day Weekend - Feb 2026,2026-02-13,2026-02-18,Aquariums & Bowls,Wayfair US,3T-W,-0.31,-0.01,111.86,18.64,0.31,0.01,0,0,0,0,1,0.03,10,,
NA Presidents' Day Weekend - Feb 2026,2026-02-13,2026-02-18,Bike And Sport Racks,Wayfair US,4T-Kayak,348.74,11.62,111.86,18.64,111.86,3.73,3,0.1,1,0.17,1,0.03,10,,
NA Presidents' Day Weekend - Feb 2026,2026-02-13,2026-02-18,Shelving & Racks,Wayfair US,5T-1830-1200,0,0,236.88,39.48,230.3,7.68,0,0,2,0.33,2,0.07,10,6,16.666666666666664
NA Presidents' Day Weekend - Feb 2026,2026-02-13,2026-02-18,Shelving & Racks,Wayfair US,5T-1980-1200,203.04,6.77,101.52,16.92,197.4,6.58,2,0.07,1,0.17,3,0.1,10,4,25
NA Presidents' Day Weekend - Feb 2026,2026-02-13,2026-02-18,Shelving & Racks,Wayfair US,5T-dong-183-120,95.88,3.2,95.88,15.98,203.04,6.77,1,0.03,1,0.17,2,0.07,10,3,33.333333333333329
NA Presidents' Day Weekend - Feb 2026,2026-02-13,2026-02-18,Filing Cabinets,Wayfair US,LFC-2B-680,389.16,12.97,101.52,16.92,101.52,3.38,4,0.13,1,0.17,1,0.03,10,1,0
NA Presidents' Day Weekend - Feb 2026,2026-02-13,2026-02-18,Filing Cabinets,Wayfair US,LFC-2W-680,501.96,16.73,298.92,49.82,298.92,9.96,5,0.17,3,0.5,3,0.1,10,41,4.8780487804878048
NA Presidents' Day Weekend - Feb 2026,2026-02-13,2026-02-18,Filing Cabinets,Wayfair US,LFC-3W,1165.59,38.85,393.39,65.57,131.13,4.37,9,0.3,3,0.5,1,0.03,10,36,5.5555555555555554
NA Presidents' Day Weekend - Feb 2026,2026-02-13,2026-02-18,Filing Cabinets,Wayfair US,MFC-D2-B,1008.15,33.61,279.18,46.53,1152.91,38.43,11,0.37,3,0.5,13,0.43,10,46,4.3478260869565215
NA Presidents' Day Weekend - Feb 2026,2026-02-13,2026-02-18,Filing Cabinets,Wayfair US,MFC-D2-W,93.06,3.1,268.84,44.81,0,0,1,0.03,3,0.5,0,0,10,4,0
NA Presidents' Day Weekend - Feb 2026,2026-02-13,2026-02-18,Filing Cabinets,Wayfair US,MFC-D3-W,355.32,11.84,261.55,43.59,676.02,22.53,3,0.1,3,0.5,8,0.27,10,23,4.3478260869565215
NA Presidents' Day Weekend - Feb 2026,2026-02-13,2026-02-18,Filing Cabinets,Wayfair US,VFC-4B,344.79,11.49,29.23,4.87,0,0,3,0.1,1,0.17,0,0,10,3,33.333333333333329
NA Presidents' Day Weekend - Feb 2026,2026-02-13,2026-02-18,Filing Cabinets,Wayfair US,VFC-4W,0,0,111.86,18.64,0,0,0,0,1,0.17,0,0,10,2,0
NA Q1 Extended Discounts (Jan - Mar 2026),2026-01-20,2026-03-31,Aquariums & Bowls,Wayfair US,3T-W,0,0,0,0,115.15,3.84,0,0,1,0.01,2,0.07,10,,
NA Q1 Extended Discounts (Jan - Mar 2026),2026-01-20,2026-03-31,Bike And Sport Racks,Wayfair US,4T-Kayak,118.44,3.95,230.3,3.24,829.08,27.64,1,0.03,2,0.03,7,0.23,10,,
NA Q1 Extended Discounts (Jan - Mar 2026),2026-01-20,2026-03-31,Shelving & Racks,Wayfair US,5T-1830-1200,118.44,3.95,230.3,3.24,0,0,1,0.03,2,0.03,0,0,10,3,66.666666666666657
NA Q1 Extended Discounts (Jan - Mar 2026),2026-01-20,2026-03-31,Shelving & Racks,Wayfair US,5T-1980-1200,0,0,400.44,5.64,293.28,9.78,0,0,5,0.07,3,0.1,10,13,15.384615384615385
NA Q1 Extended Discounts (Jan - Mar 2026),2026-01-20,2026-03-31,Bookcases,Wayfair US,5T-Niudun,0,0,55.83,0.79,0,0,0,0,1,0.01,0,0,10,,
NA Q1 Extended Discounts (Jan - Mar 2026),2026-01-20,2026-03-31,Shelving & Racks,Wayfair US,5T-dong-183-120,0,0,304.56,4.29,0,0,0,0,3,0.04,0,0,10,14,14.285714285714285
NA Q1 Extended Discounts (Jan - Mar 2026),2026-01-20,2026-03-31,Filing Cabinets,Wayfair Canada (English),LFC-2B,0,0,337.17,4.75,0,0,0,0,3,0.04,0,0,10,5,20
NA Q1 Extended Discounts (Jan - Mar 2026),2026-01-20,2026-03-31,Filing Cabinets,Wayfair US,LFC-2B,323.7,10.79,0,0,1006.31,33.54,4,0.13,1,0.01,9,0.3,10,5,20
NA Q1 Extended Discounts (Jan - Mar 2026),2026-01-20,2026-03-31,Filing Cabinets,Wayfair Canada (English),LFC-2B-680,100.16,3.34,199.25,2.81,0,0,1,0.03,2,0.03,0,0,10,5,0
NA Q1 Extended Discounts (Jan - Mar 2026),2026-01-20,2026-03-31,Filing Cabinets,Wayfair US,LFC-2B-680,988.12,32.94,298.92,4.21,1091.91,36.4,10,0.33,3,0.04,11,0.37,10,13,23.076923076923077
NA Q1 Extended Discounts (Jan - Mar 2026),2026-01-20,2026-03-31,Filing Cabinets,Wayfair US,LFC-2W,219.64,7.32,336.28,4.74,114.21,3.81,3,0.1,3,0.04,1,0.03,10,8,12.5
NA Q1 Extended Discounts (Jan - Mar 2026),2026-01-20,2026-03-31,Filing Cabinets,Wayfair US,LFC-2W-680,1197.93,39.93,400.44,5.64,1485.58,49.52,12,0.4,4,0.06,15,0.5,10,47,4.25531914893617
NA Q1 Extended Discounts (Jan - Mar 2026),2026-01-20,2026-03-31,Filing Cabinets,Wayfair Canada (English),LFC-3B,0,0,128.79,1.81,0,0,0,0,1,0.01,0,0,10,7,14.285714285714285
NA Q1 Extended Discounts (Jan - Mar 2026),2026-01-20,2026-03-31,Filing Cabinets,Wayfair Canada (English),LFC-3W,0,0,758.63,10.68,0,0,0,0,6,0.08,0,0,10,28,7.1428571428571423
NA Q1 Extended Discounts (Jan - Mar 2026),2026-01-20,2026-03-31,Filing Cabinets,Wayfair US,LFC-3W,1014.07,33.8,648.36,9.13,762,25.4,8,0.27,5,0.07,6,0.2,10,63,6.3492063492063489
NA Q1 Extended Discounts (Jan - Mar 2026),2026-01-20,2026-03-31,Filing Cabinets,Wayfair US,LFC-4B,2459.18,81.97,531.15,7.48,1466.4,48.88,17,0.57,5,0.07,10,0.33,10,12,8.3333333333333321
NA Q1 Extended Discounts (Jan - Mar 2026),2026-01-20,2026-03-31,Filing Cabinets,Wayfair Canada (English),LFC-4B,159.11,5.3,332.85,4.69,165.87,5.53,1,0.03,2,0.03,1,0.03,10,8,25
NA Q1 Extended Discounts (Jan - Mar 2026),2026-01-20,2026-03-31,Filing Cabinets,Wayfair US,LFC-4W,334.64,11.15,827.2,11.65,0,0,2,0.07,5,0.07,0,0,10,8,37.5
NA Q1 Extended Discounts (Jan - Mar 2026),2026-01-20,2026-03-31,Filing Cabinets,Wayfair US,LFC-5W,0,0,194.58,2.74,0,0,0,0,1,0.01,0,0,10,4,25
NA Q1 Extended Discounts (Jan - Mar 2026),2026-01-20,2026-03-31,Filing Cabinets,Wayfair Canada (English),MFC-D2-B,0,0,267.88,3.77,0,0,0,0,3,0.04,0,0,10,17,17.647058823529413
NA Q1 Extended Discounts (Jan - Mar 2026),2026-01-20,2026-03-31,Filing Cabinets,Wayfair US,MFC-D2-B,1000.92,33.36,1178.76,16.6,542.85,18.1,11,0.37,13,0.18,6,0.2,10,148,3.3783783783783785
NA Q1 Extended Discounts (Jan - Mar 2026),2026-01-20,2026-03-31,Filing Cabinets,Wayfair US,MFC-D2-W,727.94,24.26,93.06,1.31,712.98,23.77,7,0.23,1,0.01,13,0.43,10,1,100
NA Q1 Extended Discounts (Jan - Mar 2026),2026-01-20,2026-03-31,Filing Cabinets,Wayfair US,MFC-D3-B,427.37,14.25,172.72,2.43,349.75,11.66,5,0.17,2,0.03,7,0.23,10,28,3.5714285714285712
NA Q1 Extended Discounts (Jan - Mar 2026),2026-01-20,2026-03-31,Filing Cabinets,Wayfair US,MFC-D3-W,88.83,2.96,784.59,11.05,3170.4,105.68,1,0.03,9,0.13,39,1.3,10,34,11.76470588235294
NA Q1 Extended Discounts (Jan - Mar 2026),2026-01-20,2026-03-31,Filing Cabinets,Wayfair Canada (English),MFC-D3-W,0,0,430.12,6.06,0,0,0,0,5,0.07,0,0,10,13,38.461538461538467
NA Q1 Extended Discounts (Jan - Mar 2026),2026-01-20,2026-03-31,Filing Cabinets,Wayfair US,VF-ZH-4B,1064.25,35.48,469.53,6.61,313.02,10.43,7,0.23,3,0.04,2,0.07,10,35,5.7142857142857144
NA Q1 Extended Discounts (Jan - Mar 2026),2026-01-20,2026-03-31,Filing Cabinets,Wayfair US,VF-ZH-4W,911.22,30.37,304.32,4.29,147.81,4.93,5,0.17,2,0.03,1,0.03,10,10,0
NA Q1 Extended Discounts (Jan - Mar 2026),2026-01-20,2026-03-31,Filing Cabinets,Wayfair US,VFC-2W,0,0,199.28,2.81,0,0,0,0,3,0.04,0,0,10,12,16.666666666666664
NA Q1 Extended Discounts (Jan - Mar 2026),2026-01-20,2026-03-31,Filing Cabinets,Wayfair US,VFC-3B,1702.14,56.74,203.04,2.86,301.17,10.04,17,0.57,2,0.03,3,0.1,10,17,11.76470588235294
NA Q1 Extended Discounts (Jan - Mar 2026),2026-01-20,2026-03-31,Filing Cabinets,Wayfair Canada (English),VFC-3B,0,0,375.11,5.28,0,0,0,0,4,0.06,0,0,10,3,33.333333333333329
NA Q1 Extended Discounts (Jan - Mar 2026),2026-01-20,2026-03-31,Filing Cabinets,Wayfair US,VFC-4B,655.31,21.84,118.44,1.67,0,0,8,0.27,1,0.01,0,0,10,3,33.333333333333329
NA Q1 Extended Discounts (Jan - Mar 2026),2026-01-20,2026-03-31,Filing Cabinets,Wayfair Canada (English),VFC-5B,0,0,140.43,1.98,0,0,0,0,1,0.01,0,0,10,9,11.111111111111111
NA Q2 Extended Discounts (Mar - Jul 2026),2026-03-31,2026-07-28,Aquariums & Bowls,Wayfair US,3T-B,0,0,0,0,,,0,0,0,0,,,10,4,25
NA Q2 Extended Discounts (Mar - Jul 2026),2026-03-31,2026-07-28,Aquariums & Bowls,Wayfair US,3T-W,0,0,289.52,2.41,,,0,0,5,0.04,,,10,69,7.2463768115942031
NA Q2 Extended Discounts (Mar - Jul 2026),2026-03-31,2026-07-28,Bike And Sport Racks,Wayfair US,4T-Kayak,454.02,15.13,1539.72,12.83,,,4,0.13,13,0.11,,,10,,
NA Q2 Extended Discounts (Mar - Jul 2026),2026-03-31,2026-07-28,Bike And Sport Racks,Wayfair Canada (English),4T-Kayak,0,0,118.01,0.98,,,0,0,1,0.01,,,10,,
NA Q2 Extended Discounts (Mar - Jul 2026),2026-03-31,2026-07-28,Shelving & Racks,Wayfair US,5T-1830-1200,230.3,7.68,223.72,1.86,,,2,0.07,2,0.02,,,10,3,33.333333333333329
NA Q2 Extended Discounts (Mar - Jul 2026),2026-03-31,2026-07-28,Shelving & Racks,Wayfair US,5T-1830-900,0,0,142.22,1.19,,,0,0,2,0.02,,,10,,
NA Q2 Extended Discounts (Mar - Jul 2026),2026-03-31,2026-07-28,Shelving & Racks,Wayfair US,5T-1980-1200,0,0,795.24,6.63,,,1,0.03,8,0.07,,,10,26,15.384615384615385
NA Q2 Extended Discounts (Mar - Jul 2026),2026-03-31,2026-07-28,Shelving & Racks,Wayfair US,6T-2095-122,253.8,8.46,126.9,1.06,,,2,0.07,1,0.01,,,10,2,50
NA Q2 Extended Discounts (Mar - Jul 2026),2026-03-31,2026-07-28,Filing Cabinets,Wayfair US,LFC-2B,535.13,17.84,1370.52,11.42,,,6,0.2,12,0.1,,,10,39,15.384615384615385
NA Q2 Extended Discounts (Mar - Jul 2026),2026-03-31,2026-07-28,Filing Cabinets,Wayfair Canada (English),LFC-2B-680,0,0,100.22,0.84,,,0,0,1,0.01,,,10,3,33.333333333333329
NA Q2 Extended Discounts (Mar - Jul 2026),2026-03-31,2026-07-28,Filing Cabinets,Wayfair US,LFC-2B-680,394.8,13.16,1187.6,9.9,,,4,0.13,12,0.1,,,10,290,2.7586206896551726
NA Q2 Extended Discounts (Mar - Jul 2026),2026-03-31,2026-07-28,Filing Cabinets,Wayfair US,LFC-2W,107.86,3.6,228.42,1.9,,,1,0.03,2,0.02,,,10,6,33.333333333333329
NA Q2 Extended Discounts (Mar - Jul 2026),2026-03-31,2026-07-28,Filing Cabinets,Wayfair US,LFC-2W-680,485.04,16.17,789.6,6.58,,,5,0.17,8,0.07,,,10,103,4.8543689320388346
NA Q2 Extended Discounts (Mar - Jul 2026),2026-03-31,2026-07-28,Filing Cabinets,Wayfair US,LFC-3B,0,0,123.84,1.03,,,0,0,1,0.01,,,10,,
NA Q2 Extended Discounts (Mar - Jul 2026),2026-03-31,2026-07-28,Filing Cabinets,Wayfair US,LFC-3W,123.84,4.13,386.1,3.22,,,1,0.03,3,0.03,,,10,17,17.647058823529413
NA Q2 Extended Discounts (Mar - Jul 2026),2026-03-31,2026-07-28,Filing Cabinets,Wayfair US,LFC-4B,159.8,5.33,202.04,1.68,,,1,0.03,2,0.02,,,10,7,28.571428571428569
NA Q2 Extended Discounts (Mar - Jul 2026),2026-03-31,2026-07-28,Filing Cabinets,Wayfair US,LFC-5B,0,0,194.58,1.62,,,0,0,1,0.01,,,10,2,50
NA Q2 Extended Discounts (Mar - Jul 2026),2026-03-31,2026-07-28,Filing Cabinets,Wayfair US,MFC-D2-B,878.9,29.3,806.52,6.72,,,10,0.33,9,0.07,,,10,64,9.375
NA Q2 Extended Discounts (Mar - Jul 2026),2026-03-31,2026-07-28,Filing Cabinets,Wayfair Canada (English),MFC-D2-W,0,0,86.54,0.72,,,0,0,1,0.01,,,10,2,50
NA Q2 Extended Discounts (Mar - Jul 2026),2026-03-31,2026-07-28,Filing Cabinets,Wayfair US,MFC-D2-W,87.89,2.93,734.69,6.12,,,1,0.03,13,0.11,,,10,147,7.4829931972789119
NA Q2 Extended Discounts (Mar - Jul 2026),2026-03-31,2026-07-28,Filing Cabinets,Wayfair US,MFC-D3-B,241.81,8.06,793.9,6.62,,,3,0.1,12,0.1,,,10,59,15.254237288135593
NA Q2 Extended Discounts (Mar - Jul 2026),2026-03-31,2026-07-28,Filing Cabinets,Wayfair US,MFC-D3-W,508.3,16.94,437.32,3.64,,,6,0.2,6,0.05,,,10,73,4.10958904109589
NA Q2 Extended Discounts (Mar - Jul 2026),2026-03-31,2026-07-28,Filing Cabinets,Wayfair US,VF-ZH-4B,1060.78,35.36,469.53,3.91,,,7,0.23,3,0.03,,,10,17,11.76470588235294
NA Q2 Extended Discounts (Mar - Jul 2026),2026-03-31,2026-07-28,Filing Cabinets,Wayfair Canada (English),VF-ZH-4B,0,0,153.49,1.28,,,0,0,1,0.01,,,10,4,25
NA Q2 Extended Discounts (Mar - Jul 2026),2026-03-31,2026-07-28,Filing Cabinets,Wayfair US,VF-ZH-4W,286.93,9.56,147.81,1.23,,,2,0.07,1,0.01,,,10,4,25
NA Q2 Extended Discounts (Mar - Jul 2026),2026-03-31,2026-07-28,Filing Cabinets,Wayfair Canada (English),VFC-3B,375.11,12.5,99.55,0.83,,,4,0.13,1,0.01,,,10,3,33.333333333333329
NA Q2 Extended Discounts (Mar - Jul 2026),2026-03-31,2026-07-28,Filing Cabinets,Wayfair US,VFC-3B,0,0,693.72,5.78,,,0,0,7,0.06,,,10,59,10.16949152542373
NA Q2 Extended Discounts (Mar - Jul 2026),2026-03-31,2026-07-28,Filing Cabinets,Wayfair US,VFC-3W,0,0,101.52,0.85,,,0,0,1,0.01,,,10,4,25
NA Q2 Extended Discounts (Mar - Jul 2026),2026-03-31,2026-07-28,Filing Cabinets,Wayfair US,VFC-4B,111.86,3.73,86.86,0.72,,,2,0.07,1,0.01,,,10,7,0
NA Q3 Extended Discounts (Jul - Oct 2025),2025-07-07,2025-10-30,Shelving & Racks,Wayfair US,5T-1830-1200,0,0,118.44,1.02,118.44,3.95,0,0,1,0.01,1,0.03,10,3,33.333333333333329
NA Q3 Extended Discounts (Jul - Oct 2025),2025-07-07,2025-10-30,Shelving & Racks,Wayfair US,5T-1980-1200,0,0,304.56,2.63,298.92,9.96,0,0,3,0.03,3,0.1,10,15,6.666666666666667
NA Q3 Extended Discounts (Jul - Oct 2025),2025-07-07,2025-10-30,Shelving & Racks,Wayfair US,5T-dong-183-120,0,0,297.31,2.56,398.19,13.27,0,0,3,0.03,4,0.13,10,12,16.666666666666664
NA Q3 Extended Discounts (Jul - Oct 2025),2025-07-07,2025-10-30,Shelving & Racks,Wayfair US,5T-dong-198-120,0,0,0,0,181.99,6.07,0,0,1,0.01,2,0.07,10,1,0
NA Q3 Extended Discounts (Jul - Oct 2025),2025-07-07,2025-10-30,Shelving & Racks,Wayfair US,6T-2095-122,0,0,253.8,2.19,126.9,4.23,0,0,2,0.02,1,0.03,10,2,100
NA Q4 Extended Discounts (Dec - Jan 2026),2025-12-08,2026-01-20,Filing Cabinets,Wayfair US,LFC-2B,226.04,7.53,110.4,2.51,0,0,3,0.1,1,0.02,0,0,10,,
NA Q4 Extended Discounts (Dec - Jan 2026),2025-12-08,2026-01-20,Filing Cabinets,Wayfair US,LFC-2B-680,586.73,19.56,101.52,2.31,389.16,12.97,7,0.23,1,0.02,4,0.13,10,5,20
NA Q4 Extended Discounts (Dec - Jan 2026),2025-12-08,2026-01-20,Filing Cabinets,Wayfair US,LFC-2W,663.84,22.13,110.4,2.51,0,0,7,0.23,1,0.02,0,0,10,3,33.333333333333329
NA Q4 Extended Discounts (Dec - Jan 2026),2025-12-08,2026-01-20,Filing Cabinets,Wayfair US,LFC-2W-680,891.27,29.71,304.56,6.92,597.84,19.93,10,0.33,3,0.07,6,0.2,10,30,6.666666666666667
NA Q4 Extended Discounts (Dec - Jan 2026),2025-12-08,2026-01-20,Filing Cabinets,Wayfair US,LFC-3B,0,0,295.04,6.71,411.59,13.72,0,0,3,0.07,4,0.13,10,4,25
NA Q4 Extended Discounts (Dec - Jan 2026),2025-12-08,2026-01-20,Filing Cabinets,Wayfair US,LFC-3W,878.87,29.3,131.13,2.98,1427.85,47.6,9,0.3,1,0.02,11,0.37,10,5,0
NA Q4 Extended Discounts (Dec - Jan 2026),2025-12-08,2026-01-20,Filing Cabinets,Wayfair US,LFC-4B,161.96,5.4,338.4,7.69,850.16,28.34,2,0.07,2,0.05,6,0.2,10,8,0
NA Q4 Extended Discounts (Dec - Jan 2026),2025-12-08,2026-01-20,Filing Cabinets,Wayfair Canada (English),LFC-4B,0,0,159.11,3.62,0,0,0,0,1,0.02,0,0,10,3,33.333333333333329
NA Q4 Extended Discounts (Dec - Jan 2026),2025-12-08,2026-01-20,Filing Cabinets,Wayfair US,LFC-4W,-3.52,-0.12,169.2,3.85,488.8,16.29,1,0.03,1,0.02,3,0.1,10,1,100
NA Q4 Extended Discounts (Dec - Jan 2026),2025-12-08,2026-01-20,Filing Cabinets,Wayfair US,MFC-D2-B,180.04,6,460.13,10.46,827.2,27.57,3,0.1,5,0.11,9,0.3,10,49,4.0816326530612246
NA Q4 Extended Discounts (Dec - Jan 2026),2025-12-08,2026-01-20,Filing Cabinets,Wayfair US,MFC-D3-B,255.76,8.53,85.87,1.95,1011.67,33.72,3,0.1,1,0.02,12,0.4,10,4,25
NA Q4 Extended Discounts (Dec - Jan 2026),2025-12-08,2026-01-20,Filing Cabinets,Wayfair US,VF-ZH-4B,460.83,15.36,464.31,10.55,0,0,3,0.1,3,0.07,0,0,10,58,1.7241379310344827
NA Q4 Extended Discounts (Dec - Jan 2026),2025-12-08,2026-01-20,Filing Cabinets,Wayfair US,VF-ZH-4W,156.51,5.22,156.51,3.56,313.02,10.43,1,0.03,1,0.02,2,0.07,10,11,9.0909090909090917
NA Q4 Extended Discounts (Dec - Jan 2026),2025-12-08,2026-01-20,Filing Cabinets,Wayfair US,VFC-3B,689.38,22.98,399.3,9.08,304.56,10.15,8,0.27,4,0.09,3,0.1,10,32,12.5
NA Q4 Extended Discounts (Dec - Jan 2026),2025-12-08,2026-01-20,Filing Cabinets,Wayfair US,VFC-3W,93.79,3.13,101.52,2.31,101.52,3.38,2,0.07,1,0.02,1,0.03,10,6,16.666666666666664
NA Q4 Extended Discounts (Dec - Jan 2026),2025-12-08,2026-01-20,Filing Cabinets,Wayfair Canada (English),VFC-3W,0,0,98.76,2.24,0,0,0,0,1,0.02,0,0,10,2,0
NA Q4 Extended Discounts (Dec - Jan 2026),2025-12-08,2026-01-20,Filing Cabinets,Wayfair US,VFC-4B,-2.46,-0.08,226.35,5.14,147.67,4.92,1,0.03,2,0.05,2,0.07,10,16,12.5
NA Q4 Extended Discounts (Dec - Jan 2026),2025-12-08,2026-01-20,Filing Cabinets,Wayfair US,VFC-5B,0,0,143.82,3.27,0,0,0,0,1,0.02,0,0,10,2,50
NA Tax Refund Sale 2 - April 2026 Opt-In ,2026-04-07,2026-04-16,Filing Cabinets,Wayfair US,LFC-2B,646.8,21.56,323.59,32.36,913.68,30.46,7,0.23,3,0.3,8,0.27,13,18,11.111111111111111
NA Tax Refund Sale 2 - April 2026 Opt-In ,2026-04-07,2026-04-16,Filing Cabinets,Wayfair US,LFC-2B-680,692.61,23.09,791.85,79.19,578.48,19.28,7,0.23,8,0.8,6,0.2,13,45,8.88888888888889
NA Tax Refund Sale 2 - April 2026 Opt-In ,2026-04-07,2026-04-16,Filing Cabinets,Wayfair US,LFC-2W-680,981.39,32.71,588.79,58.88,400.44,13.35,10,0.33,6,0.6,4,0.13,13,156,1.9230769230769231
NA Tax Refund Sale 2 - April 2026 Opt-In ,2026-04-07,2026-04-16,Filing Cabinets,Wayfair US,LFC-3B,0,0,377.36,37.74,0,0,0,0,3,0.3,0,0,13,17,11.76470588235294
NA Tax Refund Sale 2 - April 2026 Opt-In ,2026-04-07,2026-04-16,Filing Cabinets,Wayfair US,LFC-3W,375.89,12.53,378.82,37.88,254.97,8.5,3,0.1,3,0.3,2,0.07,13,19,10.526315789473683
NA Tax Refund Sale 2 - April 2026 Opt-In ,2026-04-07,2026-04-16,Filing Cabinets,Wayfair US,LFC-4B,939.12,31.3,810.28,81.03,42.24,1.41,6,0.2,5,0.5,1,0.03,13,28,14.285714285714285
NA Tax Refund Sale 2 - April 2026 Opt-In ,2026-04-07,2026-04-16,Filing Cabinets,Wayfair US,MFC-D2-B,1061.92,35.4,269.87,26.99,0,0,12,0.4,3,0.3,0,0,13,19,10.526315789473683
NA Tax Refund Sale 2 - April 2026 Opt-In ,2026-04-07,2026-04-16,Filing Cabinets,Wayfair US,MFC-D2-W,175.78,5.86,355.7,35.57,548.57,18.29,2,0.07,4,0.4,11,0.37,13,25,4
NA Tax Refund Sale 2 - April 2026 Opt-In ,2026-04-07,2026-04-16,Filing Cabinets,Wayfair US,MFC-D3-W,678.06,22.6,2742.87,274.29,435.43,14.51,8,0.27,32,3.2,7,0.23,13,31,9.67741935483871
NA Tax Refund Sale 2 - April 2026 Opt-In ,2026-04-07,2026-04-16,Filing Cabinets,Wayfair US,VFC-3B,0,0,98.13,9.81,298.92,9.96,0,0,1,0.1,3,0.1,13,2,50
NA Tax Refund Sale 2 - April 2026 Opt-In ,2026-04-07,2026-04-16,Filing Cabinets,Wayfair US,VFC-3W,0,0,196.26,19.63,101.52,3.38,0,0,2,0.2,1,0.03,13,4,0
NA Warehouse Clearout - September 2025,2025-09-03,2025-09-08,Bike And Sport Racks,Wayfair US,3T-Kayak,93.06,3.1,93.06,15.51,370.17,12.34,1,0.03,1,0.17,4,0.13,10,,
NA Warehouse Clearout - September 2025,2025-09-03,2025-09-08,Bike And Sport Racks,Wayfair US,4T-Kayak,336.9,11.23,118.44,19.74,471.13,15.7,3,0.1,1,0.17,4,0.13,10,,
NA Way Day 2 - October 2025,2025-10-26,2025-10-30,Bike And Sport Racks,Wayfair US,2T-Kayak,241.11,8.04,75.9,15.18,78.59,2.62,2,0.07,1,0.2,1,0.03,15,,
NA Way Day 2 - October 2025,2025-10-26,2025-10-30,Bike And Sport Racks,Wayfair US,3T-Kayak,0,0,93.06,18.61,277.11,9.24,0,0,1,0.2,3,0.1,15,,
NA Way Day 2 - October 2025,2025-10-26,2025-10-30,Bike And Sport Racks,Wayfair US,4T-Kayak,473.76,15.79,223.72,44.74,469.81,15.66,4,0.13,2,0.4,4,0.13,15,,
NA Way Day 2 - October 2025,2025-10-26,2025-10-30,Shelving & Racks,Wayfair US,5T-1830-900,75.3,2.51,75.3,15.06,0,0,1,0.03,1,0.2,0,0,15,1,100
NA Way Day 2 - October 2025,2025-10-26,2025-10-30,Shelving & Racks,Wayfair US,5T-1980-1200,304.56,10.15,101.52,20.3,298.92,9.96,3,0.1,1,0.2,3,0.1,15,10,0
NA Way Day 2 - October 2025,2025-10-26,2025-10-30,Shelving & Racks,Wayfair US,6T-2095-122,380.7,12.69,239.7,47.94,126.9,4.23,3,0.1,2,0.4,1,0.03,15,3,33.333333333333329
NA Way Day 2 - October 2025,2025-10-26,2025-10-30,Filing Cabinets,Wayfair US,MFC-D2-B,0,0,87.89,17.58,90.99,3.03,0,0,1,0.2,1,0.03,15,1,100
NA Way Day 2 - October 2025,2025-10-26,2025-10-30,Filing Cabinets,Wayfair US,VF-ZH-4W,0,0,153.03,30.61,0,0,0,0,1,0.2,0,0,15,1,100
US Loyalty - Cyber Month 72H Deal Drop,2025-11-13,2025-11-16,Shelving & Racks,Wayfair US,5T-dong-183-120,590.59,19.69,95.88,23.97,294.42,9.81,6,0.2,1,0.25,3,0.1,15,11,0
US Loyalty - Cyber Month 72H Deal Drop,2025-11-13,2025-11-16,Filing Cabinets,Wayfair Canada (English),LFC-2B-680,0,0,194.49,48.62,101.01,3.37,0,0,2,0.5,1,0.03,15,6,16.666666666666664
US Loyalty - Cyber Month 72H Deal Drop,2025-11-13,2025-11-16,Filing Cabinets,Wayfair US,LFC-2W,0,0,107.86,26.97,670.19,22.34,0,0,1,0.25,7,0.23,15,1,100
US Loyalty - Cyber Month 72H Deal Drop,2025-11-13,2025-11-16,Filing Cabinets,Wayfair US,LFC-2W-680,0,0,101.52,25.38,1094.31,36.48,0,0,1,0.25,12,0.4,15,2,0
US Loyalty - Cyber Month 72H Deal Drop,2025-11-13,2025-11-16,Filing Cabinets,Wayfair Canada (English),VFC-2W,0,0,68.64,17.16,134.94,4.5,0,0,1,0.25,2,0.07,15,7,14.285714285714285
US Loyalty - Labor Day Early Access - August 2025,2025-08-21,2025-08-23,Bike And Sport Racks,Wayfair US,4T-Kayak,0,0,118.44,39.48,455.34,15.18,0,0,1,0.33,4,0.13,10,,
US Loyalty - Member Pop Up Sale,2026-01-21,2026-01-24,Bike And Sport Racks,Wayfair US,4T-Kayak,118.44,3.95,236.88,59.22,223.72,7.46,1,0.03,2,0.5,2,0.07,10,,
US Loyalty - Member Pop Up Sale,2026-01-21,2026-01-24,Shelving & Racks,Wayfair US,5T-1830-900,0,0,75.3,18.83,0,0,0,0,1,0.25,0,0,10,1,0
US Loyalty - Member Pop Up Sale,2026-01-21,2026-01-24,Filing Cabinets,Wayfair US,LFC-2B-680,988.12,32.94,95.88,23.97,197.4,6.58,10,0.33,1,0.25,2,0.07,10,2,0
US Loyalty - Member Pop Up Sale,2026-01-21,2026-01-24,Filing Cabinets,Wayfair US,LFC-3B,1049.74,34.99,131.13,32.78,280.46,9.35,9,0.3,1,0.25,3,0.1,10,1,0
US Loyalty - Member Pop Up Sale,2026-01-21,2026-01-24,Filing Cabinets,Wayfair US,LFC-3W,1014.07,33.8,131.13,32.78,1296.72,43.22,8,0.27,1,0.25,10,0.33,10,7,14.285714285714285
US Loyalty - Member Pop Up Sale,2026-01-21,2026-01-24,Filing Cabinets,Wayfair US,LFC-4B,2459.18,81.97,488.8,122.2,371.35,12.38,17,0.57,3,0.75,4,0.13,10,7,28.571428571428569
US Loyalty - Member Pop Up Sale,2026-01-21,2026-01-24,Filing Cabinets,Wayfair US,MFC-D3-B,341.5,11.38,838.95,209.74,172.72,5.76,4,0.13,10,2.5,2,0.07,10,4,25
US Loyalty - Presidents Day Early Access - Feb 2026,2026-02-05,2026-02-07,Filing Cabinets,Wayfair US,LFC-3B,963.05,32.1,123.84,41.28,0,0,9,0.3,1,0.33,0,0,10,2,50
US Loyalty - Presidents Day Early Access - Feb 2026,2026-02-05,2026-02-07,Filing Cabinets,Wayfair Canada (English),LFC-3B,0,0,384.47,128.16,128.79,4.29,0,0,3,1,1,0.03,10,8,12.5
US Loyalty - Presidents Day Early Access - Feb 2026,2026-02-05,2026-02-07,Filing Cabinets,Wayfair US,LFC-3W,906.25,30.21,123.84,41.28,910.62,30.35,7,0.23,1,0.33,7,0.23,10,5,0
US Loyalty Member Sale - September 2025,2025-09-26,2025-09-29,Bike And Sport Racks,Wayfair US,2T-Kayak,152.71,5.09,80.37,20.09,236.64,7.89,2,0.07,1,0.25,2,0.07,10,,
WFNA - Loyalty Member Sale - March 2026,2026-03-11,2026-03-14,Filing Cabinets,Wayfair US,LFC-2B,0,0,103.68,25.92,650.98,21.7,1,0.03,1,0.25,6,0.2,20,,
WFNA - Loyalty Member Sale - March 2026,2026-03-11,2026-03-14,Filing Cabinets,Wayfair US,LFC-2W-680,501.96,16.73,0,0,1370.53,45.68,5,0.17,0,0,14,0.47,20,10,10
WFNA - Loyalty Member Sale - March 2026,2026-03-11,2026-03-14,Filing Cabinets,Wayfair US,MFC-D2-B,1008.15,33.61,248.16,62.04,993.67,33.12,11,0.37,3,0.75,11,0.37,20,24,8.3333333333333321
WFNA - Loyalty Member Sale - March 2026,2026-03-11,2026-03-14,Filing Cabinets,Wayfair US,MFC-D3-B,0,0,157.92,39.48,83.89,2.8,0,0,2,0.5,1,0.03,20,27,7.4074074074074066
WFNA - Loyalty Member Sale - March 2026,2026-03-11,2026-03-14,Filing Cabinets,Wayfair US,MFC-D3-W,957.31,31.91,157.92,39.48,606.99,20.23,11,0.37,2,0.5,7,0.23,20,14,7.1428571428571423
WFNA - Loyalty Member Sale - March 2026,2026-03-11,2026-03-14,Filing Cabinets,Wayfair US,VF-ZH-4B,0,0,139.12,34.78,921.66,30.72,0,0,1,0.25,6,0.2,20,8,12.5
WFNA - Loyalty Member Sale - March 2026,2026-03-11,2026-03-14,Filing Cabinets,Wayfair US,VF-ZH-4W,0,0,139.12,34.78,147.81,4.93,0,0,1,0.25,1,0.03,20,1,0
WFUS 72 Hour Clearout - September 2025,2025-09-23,2025-09-26,Bike And Sport Racks,Wayfair US,2T-Kayak,74.12,2.47,157.18,39.3,241.11,8.04,1,0.03,2,0.5,2,0.07,12,,
WFUS 72 Hour Clearout - September 2025,2025-09-23,2025-09-26,Bike And Sport Racks,Wayfair US,4T-Kayak,455.34,15.18,115.81,28.95,473.76,15.79,4,0.13,1,0.25,4,0.13,12,,
WFUS 72 Hour Clearout - September 2025,2025-09-23,2025-09-26,Shelving & Racks,Wayfair US,5T-1830-1200,106.77,3.56,115.81,28.95,236.88,7.9,2,0.07,1,0.25,2,0.07,12,,
WFUS 72 Hour Clearout - September 2025,2025-09-23,2025-09-26,Shelving & Racks,Wayfair US,5T-1980-1200,304.56,10.15,99.27,24.82,304.56,10.15,3,0.1,1,0.25,3,0.1,12,1,0
